customer_id,gender,senior_citizen,partner,dependents,tenure,phone_service,multiple_lines,internet_service,online_security,online_backup,device_protection,tech_support,streaming_tv,streaming_movies,contract,paperless_billing,payment_method,monthly_charges,total_charges,churn,churned,tenure_group
7590-VHVEG,Female,0,True,False,1,False,No,DSL,False,True,False,False,False,False,Month-to-month,True,Electronic check,29.85,29.85,No,0,0-12
5575-GNVDE,Male,0,False,False,34,True,False,DSL,True,False,True,False,False,False,One year,False,Mailed check,56.95,1889.5,No,0,25-36
3668-QPYBK,Male,0,False,False,2,True,False,DSL,True,True,False,False,False,False,Month-to-month,True,Mailed check,53.85,108.15,Yes,1,0-12
7795-CFOCW,Male,0,False,False,45,False,No,DSL,True,False,True,True,False,False,One year,False,Bank transfer (automatic),42.3,1840.75,No,0,37-48
9237-HQITU,Female,0,False,False,2,True,False,Fiber optic,False,False,False,False,False,False,Month-to-month,True,Electronic check,70.7,151.65,Yes,1,0-12
9305-CDSKC,Female,0,False,False,8,True,True,Fiber optic,False,False,True,False,True,True,Month-to-month,True,Electronic check,99.65,820.5,Yes,1,0-12
1452-KIOVK,Male,0,False,True,22,True,True,Fiber optic,False,True,False,False,True,False,Month-to-month,True,Credit card (automatic),89.1,1949.4,No,0,13-24
6713-OKOMC,Female,0,False,False,10,False,No,DSL,True,False,False,False,False,False,Month-to-month,False,Mailed check,29.75,301.9,No,0,0-12
7892-POOKP,Female,0,True,False,28,True,True,Fiber optic,False,False,True,True,True,True,Month-to-month,True,Electronic check,104.8,3046.05,Yes,1,25-36
6388-TABGU,Male,0,False,True,62,True,False,DSL,True,True,False,False,False,False,One year,False,Bank transfer (automatic),56.15,3487.95,No,0,61-72
9763-GRSKD,Male,0,True,True,13,True,False,DSL,True,False,False,False,False,False,Month-to-month,True,Mailed check,49.95,587.45,No,0,13-24
7469-LKBCI,Male,0,False,False,16,True,False,No,No,No,No,No,No,No,Two year,False,Credit card (automatic),18.95,326.8,No,0,13-24
8091-TTVAX,Male,0,True,False,58,True,True,Fiber optic,False,False,True,False,True,True,One year,False,Credit card (automatic),100.35,5681.1,No,0,49-60
0280-XJGEX,Male,0,False,False,49,True,True,Fiber optic,False,True,True,False,True,True,Month-to-month,True,Bank transfer (automatic),103.7,5036.3,Yes,1,49-60
5129-JLPIS,Male,0,False,False,25,True,False,Fiber optic,True,False,True,True,True,True,Month-to-month,True,Electronic check,105.5,2686.05,No,0,25-36
3655-SNQYZ,Female,0,True,True,69,True,True,Fiber optic,True,True,True,True,True,True,Two year,False,Credit card (automatic),113.25,7895.15,No,0,61-72
8191-XWSZG,Female,0,False,False,52,True,False,No,No,No,No,No,No,No,One year,False,Mailed check,20.65,1022.95,No,0,49-60
9959-WOFKT,Male,0,False,True,71,True,True,Fiber optic,True,False,True,False,True,True,Two year,False,Bank transfer (automatic),106.7,7382.25,No,0,61-72
4190-MFLUW,Female,0,True,True,10,True,False,DSL,False,False,True,True,False,False,Month-to-month,False,Credit card (automatic),55.2,528.35,Yes,1,0-12
4183-MYFRB,Female,0,False,False,21,True,False,Fiber optic,False,True,True,False,False,True,Month-to-month,True,Electronic check,90.05,1862.9,No,0,13-24
8779-QRDMV,Male,1,False,False,1,False,No,DSL,False,False,True,False,False,True,Month-to-month,True,Electronic check,39.65,39.65,Yes,1,0-12
1680-VDCWW,Male,0,True,False,12,True,False,No,No,No,No,No,No,No,One year,False,Bank transfer (automatic),19.8,202.25,No,0,0-12
1066-JKSGK,Male,0,False,False,1,True,False,No,No,No,No,No,No,No,Month-to-month,False,Mailed check,20.15,20.15,Yes,1,0-12
3638-WEABW,Female,0,True,False,58,True,True,DSL,False,True,False,True,False,False,Two year,True,Credit card (automatic),59.9,3505.1,No,0,49-60
6322-HRPFA,Male,0,True,True,49,True,False,DSL,True,True,False,True,False,False,Month-to-month,False,Credit card (automatic),59.6,2970.3,No,0,49-60
6865-JZNKO,Female,0,False,False,30,True,False,DSL,True,True,False,False,False,False,Month-to-month,True,Bank transfer (automatic),55.3,1530.6,No,0,25-36
6467-CHFZW,Male,0,True,True,47,True,True,Fiber optic,False,True,False,False,True,True,Month-to-month,True,Electronic check,99.35,4749.15,Yes,1,37-48
8665-UTDHZ,Male,0,True,True,1,False,No,DSL,False,True,False,False,False,False,Month-to-month,False,Electronic check,30.2,30.2,Yes,1,0-12
5248-YGIJN,Male,0,True,False,72,True,True,DSL,True,True,True,True,True,True,Two year,True,Credit card (automatic),90.25,6369.45,No,0,61-72
8773-HHUOZ,Female,0,False,True,17,True,False,DSL,False,False,False,False,True,True,Month-to-month,True,Mailed check,64.7,1093.1,Yes,1,13-24
3841-NFECX,Female,1,True,False,71,True,True,Fiber optic,True,True,True,True,False,False,Two year,True,Credit card (automatic),96.35,6766.95,No,0,61-72
4929-XIHVW,Male,1,True,False,2,True,False,Fiber optic,False,False,True,False,True,True,Month-to-month,True,Credit card (automatic),95.5,181.65,No,0,0-12
6827-IEAUQ,Female,0,True,True,27,True,False,DSL,True,True,True,True,False,False,One year,False,Mailed check,66.15,1874.45,No,0,25-36
7310-EGVHZ,Male,0,False,False,1,True,False,No,No,No,No,No,No,No,Month-to-month,False,Bank transfer (automatic),20.2,20.2,No,0,0-12
3413-BMNZE,Male,1,False,False,1,True,False,DSL,False,False,False,False,False,False,Month-to-month,False,Bank transfer (automatic),45.25,45.25,No,0,0-12
6234-RAAPL,Female,0,True,True,72,True,True,Fiber optic,True,True,False,True,True,False,Two year,False,Bank transfer (automatic),99.9,7251.7,No,0,61-72
6047-YHPVI,Male,0,False,False,5,True,False,Fiber optic,False,False,False,False,False,False,Month-to-month,True,Electronic check,69.7,316.9,Yes,1,0-12
6572-ADKRS,Female,0,False,False,46,True,False,Fiber optic,False,False,True,False,False,False,Month-to-month,True,Credit card (automatic),74.8,3548.3,No,0,37-48
5380-WJKOV,Male,0,False,False,34,True,True,Fiber optic,False,True,True,False,True,True,Month-to-month,True,Electronic check,106.35,3549.25,Yes,1,25-36
8168-UQWWF,Female,0,False,False,11,True,True,Fiber optic,False,False,True,False,True,True,Month-to-month,True,Bank transfer (automatic),97.85,1105.4,Yes,1,0-12
8865-TNMNX,Male,0,True,True,10,True,False,DSL,False,True,False,False,False,False,One year,False,Mailed check,49.55,475.7,No,0,0-12
9489-DEDVP,Female,0,True,True,70,True,True,DSL,True,True,False,False,True,False,Two year,True,Credit card (automatic),69.2,4872.35,No,0,61-72
9867-JCZSP,Female,0,True,True,17,True,False,No,No,No,No,No,No,No,One year,False,Mailed check,20.75,418.25,No,0,13-24
4671-VJLCL,Female,0,False,False,63,True,True,DSL,True,True,True,True,True,False,Two year,True,Credit card (automatic),79.85,4861.45,No,0,61-72
4080-IIARD,Female,0,True,False,13,True,True,DSL,True,True,False,True,True,False,Month-to-month,True,Electronic check,76.2,981.45,No,0,13-24
3714-NTNFO,Female,0,False,False,49,True,True,Fiber optic,False,False,False,False,False,True,Month-to-month,True,Electronic check,84.5,3906.7,No,0,49-60
5948-UJZLF,Male,0,False,False,2,True,False,DSL,False,True,False,False,False,False,Month-to-month,False,Mailed check,49.25,97.0,No,0,0-12
7760-OYPDY,Female,0,False,False,2,True,False,Fiber optic,False,False,False,False,True,False,Month-to-month,True,Electronic check,80.65,144.15,Yes,1,0-12
7639-LIAYI,Male,0,False,False,52,True,True,DSL,True,False,False,True,True,True,Two year,True,Credit card (automatic),79.75,4217.8,No,0,49-60
2954-PIBKO,Female,0,True,True,69,True,True,DSL,True,False,True,True,False,False,Two year,True,Credit card (automatic),64.15,4254.1,No,0,61-72
8012-SOUDQ,Female,1,False,False,43,True,True,Fiber optic,False,True,False,False,True,False,Month-to-month,True,Electronic check,90.25,3838.75,No,0,37-48
9420-LOJKX,Female,0,False,False,15,True,False,Fiber optic,True,True,False,False,True,True,Month-to-month,True,Credit card (automatic),99.1,1426.4,Yes,1,13-24
6575-SUVOI,Female,1,True,False,25,True,True,DSL,True,False,False,True,True,False,Month-to-month,True,Credit card (automatic),69.5,1752.65,No,0,25-36
7495-OOKFY,Female,1,True,False,8,True,True,Fiber optic,False,True,False,False,False,False,Month-to-month,True,Credit card (automatic),80.65,633.3,Yes,1,0-12
4667-QONEA,Female,1,True,True,60,True,False,DSL,True,True,True,True,False,True,One year,True,Credit card (automatic),74.85,4456.35,No,0,49-60
1658-BYGOY,Male,1,False,False,18,True,True,Fiber optic,False,False,False,False,True,True,Month-to-month,True,Electronic check,95.45,1752.55,Yes,1,13-24
8769-KKTPH,Female,0,True,True,63,True,True,Fiber optic,True,False,False,False,True,True,One year,True,Credit card (automatic),99.65,6311.2,No,0,61-72
5067-XJQFU,Male,1,True,True,66,True,True,Fiber optic,False,True,True,True,True,True,One year,True,Electronic check,108.45,7076.35,No,0,61-72
3957-SQXML,Female,0,True,True,34,True,True,No,No,No,No,No,No,No,Two year,False,Credit card (automatic),24.95,894.3,No,0,25-36
5954-BDFSG,Female,0,False,False,72,True,True,Fiber optic,False,False,True,True,True,True,Two year,True,Credit card (automatic),107.5,7853.7,No,0,61-72
0434-CSFON,Female,0,True,False,47,True,True,Fiber optic,False,False,True,False,True,True,Month-to-month,True,Electronic check,100.5,4707.1,No,0,37-48
1215-FIGMP,Male,0,False,False,60,True,True,Fiber optic,False,True,False,False,True,False,Month-to-month,True,Bank transfer (automatic),89.9,5450.7,No,0,49-60
0526-SXDJP,Male,0,True,False,72,False,No,DSL,True,True,True,False,False,False,Two year,False,Bank transfer (automatic),42.1,2962.0,No,0,61-72
0557-ASKVU,Female,0,True,True,18,True,False,DSL,False,False,True,True,False,False,One year,True,Credit card (automatic),54.4,957.1,No,0,13-24
5698-BQJOH,Female,0,False,False,9,True,True,Fiber optic,False,False,False,False,True,True,Month-to-month,False,Electronic check,94.4,857.25,Yes,1,0-12
5122-CYFXA,Female,0,False,False,3,True,False,DSL,False,True,False,True,True,True,Month-to-month,True,Electronic check,75.3,244.1,No,0,0-12
8627-ZYGSZ,Male,0,True,False,47,True,True,Fiber optic,False,True,False,False,False,False,One year,True,Electronic check,78.9,3650.35,No,0,37-48
3410-YOQBQ,Female,0,False,False,31,True,False,DSL,False,True,True,True,True,True,Two year,False,Mailed check,79.2,2497.2,No,0,25-36
3170-NMYVV,Female,0,True,True,50,True,False,No,No,No,No,No,No,No,Two year,False,Bank transfer (automatic),20.15,930.9,No,0,49-60
7410-OIEDU,Male,0,False,False,10,True,False,Fiber optic,True,False,True,False,False,False,Month-to-month,True,Mailed check,79.85,887.35,No,0,0-12
2273-QCKXA,Male,0,False,False,1,True,False,DSL,False,False,False,True,False,False,Month-to-month,False,Mailed check,49.05,49.05,No,0,0-12
0731-EBJQB,Female,0,True,True,52,True,False,No,No,No,No,No,No,No,One year,True,Electronic check,20.4,1090.65,No,0,49-60
1891-QRQSA,Male,1,True,True,64,True,True,Fiber optic,True,False,True,True,True,True,Two year,True,Bank transfer (automatic),111.6,7099.0,No,0,61-72
8028-PNXHQ,Male,0,True,True,62,True,True,No,No,No,No,No,No,No,Two year,True,Bank transfer (automatic),24.25,1424.6,No,0,61-72
5630-AHZIL,Female,0,False,True,3,True,False,DSL,True,False,False,True,False,True,Month-to-month,True,Bank transfer (automatic),64.5,177.4,No,0,0-12
2673-CXQEU,Female,1,False,False,56,True,True,Fiber optic,True,True,True,False,True,True,One year,False,Electronic check,110.5,6139.5,No,0,49-60
6416-JNVRK,Female,0,False,False,46,True,False,DSL,False,False,False,False,False,True,One year,False,Credit card (automatic),55.65,2688.85,No,0,37-48
5590-ZSKRV,Female,0,True,True,8,True,False,DSL,True,True,False,False,False,False,Month-to-month,False,Mailed check,54.65,482.25,No,0,0-12
0191-ZHSKZ,Male,1,False,False,30,True,False,DSL,True,True,False,False,True,True,Month-to-month,True,Electronic check,74.75,2111.3,No,0,25-36
3887-PBQAO,Female,0,True,True,45,True,True,No,No,No,No,No,No,No,One year,True,Credit card (automatic),25.9,1216.6,No,0,37-48
5919-TMRGD,Female,0,False,True,1,True,False,Fiber optic,False,False,False,False,True,False,Month-to-month,True,Electronic check,79.35,79.35,Yes,1,0-12
8108-UXRQN,Female,0,True,True,11,False,No,DSL,True,False,False,False,True,True,Month-to-month,False,Electronic check,50.55,565.35,No,0,0-12
9191-MYQKX,Female,0,True,False,7,True,False,Fiber optic,False,False,True,False,False,False,Month-to-month,True,Bank transfer (automatic),75.15,496.9,Yes,1,0-12
9919-YLNNG,Female,0,False,False,42,True,False,Fiber optic,False,True,True,True,True,True,Month-to-month,True,Bank transfer (automatic),103.8,4327.5,No,0,37-48
0318-ZOPWS,Female,0,True,False,49,True,False,No,No,No,No,No,No,No,Two year,True,Bank transfer (automatic),20.15,973.35,No,0,49-60
4445-ZJNMU,Male,0,False,False,9,True,True,Fiber optic,False,True,False,False,True,True,Month-to-month,True,Credit card (automatic),99.3,918.75,No,0,0-12
4808-YNLEU,Female,0,True,False,35,True,False,DSL,True,False,False,False,True,False,One year,True,Bank transfer (automatic),62.15,2215.45,No,0,25-36
1862-QRWPE,Female,0,True,True,48,True,False,No,No,No,No,No,No,No,Two year,False,Bank transfer (automatic),20.65,1057.0,No,0,37-48
2796-NNUFI,Female,0,True,True,46,True,False,No,No,No,No,No,No,No,Two year,True,Mailed check,19.95,927.1,No,0,37-48
3016-KSVCP,Male,0,True,False,29,False,No,DSL,False,False,False,False,True,False,Month-to-month,False,Mailed check,33.75,1009.25,No,0,25-36
4767-HZZHQ,Male,0,True,True,30,True,False,Fiber optic,False,True,True,False,False,False,Month-to-month,False,Bank transfer (automatic),82.05,2570.2,No,0,25-36
2424-WVHPL,Male,1,False,False,1,True,False,Fiber optic,False,False,False,True,False,False,Month-to-month,False,Electronic check,74.7,74.7,No,0,0-12
7233-PAHHL,Male,0,True,True,66,True,True,DSL,True,False,True,True,True,True,Two year,True,Mailed check,84.0,5714.25,No,0,61-72
6067-NGCEU,Female,0,False,False,65,True,True,Fiber optic,True,True,True,False,True,True,Month-to-month,True,Credit card (automatic),111.05,7107.0,No,0,61-72
9848-JQJTX,Male,0,False,False,72,True,True,Fiber optic,False,True,True,False,True,True,Two year,True,Bank transfer (automatic),100.9,7459.05,No,0,61-72
8637-XJIVR,Female,0,False,False,12,True,True,Fiber optic,True,False,False,False,False,False,Month-to-month,True,Electronic check,78.95,927.35,Yes,1,0-12
9803-FTJCG,Male,0,True,True,71,True,True,DSL,True,True,False,True,False,False,One year,True,Credit card (automatic),66.85,4748.7,No,0,61-72
0278-YXOOG,Male,0,False,False,5,True,False,No,No,No,No,No,No,No,Month-to-month,False,Mailed check,21.05,113.85,Yes,1,0-12
3212-KXOCR,Male,0,False,False,52,True,False,No,No,No,No,No,No,No,Two year,False,Bank transfer (automatic),21.0,1107.2,No,0,49-60
4598-XLKNJ,Female,1,True,False,25,True,False,Fiber optic,False,True,True,False,True,True,Month-to-month,True,Electronic check,98.5,2514.5,Yes,1,25-36
6380-ARCEH,Male,0,False,False,1,True,False,No,No,No,No,No,No,No,Month-to-month,False,Mailed check,20.2,20.2,No,0,0-12
3679-XASPY,Female,0,True,True,1,True,False,No,No,No,No,No,No,No,Month-to-month,False,Electronic check,19.45,19.45,No,0,0-12
7123-WQUHX,Male,0,False,False,38,True,True,Fiber optic,False,False,True,True,True,False,One year,False,Bank transfer (automatic),95.0,3605.6,No,0,37-48
5386-THSLQ,Female,1,True,False,66,False,No,DSL,False,True,True,False,True,False,One year,False,Bank transfer (automatic),45.55,3027.25,No,0,61-72
3192-NQECA,Male,0,True,False,68,True,True,Fiber optic,False,True,True,True,True,True,Two year,True,Bank transfer (automatic),110.0,7611.85,Yes,1,61-72
6180-YBIQI,Male,0,False,False,5,False,No,DSL,False,False,False,False,False,False,Month-to-month,False,Mailed check,24.3,100.2,No,0,0-12
6728-DKUCO,Female,0,True,True,72,True,True,Fiber optic,True,True,False,False,True,True,One year,True,Electronic check,104.15,7303.05,No,0,61-72
9750-BOOHV,Female,0,False,False,32,False,No,DSL,True,False,False,False,False,False,One year,False,Mailed check,30.15,927.65,No,0,25-36
8597-CWYHH,Male,0,False,False,43,True,True,Fiber optic,False,False,False,False,True,True,One year,False,Mailed check,94.35,3921.3,No,0,37-48
2848-YXSMW,Male,0,True,True,72,True,False,No,No,No,No,No,No,No,Two year,False,Credit card (automatic),19.4,1363.25,No,0,61-72
0486-HECZI,Male,0,True,False,55,True,True,Fiber optic,True,True,False,False,True,False,Month-to-month,True,Electronic check,96.75,5238.9,Yes,1,49-60
4549-ZDQYY,Female,0,False,False,52,True,False,DSL,True,False,True,True,False,False,One year,False,Credit card (automatic),57.95,3042.25,No,0,49-60
5712-AHQNN,Female,0,False,False,43,True,False,Fiber optic,False,True,True,False,True,False,Month-to-month,True,Electronic check,91.65,3954.1,No,0,37-48
4846-WHAFZ,Female,1,True,False,37,True,True,Fiber optic,False,False,False,False,False,False,Month-to-month,True,Electronic check,76.5,2868.15,Yes,1,37-48
5256-SKJGO,Female,0,True,True,64,False,No,DSL,False,True,False,True,True,True,Two year,True,Electronic check,54.6,3423.5,No,0,61-72
3071-VBYPO,Male,0,True,True,3,True,False,Fiber optic,True,True,False,False,True,False,Month-to-month,False,Electronic check,89.85,248.4,No,0,0-12
9560-BBZXK,Female,0,False,False,36,False,No,DSL,True,False,False,False,False,False,Two year,False,Bank transfer (automatic),31.05,1126.35,No,0,25-36
5299-RULOA,Female,0,True,True,10,True,True,Fiber optic,True,False,False,False,True,True,Month-to-month,True,Electronic check,100.25,1064.65,Yes,1,0-12
8402-OOOHJ,Female,0,False,False,41,True,False,No,No,No,No,No,No,No,Two year,False,Mailed check,20.65,835.15,No,0,37-48
9445-ZUEQE,Male,0,True,True,27,True,True,Fiber optic,False,True,False,True,False,False,Month-to-month,True,Credit card (automatic),85.2,2151.6,No,0,25-36
1091-SOZGA,Female,0,True,True,56,True,True,Fiber optic,False,False,True,False,True,True,One year,True,Credit card (automatic),99.8,5515.45,No,0,49-60
2928-HLDBA,Female,0,False,False,6,True,False,No,No,No,No,No,No,No,Month-to-month,False,Mailed check,20.7,112.75,No,0,0-12
0404-SWRVG,Male,0,False,False,3,True,True,Fiber optic,False,False,False,False,False,False,Month-to-month,True,Electronic check,74.4,229.55,Yes,1,0-12
6497-TILVL,Female,0,True,True,7,True,False,DSL,True,False,False,False,False,False,Month-to-month,False,Mailed check,50.7,350.35,No,0,0-12
7219-TLZHO,Female,0,True,True,4,True,False,No,No,No,No,No,No,No,Month-to-month,False,Mailed check,20.85,62.9,No,0,0-12
4622-YNKIJ,Male,0,False,False,33,True,False,Fiber optic,True,False,False,True,True,False,Two year,True,Electronic check,88.95,3027.65,No,0,25-36
4412-YLTKF,Female,1,False,False,27,True,True,Fiber optic,False,False,True,False,False,False,Month-to-month,True,Electronic check,78.05,2135.5,Yes,1,25-36
6734-PSBAW,Male,0,True,False,72,True,True,No,No,No,No,No,No,No,Two year,True,Bank transfer (automatic),23.55,1723.95,No,0,61-72
3930-ZGWVE,Male,0,False,False,1,True,False,No,No,No,No,No,No,No,Month-to-month,False,Mailed check,19.75,19.75,No,0,0-12
2639-UGMAZ,Male,1,False,False,71,False,No,DSL,True,True,False,False,True,True,One year,True,Electronic check,56.45,3985.35,No,0,61-72
2876-GZYZC,Female,0,False,False,13,True,True,Fiber optic,False,False,False,False,False,True,Month-to-month,True,Electronic check,85.95,1215.65,No,0,13-24
6207-WIOLX,Female,0,True,True,25,False,No,DSL,True,True,True,False,True,True,Month-to-month,True,Credit card (automatic),58.6,1502.65,Yes,1,25-36
8587-XYZSF,Male,0,False,False,67,True,False,DSL,False,False,False,True,False,False,Two year,False,Bank transfer (automatic),50.55,3260.1,No,0,61-72
3091-FYHKI,Male,0,False,False,1,False,No,DSL,False,False,False,False,False,True,Month-to-month,True,Electronic check,35.45,35.45,Yes,1,0-12
2372-HWUHI,Male,0,False,False,2,True,False,DSL,False,False,False,False,False,False,Month-to-month,False,Electronic check,44.35,81.25,Yes,1,0-12
7799-LGRDP,Female,0,False,False,43,True,True,No,No,No,No,No,No,No,Two year,True,Credit card (automatic),25.7,1188.2,No,0,37-48
7850-VWJUU,Female,0,False,False,23,True,False,Fiber optic,True,False,False,False,False,False,Month-to-month,True,Bank transfer (automatic),75.0,1778.5,No,0,13-24
3774-VBNXY,Female,0,True,True,64,True,False,No,No,No,No,No,No,No,Two year,False,Mailed check,20.2,1277.75,No,0,61-72
6217-KDYWC,Male,0,False,True,57,True,False,No,No,No,No,No,No,No,Two year,True,Mailed check,19.6,1170.55,No,0,49-60
0390-DCFDQ,Female,1,True,False,1,True,False,Fiber optic,False,False,False,False,False,False,Month-to-month,True,Mailed check,70.45,70.45,Yes,1,0-12
3146-MSEGF,Female,1,True,True,72,True,True,DSL,True,True,True,True,True,True,Two year,True,Credit card (automatic),88.05,6425.65,No,0,61-72
4080-OGPJL,Female,0,False,False,8,True,True,DSL,True,False,False,True,False,True,Month-to-month,False,Electronic check,71.15,563.65,Yes,1,0-12
1095-WGNGG,Female,0,True,False,61,True,True,Fiber optic,False,True,False,False,True,True,Two year,True,Bank transfer (automatic),101.05,5971.25,No,0,61-72
2636-SJDOU,Male,0,False,False,64,True,True,Fiber optic,True,True,False,False,False,False,One year,True,Credit card (automatic),84.3,5289.05,No,0,61-72
1131-QQZEB,Male,1,True,False,71,True,True,No,No,No,No,No,No,No,Two year,False,Bank transfer (automatic),23.95,1756.2,No,0,61-72
5716-EZXZN,Female,0,True,True,65,True,True,Fiber optic,True,True,False,True,True,False,Two year,True,Credit card (automatic),99.05,6416.7,No,0,61-72
6837-BJYDQ,Male,0,False,False,3,True,False,No,No,No,No,No,No,No,One year,False,Mailed check,19.6,61.35,No,0,0-12
2135-RXIHG,Male,0,False,False,1,True,False,DSL,False,False,False,False,False,False,Month-to-month,True,Electronic check,45.65,45.65,Yes,1,0-12
6440-DKQGE,Male,0,False,True,30,True,False,DSL,False,True,True,False,True,False,One year,False,Credit card (automatic),64.5,1929.95,No,0,25-36
3466-BYAVD,Male,0,True,True,15,True,False,DSL,False,True,True,True,False,True,Month-to-month,True,Mailed check,69.5,1071.4,No,0,13-24
3780-YVMFA,Female,0,True,True,8,True,False,DSL,False,False,False,True,True,True,Month-to-month,True,Electronic check,68.55,564.35,No,0,0-12
3874-EQOEP,Male,0,False,False,7,True,True,Fiber optic,False,False,False,False,True,True,Month-to-month,False,Mailed check,95.0,655.5,Yes,1,0-12
1679-JRFBR,Female,0,True,True,70,True,True,Fiber optic,True,True,True,False,True,True,One year,True,Credit card (automatic),108.15,7930.55,No,0,61-72
9073-ZZIAY,Male,0,True,True,62,True,False,DSL,True,True,True,True,True,True,Two year,False,Electronic check,86.1,5215.25,No,0,61-72
3077-RSNTJ,Female,0,True,True,6,True,False,No,No,No,No,No,No,No,Month-to-month,False,Mailed check,19.7,113.5,No,0,0-12
6551-GNYDG,Female,0,True,True,14,True,False,Fiber optic,False,False,False,False,False,True,Month-to-month,True,Bank transfer (automatic),80.9,1152.8,No,0,13-24
9167-APMXZ,Female,0,False,False,22,True,True,Fiber optic,False,False,False,False,True,False,Month-to-month,True,Bank transfer (automatic),84.15,1821.95,No,0,13-24
2749-CTKAJ,Male,0,True,True,22,True,False,No,No,No,No,No,No,No,One year,False,Mailed check,20.15,419.9,No,0,13-24
6371-NZYEG,Male,0,True,True,16,True,False,DSL,True,False,True,False,True,False,Two year,False,Mailed check,64.25,1024.0,No,0,13-24
7554-NEWDD,Male,0,False,False,10,True,True,No,No,No,No,No,No,No,Two year,False,Bank transfer (automatic),25.7,251.6,No,0,0-12
8992-VONJD,Female,0,False,True,13,True,False,DSL,True,True,False,False,False,False,Month-to-month,True,Electronic check,56.0,764.55,No,0,13-24
0867-MKZVY,Female,0,True,False,20,True,True,Fiber optic,True,False,False,False,False,False,Month-to-month,False,Electronic check,82.4,1592.35,Yes,1,13-24
4482-EWFMI,Female,0,False,False,2,True,False,Fiber optic,False,False,False,False,False,False,Month-to-month,True,Electronic check,69.7,135.2,No,0,0-12
4648-YPBTM,Male,0,False,False,53,True,True,DSL,False,True,True,True,False,True,Two year,True,Bank transfer (automatic),73.9,3958.25,No,0,49-60
2907-ILJBN,Female,0,True,True,11,True,False,No,No,No,No,No,No,No,One year,False,Mailed check,20.6,233.9,No,0,0-12
6345-FZOQH,Male,0,True,False,69,True,False,No,No,No,No,No,No,No,Two year,False,Mailed check,19.9,1363.45,No,0,61-72
3376-BMGFE,Female,0,False,False,4,True,False,Fiber optic,False,False,False,False,False,False,Month-to-month,True,Bank transfer (automatic),70.9,273.0,Yes,1,0-12
5997-OPVFA,Male,0,True,False,72,True,True,DSL,True,True,True,True,True,True,Two year,True,Bank transfer (automatic),89.05,6254.45,No,0,61-72
3445-HXXGF,Male,1,True,False,58,False,No,DSL,False,True,True,False,False,True,Month-to-month,True,Electronic check,45.3,2651.2,Yes,1,49-60
1159-WFSGR,Female,0,True,True,16,True,False,No,No,No,No,No,No,No,Month-to-month,False,Electronic check,20.4,321.4,No,0,13-24
7654-YWJUF,Male,0,True,False,43,True,False,Fiber optic,True,False,True,True,False,False,One year,True,Bank transfer (automatic),84.25,3539.25,No,0,37-48
1875-QIVME,Female,0,True,False,2,True,True,Fiber optic,False,False,True,True,True,True,Month-to-month,True,Electronic check,104.4,242.8,Yes,1,0-12
6727-IOTLZ,Male,0,True,False,14,True,False,DSL,False,True,True,True,True,True,Two year,False,Mailed check,81.95,1181.75,No,0,13-24
0691-JVSYA,Female,0,True,False,53,True,False,Fiber optic,False,False,True,False,True,True,One year,True,Bank transfer (automatic),94.85,5000.2,Yes,1,49-60
5918-VUKWP,Female,0,False,False,32,True,False,No,No,No,No,No,No,No,One year,False,Bank transfer (automatic),20.55,654.55,No,0,25-36
1744-JHKYS,Female,0,True,False,34,True,True,No,No,No,No,No,No,No,Month-to-month,False,Electronic check,24.7,780.2,No,0,25-36
2656-FMOKZ,Female,1,False,False,15,True,True,Fiber optic,False,False,False,False,False,False,Month-to-month,True,Mailed check,74.45,1145.7,Yes,1,13-24
2070-FNEXE,Female,1,False,False,7,True,False,Fiber optic,True,False,False,False,False,False,Month-to-month,False,Bank transfer (automatic),76.45,503.6,Yes,1,0-12
5947-SGKCL,Female,0,True,True,15,True,True,Fiber optic,False,True,True,False,True,True,Month-to-month,True,Bank transfer (automatic),105.35,1559.25,No,0,13-24
3712-PKXZA,Male,0,True,False,61,True,False,No,No,No,No,No,No,No,One year,True,Credit card (automatic),20.55,1252.0,No,0,61-72
6317-YPKDH,Female,0,False,False,1,False,No,DSL,False,True,False,False,False,False,Month-to-month,False,Bank transfer (automatic),29.95,29.95,Yes,1,0-12
6582-OIVSP,Female,0,False,False,1,True,False,DSL,False,False,False,False,False,False,Month-to-month,False,Mailed check,45.3,45.3,No,0,0-12
9367-WXLCH,Male,0,False,False,8,True,True,Fiber optic,False,False,False,False,False,True,Month-to-month,False,Bank transfer (automatic),84.5,662.65,Yes,1,0-12
5524-KHNJP,Male,0,True,True,33,True,False,DSL,True,False,True,False,True,True,One year,False,Credit card (automatic),74.75,2453.3,No,0,25-36
1918-ZBFQJ,Female,0,False,False,13,True,False,Fiber optic,False,True,True,False,False,False,Month-to-month,True,Electronic check,79.25,1111.65,Yes,1,13-24
1024-GUALD,Female,0,True,False,1,False,No,DSL,False,False,False,False,False,False,Month-to-month,True,Electronic check,24.8,24.8,Yes,1,0-12
4827-USJHP,Male,0,False,False,20,True,False,DSL,False,True,False,False,False,False,Month-to-month,True,Mailed check,51.8,1023.85,No,0,13-24
8167-GJLRN,Male,0,False,False,3,False,No,DSL,False,False,False,True,False,False,Month-to-month,False,Electronic check,30.4,82.15,No,0,0-12
0956-SYCWG,Female,0,False,False,13,True,False,No,No,No,No,No,No,No,One year,False,Electronic check,19.65,244.8,No,0,13-24
8017-UVSZU,Female,0,True,False,40,True,True,DSL,False,True,False,False,False,False,Month-to-month,False,Credit card (automatic),56.6,2379.1,No,0,37-48
7100-FQPRV,Male,0,True,True,43,True,True,DSL,True,False,False,True,False,True,One year,True,Credit card (automatic),71.9,3173.35,No,0,37-48
2472-OVKUP,Male,0,True,False,6,True,False,Fiber optic,False,True,True,False,False,True,Month-to-month,True,Electronic check,91.0,531.0,Yes,1,0-12
2984-RGEYA,Female,0,True,True,69,True,False,No,No,No,No,No,No,No,Two year,False,Bank transfer (automatic),19.75,1375.4,No,0,61-72
9680-NIAUV,Female,0,True,True,72,True,True,Fiber optic,True,True,True,False,True,True,Two year,False,Credit card (automatic),109.7,8129.3,No,0,61-72
2146-EGVDT,Male,0,True,True,59,True,False,No,No,No,No,No,No,No,Two year,False,Credit card (automatic),19.3,1192.7,No,0,49-60
2604-IJPDU,Female,0,True,False,20,True,False,Fiber optic,True,True,False,True,True,False,Month-to-month,True,Electronic check,96.55,1901.65,No,0,13-24
9178-JHUVJ,Male,0,True,True,24,True,True,No,No,No,No,No,No,No,Two year,True,Bank transfer (automatic),24.1,587.4,No,0,13-24
6168-YBYNP,Male,0,False,False,59,True,True,Fiber optic,False,True,True,True,True,True,Month-to-month,True,Electronic check,111.35,6519.75,No,0,49-60
7255-SSFBC,Male,0,True,True,72,True,True,Fiber optic,False,True,True,True,True,True,Two year,True,Bank transfer (automatic),112.25,8041.65,No,0,61-72
3645-DEYGF,Male,0,False,True,1,True,False,No,No,No,No,No,No,No,Month-to-month,False,Mailed check,20.75,20.75,No,0,0-12
9323-HGFWY,Female,0,True,False,27,True,False,Fiber optic,True,False,False,True,True,True,One year,True,Credit card (automatic),101.9,2681.15,No,0,25-36
8544-GOQSH,Female,0,False,False,14,True,False,Fiber optic,False,True,False,True,False,False,Month-to-month,True,Credit card (automatic),80.05,1112.3,No,0,13-24
3363-DTIVD,Male,0,True,True,71,True,True,Fiber optic,True,False,True,False,True,True,Two year,False,Electronic check,105.55,7405.5,No,0,61-72
7018-WBJNK,Male,0,False,True,13,True,False,Fiber optic,False,False,False,False,True,False,Month-to-month,True,Credit card (automatic),78.3,1033.95,No,0,13-24
9142-KZXOP,Male,0,False,False,44,True,False,Fiber optic,False,False,False,False,False,False,Month-to-month,False,Credit card (automatic),68.85,2958.95,No,0,37-48
7674-YTAFD,Female,0,False,False,33,True,False,Fiber optic,False,True,False,True,False,False,One year,True,Bank transfer (automatic),79.95,2684.85,No,0,25-36
6348-SNFUS,Male,0,True,True,72,False,No,DSL,True,True,True,True,False,True,Two year,True,Credit card (automatic),55.45,4179.2,No,0,61-72
1285-OKIPP,Male,0,False,False,1,True,False,Fiber optic,False,False,False,False,False,True,Month-to-month,False,Electronic check,79.9,79.9,Yes,1,0-12
7825-ECJRF,Female,0,False,False,19,True,False,Fiber optic,True,False,True,True,True,True,Month-to-month,True,Electronic check,106.6,1934.45,Yes,1,13-24
1347-KTTTA,Male,0,True,False,64,True,False,Fiber optic,False,True,True,True,True,True,One year,True,Credit card (automatic),102.45,6654.1,No,0,61-72
7841-TZDMQ,Male,0,False,False,2,True,False,DSL,False,False,False,False,False,False,Month-to-month,True,Credit card (automatic),46.0,84.5,Yes,1,0-12
4195-NZGTA,Female,0,False,False,1,False,No,DSL,False,False,False,False,False,False,Month-to-month,False,Electronic check,25.25,25.25,No,0,0-12
7157-SMCFK,Male,0,False,True,61,True,False,No,No,No,No,No,No,No,Two year,False,Mailed check,19.75,1124.2,No,0,61-72
4709-LKHYG,Female,0,True,True,29,True,False,No,No,No,No,No,No,No,One year,False,Electronic check,20.0,540.05,No,0,25-36
2504-DSHIH,Male,1,True,False,23,True,True,Fiber optic,False,False,False,False,False,True,Month-to-month,False,Electronic check,86.8,1975.85,No,0,13-24
0699-NDKJM,Female,0,True,False,57,False,No,DSL,True,True,True,False,True,True,Month-to-month,True,Bank transfer (automatic),58.75,3437.45,No,0,49-60
9286-BHDQG,Male,0,True,True,72,False,No,DSL,True,True,True,True,False,False,Two year,False,Credit card (automatic),45.25,3139.8,No,0,61-72
0230-WEQUW,Male,0,True,False,66,False,No,DSL,True,True,True,True,True,False,Two year,True,Bank transfer (automatic),56.6,3789.2,No,0,61-72
2040-LDIWQ,Male,0,True,True,65,True,True,DSL,False,True,True,True,True,True,Two year,True,Bank transfer (automatic),84.2,5324.5,No,0,61-72
6496-JDSSB,Female,0,False,False,8,True,False,Fiber optic,False,False,False,False,True,False,Month-to-month,True,Bank transfer (automatic),80.0,624.6,No,0,0-12
9408-SSNVZ,Female,0,False,False,4,True,False,Fiber optic,False,False,False,False,False,False,Month-to-month,True,Electronic check,70.15,268.35,Yes,1,0-12
4443-EMBNA,Female,0,True,False,71,True,True,No,No,No,No,No,No,No,Two year,False,Bank transfer (automatic),24.75,1836.9,No,0,61-72
6469-MRVET,Male,0,True,True,1,True,False,No,No,No,No,No,No,No,One year,True,Electronic check,20.2,20.2,No,0,0-12
0742-MOABM,Male,0,True,False,4,True,False,DSL,False,False,False,True,False,False,Month-to-month,False,Mailed check,50.05,179.35,Yes,1,0-12
5961-VUSRV,Female,0,False,False,12,True,False,No,No,No,No,No,No,No,One year,True,Bank transfer (automatic),19.35,219.35,No,0,0-12
6778-JFCMK,Male,0,False,False,24,False,No,DSL,True,False,False,False,True,True,One year,True,Mailed check,50.6,1288.75,No,0,13-24
6341-JVQGF,Female,0,True,True,31,True,False,DSL,True,False,True,True,True,True,One year,True,Mailed check,81.15,2545.75,No,0,25-36
2232-DMLXU,Female,0,True,False,1,True,False,DSL,False,False,False,False,True,False,Month-to-month,False,Mailed check,55.2,55.2,Yes,1,0-12
4811-JBUVU,Male,0,False,False,30,True,True,Fiber optic,False,False,False,True,False,True,Month-to-month,True,Credit card (automatic),89.9,2723.15,No,0,25-36
0945-TSONX,Female,0,True,True,47,True,True,DSL,True,True,False,True,True,True,Two year,True,Credit card (automatic),85.3,4107.25,No,0,37-48
2651-ZCBXV,Male,0,False,False,54,True,True,Fiber optic,True,True,False,True,True,True,Two year,True,Credit card (automatic),108.0,5760.65,No,0,49-60
3316-UWXUY,Male,0,False,False,50,True,False,Fiber optic,True,True,False,True,False,True,Month-to-month,True,Credit card (automatic),93.5,4747.5,No,0,49-60
8937-RDTHP,Male,0,False,False,1,True,False,Fiber optic,True,False,False,False,False,True,Month-to-month,True,Mailed check,84.6,84.6,Yes,1,0-12
7083-MIOPC,Female,0,False,False,72,True,False,No,No,No,No,No,No,No,Two year,False,Credit card (automatic),20.25,1566.9,No,0,61-72
1984-GPTEH,Female,0,False,False,29,True,True,No,No,No,No,No,No,No,Month-to-month,False,Electronic check,25.15,702.0,No,0,25-36
1251-KRREG,Male,0,False,False,2,True,True,DSL,False,True,False,False,False,False,Month-to-month,True,Mailed check,54.4,114.1,Yes,1,0-12
0621-JFHOL,Female,0,False,False,10,False,No,DSL,False,False,False,True,False,False,Two year,True,Mailed check,29.6,299.05,No,0,0-12
9903-LYSAB,Male,0,True,False,18,True,True,Fiber optic,False,False,False,False,False,False,Month-to-month,True,Electronic check,73.15,1305.95,No,0,13-24
0094-OIFMO,Female,1,False,False,11,True,False,Fiber optic,False,True,False,False,True,True,Month-to-month,True,Electronic check,95.0,1120.3,Yes,1,0-12
9227-UAQFT,Male,0,False,False,16,True,False,No,No,No,No,No,No,No,Two year,False,Mailed check,19.75,284.35,No,0,13-24
7301-ABVAD,Female,0,False,False,72,True,True,DSL,False,True,True,True,True,True,Two year,False,Bank transfer (automatic),86.6,6350.5,No,0,61-72
6614-FHDBO,Male,0,False,False,72,True,True,Fiber optic,False,True,True,True,True,True,Two year,False,Bank transfer (automatic),109.2,7878.3,No,0,61-72
7576-ASEJU,Female,0,True,True,41,True,False,DSL,True,False,False,True,True,True,One year,True,Credit card (automatic),74.7,3187.65,No,0,37-48
9058-HRZSV,Female,1,True,False,65,True,False,Fiber optic,True,True,True,False,False,True,Month-to-month,False,Electronic check,94.4,6126.15,No,0,61-72
4522-AKYLR,Female,1,False,False,13,True,False,DSL,False,True,True,False,False,False,Month-to-month,True,Electronic check,54.8,731.3,No,0,13-24
0221-WMXNQ,Male,1,False,False,4,True,False,Fiber optic,True,False,False,False,False,False,Month-to-month,False,Electronic check,75.35,273.4,No,0,0-12
0303-UNCIP,Male,0,False,False,41,True,True,DSL,False,False,True,False,False,True,One year,False,Mailed check,65.0,2531.8,No,0,37-48
9947-OTFQU,Male,1,False,False,15,True,False,Fiber optic,False,True,False,False,False,False,Month-to-month,True,Electronic check,74.4,1074.3,Yes,1,13-24
0322-YINQP,Male,0,False,False,1,True,False,DSL,True,False,False,False,False,False,Month-to-month,True,Mailed check,48.55,48.55,Yes,1,0-12
0959-WHOKV,Male,0,False,False,42,True,True,Fiber optic,True,True,True,False,False,True,One year,True,Electronic check,99.0,4298.45,No,0,37-48
4075-JFPGR,Female,0,True,False,51,True,False,Fiber optic,True,True,True,False,True,False,One year,True,Electronic check,93.5,4619.55,No,0,49-60
4629-NRXKX,Female,0,True,True,2,True,False,Fiber optic,False,False,False,False,False,False,Month-to-month,False,Electronic check,70.4,147.15,Yes,1,0-12
9514-JDSKI,Male,1,True,False,1,False,No,DSL,False,True,False,False,True,False,Month-to-month,False,Electronic check,40.2,40.2,Yes,1,0-12
3282-ZISZV,Male,0,False,True,32,True,True,DSL,False,True,True,True,True,True,One year,False,Credit card (automatic),83.7,2633.3,No,0,25-36
3675-YDUPJ,Male,0,False,False,10,True,False,No,No,No,No,No,No,No,Month-to-month,True,Mailed check,19.85,193.05,No,0,0-12
4111-BNXIF,Female,0,True,True,67,False,No,DSL,False,True,True,True,True,True,Two year,True,Electronic check,59.55,4103.9,No,0,61-72
7017-VFHAY,Female,0,True,True,61,True,True,Fiber optic,True,True,True,True,True,True,Two year,False,Credit card (automatic),115.1,7008.15,No,0,61-72
6655-LHBYW,Male,0,False,False,50,True,True,Fiber optic,True,True,True,True,True,True,One year,False,Credit card (automatic),114.35,5791.1,No,0,49-60
4959-JOSRX,Female,0,True,False,2,True,False,DSL,False,False,False,False,False,False,Month-to-month,True,Credit card (automatic),44.6,80.55,Yes,1,0-12
5046-NUHWD,Female,1,True,False,29,False,No,DSL,True,False,True,False,False,True,Month-to-month,True,Electronic check,45.0,1228.65,No,0,25-36
7273-TEFQD,Male,1,False,False,3,False,No,DSL,False,False,True,False,False,True,Month-to-month,True,Electronic check,41.15,132.2,Yes,1,0-12
3606-TWKGI,Male,1,False,False,13,True,True,Fiber optic,False,True,True,False,True,True,Month-to-month,True,Electronic check,106.9,1364.3,Yes,1,13-24
7529-ZDFXI,Male,1,True,False,57,True,True,Fiber optic,False,True,False,False,False,True,Month-to-month,True,Electronic check,89.85,4925.35,No,0,49-60
7605-BDWDC,Female,0,False,False,31,False,No,DSL,True,True,False,True,False,True,Two year,True,Bank transfer (automatic),49.85,1520.1,No,0,25-36
1950-KSVVJ,Female,0,True,False,45,True,True,Fiber optic,True,True,True,True,True,True,One year,False,Mailed check,113.3,5032.25,No,0,37-48
0123-CRBRT,Female,0,True,True,61,True,True,DSL,True,True,True,True,True,True,Two year,False,Mailed check,88.1,5526.75,No,0,61-72
6292-TOSSS,Male,0,False,False,50,True,True,No,No,No,No,No,No,No,Two year,False,Bank transfer (automatic),24.9,1195.25,No,0,49-60
3197-ARFOY,Female,1,False,False,19,True,False,Fiber optic,True,True,False,True,True,True,Month-to-month,True,Mailed check,105.0,2007.25,No,0,13-24
6323-AYBRX,Male,0,False,False,59,True,False,No,No,No,No,No,No,No,Two year,False,Mailed check,19.35,1099.6,Yes,1,49-60
7014-ZZXAW,Female,0,True,False,71,True,True,No,No,No,No,No,No,No,Two year,True,Credit card (automatic),24.25,1732.95,No,0,61-72
4385-GZQXV,Female,1,False,False,16,True,False,Fiber optic,False,False,False,True,True,True,Month-to-month,True,Electronic check,94.45,1511.2,Yes,1,13-24
7633-MVPUY,Male,0,True,False,57,True,False,DSL,True,True,False,True,False,False,Two year,True,Electronic check,59.75,3450.15,No,0,49-60
6366-ZGQGL,Male,0,False,False,1,False,No,DSL,False,False,False,False,False,False,Month-to-month,False,Bank transfer (automatic),24.8,24.8,Yes,1,0-12
4716-HHKQH,Male,1,True,False,20,True,True,Fiber optic,False,True,False,True,True,True,Month-to-month,False,Electronic check,107.05,2172.05,No,0,13-24
5940-AHUHD,Male,0,False,False,1,True,False,Fiber optic,False,False,False,False,False,False,Month-to-month,False,Mailed check,70.6,70.6,Yes,1,0-12
6432-TWQLB,Male,0,True,False,5,True,True,Fiber optic,False,True,False,True,False,False,Month-to-month,True,Electronic check,85.4,401.1,Yes,1,0-12
4484-GLZOU,Female,0,True,False,52,True,True,Fiber optic,False,True,True,False,True,True,Month-to-month,True,Electronic check,105.05,5624.85,Yes,1,49-60
3179-GBRWV,Male,1,True,False,21,True,False,DSL,True,True,False,False,False,True,Month-to-month,True,Bank transfer (automatic),64.95,1339.8,No,0,13-24
8645-KWHJO,Male,0,False,False,14,False,No,DSL,False,False,True,True,True,True,Month-to-month,True,Electronic check,55.0,771.95,No,0,13-24
4130-MZLCC,Female,0,False,False,5,True,False,DSL,False,True,False,False,False,False,Month-to-month,False,Bank transfer (automatic),50.55,244.75,No,0,0-12
0314-TKOSI,Female,0,False,False,6,True,False,DSL,True,True,False,False,False,False,Month-to-month,False,Mailed check,55.15,322.9,No,0,0-12
8229-MYEJZ,Female,0,False,False,10,True,False,DSL,False,True,False,False,False,False,Month-to-month,False,Electronic check,51.2,498.25,No,0,0-12
2080-SRCDE,Female,0,False,True,1,True,True,No,No,No,No,No,No,No,Month-to-month,False,Mailed check,25.4,25.4,No,0,0-12
9577-WJVCQ,Female,0,False,False,68,True,True,DSL,True,False,False,False,False,False,Month-to-month,False,Mailed check,54.45,3687.75,No,0,61-72
9512-UIBFX,Male,0,True,True,18,True,False,Fiber optic,False,False,True,False,True,True,Month-to-month,False,Mailed check,95.15,1779.95,Yes,1,13-24
6202-DYYFX,Female,0,False,False,22,True,True,Fiber optic,False,False,False,False,False,False,One year,True,Credit card (automatic),76.0,1783.6,No,0,13-24
3808-HFKDE,Female,0,False,False,20,True,False,DSL,False,False,False,False,False,False,Month-to-month,True,Electronic check,44.35,927.15,No,0,13-24
5583-SXDAG,Male,0,True,False,1,True,False,Fiber optic,False,False,False,False,False,False,Month-to-month,False,Electronic check,70.0,70.0,Yes,1,0-12
3488-PGMQJ,Male,1,False,False,8,True,False,Fiber optic,False,True,False,False,False,False,Month-to-month,True,Electronic check,74.5,606.55,Yes,1,0-12
3580-REOAC,Male,0,False,False,10,True,False,DSL,False,False,False,False,False,False,Month-to-month,True,Credit card (automatic),44.85,435.4,Yes,1,0-12
7534-BFESC,Male,1,False,False,24,True,True,Fiber optic,False,False,False,False,False,False,Month-to-month,True,Electronic check,76.1,1712.7,Yes,1,13-24
3727-OWVYD,Male,0,False,False,35,True,False,DSL,True,True,True,False,False,False,One year,False,Mailed check,61.2,2021.2,No,0,25-36
2294-SALNE,Male,0,True,True,23,True,False,Fiber optic,False,True,True,True,False,False,One year,False,Mailed check,86.8,1940.8,No,0,13-24
4847-TAJYI,Female,1,False,False,6,True,False,Fiber optic,False,False,False,False,True,True,Month-to-month,True,Electronic check,89.35,567.8,No,0,0-12
1563-IWQEX,Female,0,False,False,12,True,False,No,No,No,No,No,No,No,Month-to-month,False,Mailed check,19.7,220.35,No,0,0-12
8203-XJZRC,Male,0,False,False,1,True,False,No,No,No,No,No,No,No,Month-to-month,False,Mailed check,20.25,20.25,No,0,0-12
6556-DBKZF,Female,0,True,True,71,True,False,Fiber optic,False,False,True,False,False,False,Two year,False,Electronic check,76.05,5436.45,No,0,61-72
6851-WEFYX,Male,1,True,False,35,True,True,Fiber optic,False,False,True,False,True,True,Month-to-month,True,Electronic check,100.8,3437.5,No,0,25-36
2985-JUUBZ,Male,0,True,True,40,True,True,DSL,False,False,True,False,True,True,Month-to-month,True,Electronic check,74.55,3015.75,No,0,37-48
6390-DSAZX,Female,0,False,True,1,True,False,Fiber optic,True,False,False,False,False,False,Month-to-month,True,Mailed check,73.6,73.6,Yes,1,0-12
0895-LMRSF,Male,0,False,False,23,True,False,DSL,False,False,False,False,True,True,One year,True,Bank transfer (automatic),64.9,1509.8,No,0,13-24
8098-LLAZX,Female,1,False,False,4,True,True,Fiber optic,False,False,False,False,True,True,Month-to-month,True,Electronic check,95.45,396.1,Yes,1,0-12
8266-VBFQL,Male,0,False,False,4,True,False,Fiber optic,False,False,True,True,False,True,Month-to-month,True,Electronic check,90.4,356.65,No,0,0-12
8181-YHCMF,Female,0,True,True,68,False,No,DSL,False,True,True,True,True,True,Two year,False,Credit card (automatic),60.3,4109.0,No,0,61-72
2240-HSJQD,Male,0,False,True,38,True,True,Fiber optic,False,True,False,False,False,False,Month-to-month,True,Mailed check,81.85,3141.7,No,0,37-48
1248-DYXUB,Male,0,True,True,52,True,True,No,No,No,No,No,No,No,Two year,False,Mailed check,24.8,1229.1,No,0,49-60
0265-EDXBD,Male,1,True,False,32,True,True,Fiber optic,False,False,False,False,False,False,Month-to-month,True,Electronic check,74.9,2303.35,Yes,1,25-36
4115-BNPJY,Male,0,True,True,29,True,False,DSL,False,False,True,True,True,True,Two year,False,Mailed check,75.55,2054.4,No,0,25-36
3167-SNQPL,Male,1,True,True,38,True,True,Fiber optic,False,True,False,False,True,True,Month-to-month,False,Electronic check,101.15,3741.85,No,0,37-48
4091-TVOCN,Male,0,False,True,48,True,True,DSL,True,False,True,False,True,True,One year,True,Credit card (automatic),78.75,3682.45,No,0,37-48
1098-TDVUQ,Female,0,False,False,1,True,False,No,No,No,No,No,No,No,Month-to-month,True,Bank transfer (automatic),19.25,19.25,No,0,0-12
7277-OZCGZ,Female,0,False,False,22,True,False,Fiber optic,True,False,False,True,False,True,Month-to-month,True,Electronic check,89.05,1886.25,No,0,13-24
1557-EMYVT,Female,0,False,False,43,True,True,Fiber optic,True,True,True,True,True,True,Two year,False,Credit card (automatic),115.05,4895.1,No,0,37-48
2799-ARNLO,Female,1,True,False,5,True,False,Fiber optic,False,False,False,False,False,False,Month-to-month,True,Electronic check,69.35,341.6,No,0,0-12
7563-BIUPC,Male,0,False,False,5,True,False,Fiber optic,False,False,False,False,True,False,Month-to-month,True,Electronic check,80.6,415.55,Yes,1,0-12
5027-YOCXN,Male,0,True,True,51,True,True,Fiber optic,True,True,False,True,True,True,One year,False,Credit card (automatic),110.05,5686.4,No,0,49-60
3973-SKMLN,Male,0,False,False,71,True,False,No,No,No,No,No,No,No,Two year,True,Credit card (automatic),19.9,1355.1,No,0,61-72
2321-OMBXY,Female,0,True,True,38,True,False,DSL,True,True,False,True,True,True,One year,False,Credit card (automatic),80.3,3058.65,Yes,1,37-48
2840-XANRC,Male,1,True,False,24,True,False,Fiber optic,False,False,True,False,True,True,Month-to-month,True,Electronic check,93.15,2231.05,Yes,1,13-24
6745-JEFZB,Male,0,True,False,35,True,True,Fiber optic,False,False,False,True,True,False,Month-to-month,True,Credit card (automatic),91.5,3236.35,No,0,25-36
5020-ZSTTY,Female,1,False,False,54,True,True,DSL,True,True,False,True,True,True,One year,False,Bank transfer (automatic),82.45,4350.1,Yes,1,49-60
9880-TDQAC,Female,0,True,True,72,False,No,DSL,False,True,True,True,True,True,Two year,True,Electronic check,60.0,4264.0,No,0,61-72
8705-WZCYL,Male,0,False,False,1,True,False,DSL,False,False,False,False,False,False,Month-to-month,True,Electronic check,44.8,44.8,No,0,0-12
7102-JJVTX,Female,0,True,True,9,True,False,DSL,True,False,False,False,False,False,One year,False,Mailed check,48.6,422.3,No,0,0-12
8626-PTQGE,Male,0,False,False,69,False,No,DSL,True,True,False,True,True,True,Two year,True,Bank transfer (automatic),60.05,4176.7,No,0,61-72
4983-CLMLV,Female,0,True,False,52,True,True,Fiber optic,False,True,False,True,True,True,Month-to-month,True,Credit card (automatic),102.7,5138.1,No,0,49-60
5701-YVSVF,Female,1,True,False,11,True,False,Fiber optic,False,False,False,True,True,False,Month-to-month,True,Electronic check,82.9,880.05,No,0,0-12
5804-LEPIM,Female,1,False,False,2,True,False,Fiber optic,False,False,False,False,False,False,Month-to-month,True,Electronic check,70.35,139.05,Yes,1,0-12
5697-GOMBF,Female,1,True,True,28,False,No,DSL,False,False,False,False,True,False,Month-to-month,True,Electronic check,35.9,973.65,No,0,25-36
2739-CACDQ,Female,1,False,False,17,True,True,Fiber optic,False,False,True,False,False,False,Month-to-month,True,Credit card (automatic),82.65,1470.05,No,0,13-24
9385-EHGDO,Female,0,True,True,35,True,False,No,No,No,No,No,No,No,Two year,True,Mailed check,19.85,739.35,No,0,25-36
9498-FIMXL,Female,0,False,False,8,True,False,No,No,No,No,No,No,No,One year,True,Mailed check,19.2,161.95,No,0,0-12
2379-GYFLQ,Male,0,False,False,46,True,True,Fiber optic,False,True,True,False,True,False,One year,True,Credit card (automatic),94.9,4422.95,No,0,37-48
0122-OAHPZ,Female,0,False,False,7,True,True,Fiber optic,False,False,False,False,False,False,Month-to-month,True,Electronic check,73.85,511.25,Yes,1,0-12
2868-SNELZ,Female,0,False,False,2,True,True,Fiber optic,False,False,True,False,False,False,Month-to-month,False,Mailed check,80.6,155.8,Yes,1,0-12
4322-RCYMT,Male,0,True,True,68,True,True,DSL,False,True,True,True,False,True,One year,True,Bank transfer (automatic),75.8,5293.95,Yes,1,61-72
6680-NENYN,Female,0,False,False,43,True,True,Fiber optic,False,True,True,False,True,True,Two year,True,Electronic check,104.6,4759.85,Yes,1,37-48
2088-IEBAU,Female,0,False,False,68,True,True,DSL,True,True,True,True,True,True,Two year,True,Electronic check,88.15,6148.45,No,0,61-72
7982-VCELR,Female,0,False,False,36,True,False,Fiber optic,False,True,False,False,True,True,Month-to-month,True,Credit card (automatic),94.8,3565.65,No,0,25-36
1343-EHPYB,Male,0,True,False,63,True,True,Fiber optic,False,True,True,False,True,True,Month-to-month,True,Electronic check,103.4,6603.0,Yes,1,61-72
6035-BXTTY,Female,1,False,False,32,True,False,DSL,False,True,False,True,False,False,Month-to-month,False,Bank transfer (automatic),54.65,1830.1,No,0,25-36
6885-PKOAM,Female,0,True,False,71,True,True,DSL,True,True,True,True,True,True,Two year,False,Credit card (automatic),85.75,6223.8,No,0,61-72
7520-HQWJU,Female,0,True,True,66,True,True,DSL,True,True,True,False,False,False,Month-to-month,True,Bank transfer (automatic),67.45,4508.65,No,0,61-72
9639-BUJXT,Male,0,False,False,63,True,False,No,No,No,No,No,No,No,One year,False,Mailed check,20.5,1328.15,No,0,61-72
5924-SNGKP,Female,0,False,True,41,True,False,No,No,No,No,No,No,No,One year,True,Credit card (automatic),20.25,865.0,No,0,37-48
0021-IKXGC,Female,1,False,False,1,True,True,Fiber optic,False,False,False,False,False,False,Month-to-month,True,Electronic check,72.1,72.1,No,0,0-12
2034-GDRCN,Female,0,False,False,2,True,False,Fiber optic,False,False,False,False,True,True,Month-to-month,True,Electronic check,90.4,168.2,Yes,1,0-12
8966-SNIZF,Female,0,True,False,70,True,False,No,No,No,No,No,No,No,Two year,False,Bank transfer (automatic),19.45,1303.5,No,0,61-72
6243-OZGFH,Female,0,False,False,23,False,No,DSL,False,False,False,False,True,True,Month-to-month,True,Electronic check,44.95,996.85,No,0,13-24
4654-DLAMQ,Female,1,True,False,64,True,False,Fiber optic,True,True,True,False,False,True,One year,False,Bank transfer (automatic),97.0,6430.9,No,0,61-72
0513-RBGPE,Male,0,True,True,37,True,True,DSL,True,False,True,True,False,False,Two year,True,Credit card (automatic),62.8,2278.75,No,0,37-48
5160-UXJED,Male,0,False,True,17,True,False,DSL,False,False,False,False,False,False,One year,False,Mailed check,44.6,681.4,No,0,13-24
4115-NZRKS,Female,1,False,False,7,True,False,Fiber optic,False,False,False,False,True,True,Month-to-month,True,Electronic check,89.15,574.35,No,0,0-12
0219-YTZUE,Male,0,True,True,4,True,True,Fiber optic,False,True,True,False,False,False,Month-to-month,True,Bank transfer (automatic),84.8,371.9,Yes,1,0-12
0623-IIHUG,Female,1,False,False,21,False,No,DSL,True,False,False,False,True,False,Month-to-month,True,Electronic check,41.9,840.1,Yes,1,13-24
4572-DVCGN,Female,0,False,False,10,True,False,Fiber optic,False,False,False,False,False,True,Month-to-month,True,Bank transfer (automatic),80.25,846.0,Yes,1,0-12
3351-NGXYI,Female,1,False,False,16,True,True,DSL,True,False,False,False,False,False,Month-to-month,True,Electronic check,54.1,889.0,No,0,13-24
8984-EYLLL,Male,0,True,False,64,True,True,Fiber optic,False,True,False,True,True,True,Two year,True,Electronic check,105.25,6823.4,No,0,61-72
9057-MSWCO,Male,1,True,False,27,False,No,DSL,True,False,False,False,False,False,Month-to-month,False,Credit card (automatic),30.75,805.1,Yes,1,25-36
9833-TGFHX,Male,0,True,True,42,True,True,Fiber optic,True,False,False,False,True,True,One year,False,Electronic check,97.1,4016.75,No,0,37-48
9294-TDIPC,Male,0,False,True,5,True,False,No,No,No,No,No,No,No,Month-to-month,False,Mailed check,20.2,83.75,No,0,0-12
5229-DTFYB,Female,0,False,False,41,True,False,Fiber optic,False,True,False,True,True,True,Two year,True,Bank transfer (automatic),98.8,3959.15,No,0,37-48
0104-PPXDV,Male,0,True,False,58,True,False,DSL,False,False,True,False,False,False,One year,False,Credit card (automatic),50.3,2878.55,No,0,49-60
5176-LMJXE,Female,0,False,False,47,True,False,No,No,No,No,No,No,No,Two year,True,Mailed check,20.55,945.7,No,0,37-48
3583-KRKMD,Male,0,False,False,18,True,False,Fiber optic,False,False,False,True,False,False,Month-to-month,True,Bank transfer (automatic),75.9,1373.05,No,0,13-24
1010-DIAUQ,Male,0,False,False,5,True,False,Fiber optic,False,False,True,False,True,True,Month-to-month,False,Bank transfer (automatic),96.5,492.55,Yes,1,0-12
9069-LGEUL,Male,0,True,False,23,True,False,DSL,True,False,False,False,False,True,Month-to-month,True,Bank transfer (automatic),59.95,1406.0,No,0,13-24
7302-ZHMHP,Female,0,False,False,1,True,False,No,No,No,No,No,No,No,Month-to-month,False,Mailed check,19.15,19.15,No,0,0-12
9571-EDEBV,Male,0,True,False,71,True,True,Fiber optic,False,False,True,False,True,True,One year,True,Credit card (automatic),98.65,6962.85,No,0,61-72
3520-FJGCV,Male,0,True,True,72,True,True,Fiber optic,True,True,True,True,True,True,Two year,True,Credit card (automatic),112.6,8126.65,No,0,61-72
6563-VRERX,Male,0,True,True,33,True,False,No,No,No,No,No,No,No,One year,False,Mailed check,20.6,690.25,No,0,25-36
0259-GBZSH,Male,0,False,False,2,True,True,Fiber optic,False,False,False,False,True,False,Month-to-month,True,Electronic check,85.65,181.5,Yes,1,0-12
6122-EFVKN,Male,0,False,True,24,False,No,DSL,True,False,False,True,False,False,Two year,False,Mailed check,35.75,830.8,No,0,13-24
2805-EDJPQ,Female,0,True,True,56,True,True,Fiber optic,False,True,True,True,False,True,One year,True,Credit card (automatic),99.75,5608.4,No,0,49-60
6862-CQUMB,Male,0,False,False,37,True,False,Fiber optic,False,True,False,False,True,True,Month-to-month,True,Credit card (automatic),96.1,3646.8,No,0,37-48
7156-MXBJE,Female,0,False,False,43,True,True,DSL,False,True,True,True,True,True,One year,False,Credit card (automatic),85.1,3662.25,No,0,37-48
6158-HDPXZ,Male,0,False,False,1,False,No,DSL,False,False,False,False,False,False,Month-to-month,False,Mailed check,25.35,25.35,No,0,0-12
9601-BRXPO,Female,0,True,False,25,True,True,Fiber optic,False,False,True,True,True,True,Month-to-month,True,Bank transfer (automatic),104.95,2566.5,Yes,1,25-36
2863-IMQDR,Female,0,False,False,61,True,True,DSL,True,True,True,True,True,True,Two year,False,Electronic check,89.65,5308.7,No,0,61-72
5686-CMAWK,Male,0,False,False,17,True,True,Fiber optic,False,False,True,True,False,False,One year,False,Electronic check,86.75,1410.25,No,0,13-24
5651-CRHKQ,Female,0,True,False,41,True,False,Fiber optic,False,True,True,True,False,False,One year,True,Bank transfer (automatic),86.2,3339.05,No,0,37-48
6905-NIQIN,Male,0,False,False,1,True,False,DSL,False,True,False,False,False,False,Month-to-month,False,Mailed check,50.65,50.65,Yes,1,0-12
8204-YJCLA,Male,1,True,True,72,False,No,DSL,True,True,True,True,True,True,Two year,True,Bank transfer (automatic),64.8,4732.35,No,0,61-72
5167-ZFFMM,Male,0,False,False,1,True,True,Fiber optic,False,True,False,False,False,True,Month-to-month,True,Credit card (automatic),90.85,90.85,Yes,1,0-12
6583-SZVGP,Male,0,False,False,48,True,True,Fiber optic,False,True,True,False,True,True,Two year,True,Bank transfer (automatic),108.1,5067.45,No,0,37-48
4895-TMWIR,Male,1,True,False,11,True,False,No,No,No,No,No,No,No,Month-to-month,False,Mailed check,19.95,214.75,Yes,1,0-12
0533-BNWKF,Female,1,True,False,55,True,True,Fiber optic,False,True,True,False,False,False,Month-to-month,True,Electronic check,85.45,4874.7,Yes,1,49-60
1708-PBBOA,Female,0,False,False,42,False,No,DSL,True,True,True,True,False,True,One year,True,Electronic check,54.75,2348.45,No,0,37-48
8782-LKFPK,Male,0,False,False,44,True,True,Fiber optic,False,False,True,False,False,True,Month-to-month,True,Mailed check,90.4,4063.0,No,0,37-48
5522-JBWMO,Male,0,False,True,1,True,False,DSL,False,False,False,False,False,False,Month-to-month,False,Electronic check,44.0,44.0,No,0,0-12
3597-MVHJT,Female,0,False,False,27,True,True,Fiber optic,False,False,False,False,True,True,Month-to-month,True,Bank transfer (automatic),95.6,2595.25,No,0,25-36
9774-NRNAU,Male,1,True,False,27,True,True,DSL,False,True,True,True,True,True,Month-to-month,True,Bank transfer (automatic),84.8,2309.55,No,0,25-36
0224-RLWWD,Female,1,False,False,2,True,False,DSL,False,False,False,False,False,False,Month-to-month,True,Electronic check,44.3,89.3,No,0,0-12
9967-ATRFS,Female,0,False,False,19,True,False,No,No,No,No,No,No,No,Month-to-month,False,Mailed check,19.9,367.55,No,0,13-24
3951-NJCVI,Female,1,True,False,42,True,True,Fiber optic,False,False,False,False,True,True,Month-to-month,True,Electronic check,95.05,3944.5,No,0,37-48
2977-CEBSX,Female,0,False,False,66,True,True,DSL,True,True,True,True,True,True,Two year,True,Credit card (automatic),90.05,5965.95,No,0,61-72
0177-PXBAT,Male,1,True,False,33,True,True,Fiber optic,True,False,True,True,True,True,Month-to-month,True,Bank transfer (automatic),109.9,3694.7,No,0,25-36
6599-CEBNN,Female,0,False,False,34,True,False,Fiber optic,False,True,False,False,False,False,Month-to-month,True,Credit card (automatic),73.95,2524.45,Yes,1,25-36
2519-ERQOJ,Male,1,False,False,33,False,No,DSL,False,False,True,True,True,True,Month-to-month,True,Electronic check,54.6,1803.7,No,0,25-36
5876-QMYLD,Female,0,True,True,23,True,False,No,No,No,No,No,No,No,One year,False,Mailed check,20.05,415.1,No,0,13-24
2277-AXSDC,Female,0,False,False,32,True,False,No,No,No,No,No,No,No,One year,False,Bank transfer (automatic),19.75,624.15,No,0,25-36
9442-JTWDL,Female,0,False,False,11,True,False,No,No,No,No,No,No,No,One year,False,Credit card (automatic),20.05,237.7,No,0,0-12
0979-PHULV,Male,0,True,True,69,True,True,Fiber optic,False,False,True,False,True,True,Month-to-month,True,Credit card (automatic),99.45,7007.6,Yes,1,61-72
3067-SVMTC,Female,0,True,False,68,True,False,DSL,True,False,False,True,False,False,One year,False,Bank transfer (automatic),55.9,3848.8,No,0,61-72
5495-GPSRW,Male,0,False,False,20,True,False,No,No,No,No,No,No,No,Two year,True,Mailed check,19.7,419.4,No,0,13-24
7606-BPHHN,Male,0,False,False,72,True,False,No,No,No,No,No,No,No,Two year,True,Credit card (automatic),19.8,1468.75,No,0,61-72
4742-DRORA,Male,0,True,True,60,True,True,Fiber optic,True,False,True,False,True,False,One year,True,Bank transfer (automatic),95.4,5812.0,No,0,49-60
0111-KLBQG,Male,1,True,True,32,True,False,Fiber optic,False,True,False,False,True,True,Month-to-month,True,Mailed check,93.95,2861.45,No,0,25-36
4800-VHZKI,Female,0,False,False,1,True,False,No,No,No,No,No,No,No,Month-to-month,True,Mailed check,19.9,19.9,Yes,1,0-12
7989-CHGTL,Male,0,False,False,1,True,False,No,No,No,No,No,No,No,Month-to-month,True,Mailed check,19.6,19.6,Yes,1,0-12
0334-GDDSO,Male,1,False,False,3,True,True,Fiber optic,False,True,False,False,False,False,Month-to-month,True,Electronic check,81.35,233.7,Yes,1,0-12
4163-NCJAK,Female,0,True,False,46,True,True,No,No,No,No,No,No,No,One year,True,Bank transfer (automatic),24.45,1066.15,No,0,37-48
5233-AOZUF,Female,0,True,False,29,True,True,Fiber optic,False,False,False,False,False,False,Month-to-month,True,Electronic check,74.95,2149.05,No,0,25-36
5973-EJGDP,Male,0,False,False,51,True,True,Fiber optic,False,True,True,True,False,False,Month-to-month,True,Electronic check,87.35,4473.0,No,0,49-60
1996-DBMUS,Female,1,True,False,48,True,False,Fiber optic,False,False,False,False,False,False,Month-to-month,True,Bank transfer (automatic),70.65,3545.05,No,0,37-48
7916-VCCPB,Female,0,True,True,16,True,False,Fiber optic,False,True,False,False,False,False,Month-to-month,False,Bank transfer (automatic),73.25,1195.75,No,0,13-24
4686-GEFRM,Male,0,True,False,70,True,True,Fiber optic,False,True,True,True,False,True,Two year,True,Bank transfer (automatic),98.7,6858.9,No,0,61-72
5249-QYHEX,Female,0,True,True,40,True,True,No,No,No,No,No,No,No,Two year,True,Mailed check,24.8,1024.7,No,0,37-48
0578-SKVMF,Female,0,True,True,22,True,False,Fiber optic,False,True,False,False,False,True,Month-to-month,False,Electronic check,83.3,1845.9,Yes,1,13-24
5564-NEMQO,Female,1,False,False,1,True,False,Fiber optic,False,False,True,False,False,False,Month-to-month,True,Bank transfer (automatic),75.3,75.3,Yes,1,0-12
2233-FAGXV,Female,0,True,True,5,True,True,No,No,No,No,No,No,No,Month-to-month,True,Mailed check,24.3,132.25,No,0,0-12
5605-IYGFG,Female,0,False,False,7,True,False,Fiber optic,False,False,False,False,False,False,Month-to-month,True,Bank transfer (automatic),69.85,515.45,No,0,0-12
7663-ZTEGJ,Male,0,False,True,29,True,True,Fiber optic,False,True,True,True,False,True,One year,False,Credit card (automatic),100.55,2830.45,No,0,25-36
3935-TBRZZ,Male,0,True,True,44,True,True,No,No,No,No,No,No,No,One year,False,Mailed check,25.7,1110.5,No,0,37-48
8111-BKVDS,Female,0,False,False,10,False,No,DSL,True,True,True,False,False,False,Month-to-month,False,Bank transfer (automatic),40.7,449.3,No,0,0-12
2055-SIFSS,Female,1,True,False,55,True,True,DSL,False,False,False,False,False,False,Month-to-month,False,Bank transfer (automatic),51.65,2838.55,No,0,49-60
2806-MLNTI,Male,1,True,False,52,True,True,Fiber optic,False,True,True,False,True,True,One year,True,Bank transfer (automatic),105.1,5376.4,No,0,49-60
8734-DKSTZ,Female,0,True,True,10,True,True,Fiber optic,False,False,False,False,False,True,Month-to-month,False,Electronic check,85.95,858.6,No,0,0-12
4360-PNRQB,Male,0,False,False,18,True,True,Fiber optic,False,False,False,False,False,False,Month-to-month,True,Bank transfer (automatic),75.6,1395.05,No,0,13-24
6152-ONASV,Female,0,True,False,68,True,True,DSL,True,False,False,True,False,False,One year,False,Bank transfer (automatic),58.25,3975.7,No,0,61-72
9063-ZGTUY,Female,0,True,True,61,True,False,No,No,No,No,No,No,No,Month-to-month,True,Mailed check,19.4,1182.55,Yes,1,61-72
7781-HVGMK,Female,0,True,True,72,False,No,DSL,True,True,True,True,True,True,Two year,True,Credit card (automatic),65.2,4784.45,No,0,61-72
2181-UAESM,Male,0,False,False,2,True,False,DSL,True,False,True,False,False,False,Month-to-month,False,Electronic check,53.45,119.5,No,0,0-12
2957-LOLHO,Male,0,False,False,12,True,False,DSL,False,False,False,False,False,False,Month-to-month,True,Bank transfer (automatic),45.4,518.9,Yes,1,0-12
6048-NJXHX,Male,0,True,False,41,True,False,No,No,No,No,No,No,No,Two year,True,Electronic check,19.75,899.45,No,0,37-48
2320-SLKMB,Female,0,False,False,26,False,No,DSL,False,False,True,True,True,False,Month-to-month,True,Credit card (automatic),44.45,1183.8,No,0,25-36
4980-URKXC,Male,0,True,False,36,True,False,No,No,No,No,No,No,No,One year,False,Bank transfer (automatic),20.85,720.05,No,0,25-36
4376-KFVRS,Male,0,True,True,72,True,True,Fiber optic,True,True,True,True,True,True,Two year,True,Credit card (automatic),114.05,8468.2,No,0,61-72
5886-VLQVU,Male,0,True,False,35,True,True,Fiber optic,False,False,False,True,False,True,Month-to-month,True,Bank transfer (automatic),89.85,3161.2,No,0,25-36
3577-AMVUX,Male,0,False,False,1,True,False,DSL,False,False,True,True,False,False,Month-to-month,False,Mailed check,55.05,55.05,No,0,0-12
0771-WLCLA,Female,0,True,True,16,True,True,Fiber optic,True,False,True,True,True,True,Month-to-month,True,Electronic check,112.95,1882.55,No,0,13-24
5628-RKIFK,Female,1,False,False,49,True,True,Fiber optic,True,False,False,False,True,True,Month-to-month,False,Credit card (automatic),101.55,5070.4,No,0,49-60
0206-TBWLC,Female,0,True,False,54,True,True,Fiber optic,True,True,True,True,True,True,One year,True,Mailed check,114.65,6049.5,No,0,49-60
2937-FTHUR,Female,0,False,True,18,True,True,DSL,True,False,False,False,False,True,Month-to-month,False,Electronic check,64.8,1166.7,No,0,13-24
1910-FMXJM,Female,0,True,False,36,True,False,Fiber optic,False,False,False,False,False,True,Month-to-month,False,Electronic check,80.4,2937.65,No,0,25-36
7752-XUSCI,Female,0,False,False,60,True,True,Fiber optic,False,True,True,False,True,True,Month-to-month,True,Electronic check,105.9,6396.45,Yes,1,49-60
4110-PFEUZ,Female,0,False,False,1,True,False,Fiber optic,False,False,False,False,False,False,Month-to-month,False,Mailed check,69.55,69.55,Yes,1,0-12
0732-OCQOC,Female,0,True,True,52,True,True,No,No,No,No,No,No,No,Two year,True,Bank transfer (automatic),25.05,1270.25,No,0,49-60
5168-MSWXT,Male,0,True,True,8,True,False,Fiber optic,False,False,True,False,True,True,Month-to-month,True,Electronic check,94.75,759.55,No,0,0-12
1090-ESELR,Male,0,True,True,72,True,False,Fiber optic,True,True,False,True,True,True,Two year,False,Bank transfer (automatic),105.5,7611.55,No,0,61-72
8592-PLTMQ,Female,0,False,False,64,True,True,No,No,No,No,No,No,No,One year,False,Mailed check,24.7,1642.75,No,0,61-72
5760-WRAHC,Female,1,False,False,22,True,False,DSL,True,False,True,True,False,True,Month-to-month,True,Mailed check,69.75,1545.4,No,0,13-24
8847-GEOOQ,Male,0,True,False,60,False,No,DSL,False,True,True,True,True,True,Month-to-month,True,Bank transfer (automatic),60.2,3582.4,No,0,49-60
0256-LTHVJ,Female,0,True,True,28,True,False,Fiber optic,False,False,False,False,False,True,Month-to-month,True,Electronic check,81.05,2227.1,Yes,1,25-36
4785-FCIFB,Female,0,True,False,61,True,True,No,No,No,No,No,No,No,Two year,False,Mailed check,24.4,1417.9,No,0,61-72
8313-NDOIA,Female,0,False,False,24,True,True,Fiber optic,False,True,True,False,True,True,Month-to-month,True,Electronic check,104.15,2494.65,No,0,13-24
5149-CUZUJ,Male,0,True,True,28,True,False,Fiber optic,False,True,True,True,True,False,One year,False,Bank transfer (automatic),92.9,2768.35,No,0,25-36
0942-KOWSM,Female,0,True,True,30,True,False,DSL,False,True,True,True,True,True,Two year,False,Bank transfer (automatic),80.8,2369.3,No,0,25-36
4237-CLSMM,Male,0,True,False,2,True,False,No,No,No,No,No,No,No,Month-to-month,False,Mailed check,20.0,38.0,No,0,0-12
1452-VOQCH,Male,0,False,False,1,True,True,Fiber optic,False,False,False,False,False,False,Month-to-month,True,Electronic check,75.1,75.1,No,0,0-12
4719-UMSIY,Male,0,False,True,6,True,False,No,No,No,No,No,No,No,Month-to-month,False,Mailed check,19.65,100.9,No,0,0-12
6614-VBEGU,Female,0,True,False,24,True,False,DSL,False,True,False,False,True,True,Month-to-month,True,Bank transfer (automatic),69.45,1614.05,No,0,13-24
0880-TKATG,Male,0,True,True,4,True,True,Fiber optic,False,False,True,False,True,True,Month-to-month,False,Electronic check,101.15,385.9,Yes,1,0-12
3811-VBYBZ,Male,0,False,False,7,True,True,Fiber optic,False,True,False,False,True,True,Month-to-month,True,Electronic check,99.8,673.25,Yes,1,0-12
1480-BKXGA,Male,1,True,False,72,True,True,Fiber optic,True,True,True,True,True,True,Two year,True,Bank transfer (automatic),116.05,8404.9,No,0,61-72
2996-XAUVF,Male,0,False,False,70,False,No,DSL,False,False,False,True,False,True,Two year,True,Mailed check,40.05,2799.75,No,0,61-72
9076-AXYIK,Male,1,True,False,64,True,True,Fiber optic,False,False,True,True,True,True,Two year,False,Electronic check,102.1,6538.45,No,0,61-72
5968-XQIVE,Male,0,True,True,72,True,True,Fiber optic,False,True,False,False,True,False,One year,True,Electronic check,89.7,6588.95,No,0,61-72
8896-RAZCR,Female,0,False,True,44,True,False,No,No,No,No,No,No,No,Two year,False,Mailed check,19.9,868.1,No,0,37-48
4640-UHDOS,Female,0,True,True,13,True,False,DSL,False,False,False,False,False,True,Month-to-month,False,Electronic check,55.95,734.35,Yes,1,13-24
4933-IKULF,Female,1,False,False,17,True,False,No,No,No,No,No,No,No,One year,False,Mailed check,20.65,330.6,No,0,13-24
3583-EKAPL,Male,0,False,False,1,True,False,DSL,False,False,False,False,False,True,Month-to-month,True,Electronic check,55.0,55.0,Yes,1,0-12
1304-BCCFO,Male,0,True,False,9,True,False,DSL,False,False,True,False,True,True,Month-to-month,True,Mailed check,70.05,564.4,No,0,0-12
4104-PVRPS,Male,0,True,False,24,True,False,DSL,True,False,False,True,False,False,Month-to-month,False,Mailed check,53.6,1315.35,No,0,13-24
9399-APLBT,Female,0,True,True,1,True,False,Fiber optic,False,True,False,False,False,False,Month-to-month,True,Electronic check,74.7,74.7,Yes,1,0-12
2359-KMGLI,Male,0,False,False,24,True,True,Fiber optic,False,True,False,False,False,False,Month-to-month,True,Electronic check,80.25,1861.5,Yes,1,13-24
3780-DDGSE,Male,1,True,True,35,True,False,DSL,False,True,False,True,True,True,Month-to-month,True,Electronic check,76.05,2747.2,No,0,25-36
4431-EDMIQ,Female,0,True,True,7,True,False,DSL,True,True,True,True,True,False,Month-to-month,True,Electronic check,75.7,554.05,No,0,0-12
0306-JAELE,Male,0,False,False,5,True,False,Fiber optic,False,False,False,True,True,True,Month-to-month,True,Electronic check,96.1,453.4,Yes,1,0-12
6227-HWPWX,Female,0,False,True,15,True,False,Fiber optic,False,False,False,False,False,False,Month-to-month,False,Bank transfer (automatic),69.0,994.8,Yes,1,13-24
0486-LGCCH,Male,0,True,True,11,True,False,No,No,No,No,No,No,No,Two year,False,Mailed check,19.65,225.75,No,0,0-12
0447-BEMNG,Female,0,True,False,48,False,No,DSL,True,False,True,False,False,True,Month-to-month,True,Bank transfer (automatic),45.3,2145.0,Yes,1,37-48
4612-SSVHJ,Female,1,False,False,20,True,False,Fiber optic,False,False,False,False,False,True,Month-to-month,True,Electronic check,81.45,1671.6,No,0,13-24
5168-MQQCA,Female,0,True,False,72,True,True,Fiber optic,False,True,True,True,True,True,One year,True,Bank transfer (automatic),108.5,8003.8,No,0,61-72
5949-XIKAE,Female,0,True,True,8,True,False,Fiber optic,False,True,False,False,True,False,Month-to-month,True,Electronic check,83.55,680.05,Yes,1,0-12
7971-HLVXI,Male,0,True,True,72,True,True,Fiber optic,False,False,False,False,False,True,Two year,True,Credit card (automatic),84.5,6130.85,No,0,61-72
9094-AZPHK,Female,0,False,False,15,True,True,Fiber optic,False,True,False,False,True,True,Month-to-month,True,Electronic check,100.15,1415.0,No,0,13-24
3649-JPUGY,Male,0,False,False,72,True,True,DSL,False,True,True,True,True,True,Two year,True,Bank transfer (automatic),88.6,6201.95,No,0,61-72
4472-LVYGI,Female,0,True,True,0,False,No,DSL,True,False,True,True,True,False,Two year,True,Bank transfer (automatic),52.55,,No,0,0-12
8372-JUXUI,Male,0,False,True,1,True,True,Fiber optic,False,False,False,False,False,False,Month-to-month,True,Electronic check,74.35,74.35,Yes,1,0-12
3552-CTCYF,Male,0,True,True,63,True,True,Fiber optic,False,True,True,False,True,True,Two year,True,Bank transfer (automatic),104.8,6597.25,No,0,61-72
6778-YSNIH,Female,0,False,False,2,True,False,DSL,False,True,False,False,True,False,Month-to-month,True,Electronic check,59.0,114.15,No,0,0-12
0388-EOPEX,Female,0,True,False,2,True,False,Fiber optic,True,False,False,False,False,False,Month-to-month,True,Electronic check,74.4,139.4,Yes,1,0-12
5756-OZRIO,Male,1,True,False,61,True,True,DSL,False,True,False,False,False,True,One year,False,Bank transfer (automatic),64.05,3902.6,No,0,61-72
6579-JPICP,Male,0,False,False,1,True,False,No,No,No,No,No,No,No,Month-to-month,False,Mailed check,20.4,20.4,No,0,0-12
8205-OTCHB,Male,0,False,False,22,False,No,DSL,False,True,True,False,False,True,One year,True,Bank transfer (automatic),43.75,903.6,Yes,1,13-24
4134-BSXLX,Male,0,True,False,28,True,False,DSL,True,True,False,True,False,False,Month-to-month,False,Mailed check,60.9,1785.65,No,0,25-36
0505-SPOOW,Female,0,True,False,70,True,False,No,No,No,No,No,No,No,Two year,False,Bank transfer (automatic),19.8,1397.65,No,0,61-72
6235-VDHOM,Female,1,False,False,5,False,No,DSL,False,True,False,False,False,False,Month-to-month,False,Electronic check,28.45,131.05,Yes,1,0-12
7783-YKGDV,Female,0,False,False,12,True,True,Fiber optic,True,True,True,False,False,True,Month-to-month,True,Bank transfer (automatic),99.7,1238.45,Yes,1,0-12
4374-YMUSQ,Male,0,False,False,34,True,True,Fiber optic,True,True,True,True,True,True,One year,False,Credit card (automatic),116.25,3899.05,No,0,25-36
4513-CXYIX,Female,1,True,False,71,True,True,Fiber optic,True,False,False,False,False,False,Two year,True,Credit card (automatic),80.7,5676.0,No,0,61-72
3957-HHLMR,Female,0,True,True,70,True,True,DSL,True,False,False,False,False,True,One year,False,Bank transfer (automatic),65.2,4543.15,No,0,61-72
7803-XOCCZ,Female,0,True,True,52,True,False,Fiber optic,True,False,True,True,False,False,Month-to-month,True,Bank transfer (automatic),84.05,4326.8,No,0,49-60
5736-YEJAX,Male,0,False,True,69,True,True,DSL,True,True,True,True,True,False,Two year,True,Credit card (automatic),79.45,5502.55,No,0,61-72
5609-CEBID,Female,1,False,False,20,True,True,Fiber optic,False,True,True,False,False,True,Month-to-month,True,Electronic check,94.1,1782.4,Yes,1,13-24
8981-FJGLA,Male,0,False,True,11,True,True,Fiber optic,False,False,True,False,False,False,Month-to-month,True,Mailed check,78.0,851.8,No,0,0-12
7218-HKQFK,Male,0,True,False,2,True,False,Fiber optic,False,False,False,True,True,True,Month-to-month,True,Electronic check,94.2,167.5,Yes,1,0-12
4636-QRJKY,Female,0,True,True,6,True,True,Fiber optic,False,False,False,True,False,False,Month-to-month,True,Electronic check,80.5,502.85,Yes,1,0-12
1135-LMECX,Female,0,False,False,1,True,False,No,No,No,No,No,No,No,Month-to-month,False,Mailed check,19.85,19.85,No,0,0-12
4332-MUOEZ,Male,1,True,True,20,True,False,Fiber optic,True,False,True,True,False,True,One year,False,Credit card (automatic),94.3,1818.3,No,0,13-24
8535-SFUTN,Male,0,False,False,61,True,True,Fiber optic,True,False,True,False,True,True,Month-to-month,True,Electronic check,106.45,6300.15,No,0,61-72
5956-VKDTT,Female,1,True,False,5,True,True,Fiber optic,False,False,False,False,False,False,Month-to-month,True,Electronic check,74.35,334.8,Yes,1,0-12
8677-HDZEE,Female,0,False,False,56,True,True,Fiber optic,False,True,False,True,True,True,Month-to-month,True,Bank transfer (automatic),105.45,5916.95,No,0,49-60
2475-MROZF,Male,0,False,False,30,True,True,Fiber optic,True,True,True,True,False,False,Month-to-month,True,Credit card (automatic),95.0,2852.4,No,0,25-36
9412-GHEEC,Male,0,False,False,40,True,True,Fiber optic,False,False,True,True,True,True,Month-to-month,False,Bank transfer (automatic),104.8,4131.95,Yes,1,37-48
3482-ABPKK,Female,0,False,False,28,True,False,DSL,True,False,False,True,False,False,One year,False,Mailed check,54.3,1546.3,No,0,25-36
6705-LXORM,Female,1,True,False,5,True,False,Fiber optic,False,False,False,False,False,False,Month-to-month,False,Electronic check,70.05,302.6,No,0,0-12
0257-ZESQC,Female,1,True,False,27,True,False,Fiber optic,True,False,False,False,False,False,Month-to-month,True,Bank transfer (automatic),75.2,1929.35,Yes,1,25-36
7531-GQHME,Male,0,False,False,12,True,False,No,No,No,No,No,No,No,Month-to-month,False,Credit card (automatic),20.05,265.45,No,0,0-12
5174-ITUMV,Male,0,True,True,67,True,True,Fiber optic,False,True,True,False,True,True,One year,True,Electronic check,105.4,6989.45,No,0,61-72
4109-CYRBD,Male,1,True,False,29,True,True,DSL,False,False,False,False,False,False,Month-to-month,True,Electronic check,51.6,1442.0,No,0,25-36
0913-XWSCN,Male,0,True,True,55,True,True,Fiber optic,False,False,False,False,False,True,Month-to-month,False,Bank transfer (automatic),85.5,4713.4,No,0,49-60
6825-UYPFK,Female,0,False,False,23,True,True,Fiber optic,False,False,False,False,False,False,Month-to-month,False,Bank transfer (automatic),75.6,1758.6,Yes,1,13-24
8397-MVTAZ,Male,0,True,False,34,True,True,Fiber optic,False,False,True,False,True,True,Month-to-month,True,Electronic check,100.05,3480.0,Yes,1,25-36
0750-EBAIU,Male,0,False,False,52,True,False,Fiber optic,True,False,True,False,True,False,One year,False,Electronic check,91.25,4738.3,No,0,49-60
8606-CIQUL,Male,1,True,True,72,True,True,Fiber optic,True,True,True,True,True,True,Two year,True,Credit card (automatic),115.75,8399.15,No,0,61-72
3571-DPYUH,Male,0,True,True,58,True,True,Fiber optic,False,True,False,True,True,False,One year,True,Credit card (automatic),94.7,5430.35,No,0,49-60
7601-GNDYK,Male,0,True,True,35,True,False,No,No,No,No,No,No,No,Two year,False,Mailed check,19.6,686.95,No,0,25-36
0356-OBMAC,Female,1,False,False,56,True,True,Fiber optic,False,True,True,True,True,False,Two year,True,Bank transfer (automatic),99.9,5706.3,No,0,49-60
8067-NIOYM,Female,0,True,True,24,True,False,No,No,No,No,No,No,No,Two year,True,Credit card (automatic),21.1,490.65,No,0,13-24
1403-GYAFU,Male,0,True,True,70,True,False,No,No,No,No,No,No,No,Two year,False,Credit card (automatic),20.05,1360.25,No,0,61-72
4234-XTNEA,Male,0,False,False,2,True,False,Fiber optic,False,False,False,False,True,False,Month-to-month,True,Electronic check,79.95,174.45,No,0,0-12
1297-VQDRP,Male,1,True,True,68,True,True,Fiber optic,False,False,True,True,True,True,One year,True,Credit card (automatic),107.15,7379.8,No,0,61-72
9282-IZGQK,Female,0,False,False,1,True,True,Fiber optic,False,False,False,False,False,True,Month-to-month,True,Electronic check,85.0,85.0,Yes,1,0-12
5348-CAGXB,Male,0,False,False,12,True,True,Fiber optic,False,False,True,False,True,False,Month-to-month,True,Electronic check,89.55,1021.75,No,0,0-12
0621-HJWXJ,Female,0,True,False,63,True,True,Fiber optic,False,True,False,False,False,False,Month-to-month,True,Bank transfer (automatic),81.55,5029.05,No,0,61-72
5844-QVTAT,Female,0,True,True,33,True,False,DSL,True,True,True,False,False,False,One year,True,Mailed check,58.45,1955.4,No,0,25-36
8905-IAZPF,Female,0,True,False,69,True,False,Fiber optic,False,True,False,False,True,True,One year,True,Credit card (automatic),95.65,6744.2,No,0,61-72
5394-MEITZ,Female,0,True,True,60,True,False,DSL,False,True,True,True,True,True,Two year,True,Bank transfer (automatic),80.6,4946.7,No,0,49-60
6859-QNXIQ,Female,0,True,True,72,True,True,Fiber optic,True,True,True,True,True,True,Two year,True,Bank transfer (automatic),113.1,8248.5,No,0,61-72
2782-LFZVW,Female,0,False,False,11,True,True,DSL,False,False,False,False,False,True,Month-to-month,True,Mailed check,58.95,601.6,No,0,0-12
2866-IKBTM,Female,0,False,False,1,True,False,No,No,No,No,No,No,No,Month-to-month,False,Mailed check,19.55,19.55,No,0,0-12
1342-JPNKI,Male,0,False,False,10,True,True,Fiber optic,False,False,False,False,True,False,Month-to-month,True,Bank transfer (automatic),86.05,834.1,Yes,1,0-12
2817-NTQDO,Male,0,False,False,13,False,No,DSL,True,False,False,True,True,False,Month-to-month,True,Credit card (automatic),45.55,597.0,Yes,1,13-24
7129-AZJDE,Male,0,True,True,34,True,False,Fiber optic,False,False,False,False,False,True,One year,True,Bank transfer (automatic),78.95,2647.2,No,0,25-36
6986-IJDHX,Male,0,True,True,39,True,False,Fiber optic,False,True,False,False,True,False,Month-to-month,True,Mailed check,86.3,3266.0,Yes,1,37-48
2560-PPCHE,Female,0,False,False,65,True,True,Fiber optic,False,True,False,True,True,True,One year,True,Bank transfer (automatic),105.05,6744.25,No,0,61-72
4676-MQUEA,Male,1,True,False,50,True,True,Fiber optic,True,True,True,False,True,False,One year,True,Bank transfer (automatic),101.9,5265.5,No,0,49-60
8138-EALND,Male,0,False,False,15,True,False,No,No,No,No,No,No,No,Month-to-month,False,Mailed check,19.75,311.6,No,0,13-24
3580-HYCSP,Male,0,True,True,72,True,True,Fiber optic,True,True,True,False,True,True,Two year,True,Bank transfer (automatic),110.3,7966.9,No,0,61-72
1352-HNSAW,Female,0,True,True,72,True,True,Fiber optic,True,True,True,True,True,True,Two year,True,Bank transfer (automatic),115.6,8220.4,No,0,61-72
2075-PUEPR,Male,0,True,True,55,True,False,No,No,No,No,No,No,No,Two year,False,Bank transfer (automatic),19.35,1153.25,No,0,49-60
1982-FEBTD,Female,0,True,True,23,True,True,No,No,No,No,No,No,No,Two year,True,Credit card (automatic),25.6,514.75,No,0,13-24
5301-GAUUY,Male,0,False,False,32,True,True,Fiber optic,False,True,False,False,False,False,Month-to-month,True,Bank transfer (automatic),80.35,2596.15,Yes,1,25-36
5791-KAJFD,Female,0,True,True,56,True,True,DSL,True,False,True,False,False,True,One year,True,Bank transfer (automatic),68.75,3808.0,No,0,49-60
2654-VBVPB,Female,0,False,False,1,True,False,No,No,No,No,No,No,No,Month-to-month,False,Bank transfer (automatic),19.9,19.9,No,0,0-12
1154-HYWWO,Male,0,False,False,38,True,False,DSL,True,True,False,True,True,False,One year,False,Mailed check,70.6,2708.2,No,0,37-48
2501-XWWTZ,Male,0,False,False,11,True,False,Fiber optic,False,False,False,False,False,False,Month-to-month,False,Electronic check,70.2,760.05,No,0,0-12
3716-UVSPD,Male,0,False,False,1,True,False,DSL,False,False,False,True,False,False,Month-to-month,True,Electronic check,49.3,49.3,No,0,0-12
6815-ABQFQ,Male,0,True,False,56,True,True,Fiber optic,False,True,False,True,True,True,One year,True,Electronic check,107.25,6033.3,No,0,49-60
7343-EOBEU,Male,0,True,False,3,True,True,No,No,No,No,No,No,No,Month-to-month,True,Mailed check,23.6,89.05,No,0,0-12
3701-SFMUH,Male,0,True,True,7,True,False,DSL,True,False,False,False,True,True,Month-to-month,False,Credit card (automatic),69.7,516.15,No,0,0-12
6103-LIANB,Male,0,True,True,59,True,True,Fiber optic,False,False,True,False,True,True,Two year,True,Credit card (automatic),99.5,5861.75,No,0,49-60
7319-VENRZ,Male,0,False,False,7,True,False,DSL,False,False,True,True,True,False,Month-to-month,False,Bank transfer (automatic),64.3,445.95,No,0,0-12
5846-NEQVZ,Male,0,True,True,71,True,False,DSL,True,False,True,True,False,True,Two year,True,Credit card (automatic),70.85,4973.4,No,0,61-72
6967-QIQRV,Male,0,True,True,15,True,False,Fiber optic,True,False,False,True,True,True,One year,False,Electronic check,101.9,1667.25,No,0,13-24
5781-RFZRP,Male,0,True,False,71,True,True,DSL,True,True,False,True,True,False,Two year,False,Credit card (automatic),73.5,5357.75,No,0,61-72
0939-YAPAF,Female,0,False,False,35,True,True,Fiber optic,False,False,True,False,True,True,Month-to-month,True,Electronic check,100.25,3527.6,Yes,1,25-36
0308-IVGOK,Female,0,False,False,11,False,No,DSL,False,True,True,True,False,False,One year,True,Credit card (automatic),40.4,422.6,No,0,0-12
7293-LSCDV,Female,0,True,True,60,True,False,No,No,No,No,No,No,No,Two year,True,Credit card (automatic),19.25,1103.25,No,0,49-60
7025-WCBNE,Male,1,False,False,47,True,True,DSL,False,True,False,True,False,False,Two year,False,Bank transfer (automatic),59.6,2754.0,No,0,37-48
5756-JYOJT,Female,0,False,False,11,True,False,DSL,False,False,True,True,False,True,One year,False,Credit card (automatic),64.9,697.25,No,0,0-12
4710-FDUIZ,Male,0,True,False,56,True,True,Fiber optic,False,True,False,False,True,True,One year,False,Credit card (automatic),100.3,5614.45,Yes,1,49-60
6030-REHUX,Female,1,True,False,28,True,True,Fiber optic,False,True,True,True,True,True,Month-to-month,True,Electronic check,110.85,3204.4,No,0,25-36
9548-LIGTA,Male,0,True,False,61,True,False,DSL,True,True,False,True,True,True,Two year,True,Mailed check,81.05,4747.65,No,0,61-72
5150-LJNSR,Male,0,True,True,31,True,True,Fiber optic,True,False,True,False,True,False,One year,False,Bank transfer (automatic),98.05,3082.1,No,0,25-36
8270-RKSAP,Male,0,False,False,9,True,False,Fiber optic,False,False,False,False,False,False,Month-to-month,True,Electronic check,70.5,597.9,No,0,0-12
6522-YRBXD,Male,1,True,False,35,True,True,Fiber optic,True,True,False,False,False,True,Month-to-month,True,Electronic check,94.55,3365.4,No,0,25-36
2640-LYMOV,Male,0,False,False,2,True,False,No,No,No,No,No,No,No,Month-to-month,True,Mailed check,19.65,38.8,No,0,0-12
1218-VKFPE,Female,0,True,True,12,True,False,No,No,No,No,No,No,No,Month-to-month,False,Mailed check,19.0,233.55,Yes,1,0-12
3627-FHKBK,Female,0,False,False,1,True,False,Fiber optic,True,False,False,False,False,False,Month-to-month,False,Mailed check,75.3,75.3,Yes,1,0-12
2865-TCHJW,Female,1,False,False,4,True,True,Fiber optic,False,False,True,False,True,False,Month-to-month,True,Electronic check,89.2,346.2,Yes,1,0-12
1423-BMPBQ,Female,0,True,True,1,True,False,No,No,No,No,No,No,No,Month-to-month,True,Mailed check,19.0,19.0,No,0,0-12
2393-DIVAI,Female,0,False,False,3,True,False,No,No,No,No,No,No,No,Month-to-month,True,Mailed check,20.0,61.7,No,0,0-12
5192-EBGOV,Female,1,False,False,1,True,True,Fiber optic,False,False,False,False,True,False,Month-to-month,True,Electronic check,85.7,85.7,Yes,1,0-12
4568-KNYWR,Male,0,False,False,52,True,False,DSL,True,True,False,False,True,False,Two year,True,Credit card (automatic),63.25,3342.45,No,0,49-60
8752-IMQOS,Male,0,True,True,5,True,False,No,No,No,No,No,No,No,One year,False,Mailed check,20.1,85.1,No,0,0-12
0742-LAFQK,Male,0,True,False,72,True,True,Fiber optic,True,True,True,False,False,True,Two year,True,Electronic check,99.15,7422.1,No,0,61-72
0795-LAFGP,Male,0,True,True,71,True,True,DSL,True,True,True,True,True,True,Two year,False,Electronic check,90.4,6668.05,No,0,61-72
0619-OLYUR,Male,0,True,False,72,True,True,Fiber optic,True,False,True,True,True,True,Two year,True,Credit card (automatic),111.9,8071.05,No,0,61-72
5512-IDZEI,Male,0,True,True,46,True,True,No,No,No,No,No,No,No,One year,False,Electronic check,24.9,1174.8,No,0,37-48
0459-SPZHJ,Male,0,True,True,63,True,True,DSL,True,True,True,False,True,True,Two year,False,Credit card (automatic),83.5,5435.0,No,0,61-72
0215-BQKGS,Male,0,False,False,30,True,False,Fiber optic,True,True,True,False,False,False,Month-to-month,True,Credit card (automatic),84.3,2438.6,No,0,25-36
9244-ZVAPM,Male,0,False,False,1,True,False,DSL,False,False,False,False,False,False,Month-to-month,False,Mailed check,45.6,45.6,No,0,0-12
0719-SYFRB,Female,0,False,False,12,True,True,DSL,True,False,True,True,False,False,Month-to-month,True,Mailed check,61.65,713.75,Yes,1,0-12
8208-EUMTE,Male,0,False,False,16,False,No,DSL,True,True,True,True,True,False,Two year,False,Mailed check,54.85,916.15,No,0,13-24
5172-MIGPM,Male,0,False,False,4,True,True,DSL,False,False,False,True,False,True,Month-to-month,False,Mailed check,65.55,237.2,No,0,0-12
1710-RCXUS,Male,0,True,False,51,True,True,Fiber optic,False,True,False,False,False,True,One year,True,Credit card (automatic),90.35,4614.55,No,0,49-60
0374-FIUCA,Male,0,True,False,65,True,False,No,No,No,No,No,No,No,Two year,True,Credit card (automatic),20.4,1414.45,No,0,61-72
5839-SUYVZ,Male,0,False,False,16,True,False,Fiber optic,False,False,False,True,False,False,Month-to-month,True,Credit card (automatic),74.55,1170.5,No,0,13-24
5173-ZXXXL,Male,0,False,False,2,True,False,No,No,No,No,No,No,No,One year,False,Mailed check,19.95,47.7,No,0,0-12
1096-ADRUX,Female,0,True,True,66,True,True,Fiber optic,False,False,False,False,False,False,One year,True,Bank transfer (automatic),74.25,4859.25,No,0,61-72
2001-MCUUW,Male,0,False,False,46,True,True,Fiber optic,False,True,True,True,True,True,Two year,False,Electronic check,108.65,4903.2,No,0,37-48
2731-GJRDG,Female,0,False,False,32,True,True,Fiber optic,True,False,True,True,True,True,One year,True,Bank transfer (automatic),109.55,3608.0,No,0,25-36
4723-BEGSG,Male,0,True,False,72,True,True,DSL,True,False,True,True,True,True,Two year,False,Credit card (automatic),86.65,6094.25,No,0,61-72
6516-NKQBO,Male,0,True,True,38,True,False,DSL,True,False,True,True,True,True,Two year,False,Credit card (automatic),81.0,3084.9,No,0,37-48
8672-OAUPW,Male,0,False,True,51,True,False,DSL,False,False,False,True,False,False,One year,False,Credit card (automatic),47.85,2356.75,No,0,49-60
8207-DMRVL,Male,0,True,True,72,True,True,Fiber optic,True,True,True,True,True,True,Two year,False,Bank transfer (automatic),114.55,8306.05,No,0,61-72
3419-SNJJD,Female,1,True,False,65,True,True,Fiber optic,True,False,True,False,True,True,Month-to-month,False,Bank transfer (automatic),105.25,6786.4,Yes,1,61-72
6543-CPZMK,Male,0,True,True,9,False,No,DSL,False,True,False,False,False,False,Month-to-month,True,Electronic check,29.95,248.95,Yes,1,0-12
4765-OXPPD,Female,0,True,True,9,True,False,DSL,True,True,True,True,False,False,Month-to-month,False,Mailed check,65.0,663.05,Yes,1,0-12
2804-ETQDK,Male,0,False,True,66,True,False,No,No,No,No,No,No,No,Two year,False,Mailed check,20.55,1357.1,No,0,61-72
6689-VRRTK,Female,1,False,False,44,True,True,Fiber optic,True,True,True,False,True,True,One year,True,Credit card (automatic),109.8,4860.35,No,0,37-48
7138-GIRSH,Male,0,False,False,50,True,True,DSL,False,False,True,True,False,True,Two year,False,Bank transfer (automatic),69.5,3418.2,No,0,49-60
9396-ZSFLL,Female,0,False,False,15,True,True,DSL,False,False,False,False,False,False,Month-to-month,False,Mailed check,48.85,631.4,No,0,13-24
6464-KEXXH,Male,0,False,False,8,False,No,DSL,False,False,False,False,False,False,Month-to-month,True,Credit card (automatic),25.25,186.3,No,0,0-12
7134-MJPDY,Female,1,False,False,66,True,True,Fiber optic,False,False,True,True,True,True,One year,True,Credit card (automatic),102.85,6976.75,No,0,61-72
5240-CAOYT,Female,0,False,False,57,True,True,Fiber optic,True,True,False,True,False,False,Month-to-month,True,Bank transfer (automatic),87.55,4884.85,No,0,49-60
4059-IIEBK,Female,0,False,False,7,True,True,Fiber optic,False,True,False,False,False,False,Month-to-month,True,Bank transfer (automatic),78.55,522.95,No,0,0-12
4881-JVQOD,Male,1,True,True,10,False,No,DSL,False,False,False,False,False,True,Month-to-month,True,Bank transfer (automatic),34.55,362.6,No,0,0-12
0516-UXRMT,Female,0,False,False,62,True,True,Fiber optic,True,True,True,False,False,False,One year,True,Electronic check,92.05,5755.8,No,0,61-72
4851-BQDNX,Male,0,True,True,40,True,False,Fiber optic,False,False,True,False,True,False,One year,True,Electronic check,85.05,3355.65,No,0,37-48
5148-HKFIR,Female,0,False,False,20,True,False,No,No,No,No,No,No,No,Two year,False,Mailed check,19.7,406.95,No,0,13-24
1009-IRMNA,Female,0,False,False,7,True,False,No,No,No,No,No,No,No,Month-to-month,False,Bank transfer (automatic),20.0,137.6,Yes,1,0-12
3003-CMDUU,Female,0,True,False,25,True,False,Fiber optic,False,False,False,True,True,True,Month-to-month,True,Electronic check,95.15,2395.7,No,0,25-36
5016-IBERQ,Male,0,True,False,23,True,True,Fiber optic,False,True,True,False,False,False,Month-to-month,False,Electronic check,84.25,1968.1,No,0,13-24
6797-UCJHZ,Female,1,True,False,66,True,True,Fiber optic,False,True,True,False,True,True,One year,False,Credit card (automatic),104.6,6819.45,No,0,61-72
2469-DTSGX,Female,1,False,False,72,True,True,Fiber optic,False,True,True,True,True,True,Two year,False,Electronic check,111.65,7943.45,No,0,61-72
4554-YGZIH,Male,1,True,False,49,True,True,Fiber optic,False,True,False,False,False,True,Month-to-month,False,Credit card (automatic),90.05,4547.25,Yes,1,49-60
5099-BAILX,Male,1,True,True,43,True,True,Fiber optic,False,True,True,True,True,True,Month-to-month,True,Bank transfer (automatic),110.75,4687.9,Yes,1,37-48
9931-KGHOA,Female,0,True,False,46,True,True,DSL,True,False,False,False,False,False,Month-to-month,False,Bank transfer (automatic),55.0,2473.95,No,0,37-48
1775-KWJKQ,Male,0,True,True,72,True,True,DSL,True,True,True,True,True,True,Two year,False,Credit card (automatic),89.85,6562.9,No,0,61-72
7665-VIGUD,Male,0,False,False,10,True,False,No,No,No,No,No,No,No,One year,False,Mailed check,20.35,176.3,No,0,0-12
9411-TPQQV,Female,0,False,False,40,False,No,DSL,True,False,False,True,True,True,One year,True,Bank transfer (automatic),54.55,2236.2,No,0,37-48
7207-RMRDB,Female,0,True,True,65,True,True,Fiber optic,False,True,True,False,True,True,Month-to-month,True,Electronic check,105.5,6985.65,Yes,1,61-72
7954-MLBUN,Male,0,False,False,31,True,False,Fiber optic,False,False,True,True,True,True,Two year,False,Bank transfer (automatic),99.45,3109.9,No,0,25-36
2077-DDHJK,Female,0,True,False,68,True,True,DSL,True,True,True,True,False,False,Two year,False,Credit card (automatic),70.9,4911.35,No,0,61-72
4913-EHYUI,Male,1,True,True,56,True,True,Fiber optic,True,False,True,False,True,True,One year,True,Bank transfer (automatic),104.55,5794.65,Yes,1,49-60
0195-IESCP,Male,0,True,False,10,True,True,Fiber optic,False,False,False,False,False,True,Month-to-month,True,Electronic check,85.25,855.3,Yes,1,0-12
9574-BOSMD,Male,0,True,True,68,True,True,No,No,No,No,No,No,No,Two year,False,Bank transfer (automatic),25.4,1620.2,No,0,61-72
4580-TMHJU,Female,0,True,True,43,True,False,DSL,False,False,False,False,True,False,Month-to-month,False,Electronic check,56.15,2499.3,Yes,1,37-48
0970-ETWGE,Male,0,False,False,1,True,False,Fiber optic,False,False,False,False,True,True,Month-to-month,True,Electronic check,89.55,89.55,Yes,1,0-12
4908-XAXAY,Female,1,False,False,49,True,False,Fiber optic,False,True,True,False,False,True,One year,True,Bank transfer (automatic),89.85,4287.2,No,0,49-60
8404-VLQFB,Female,0,True,True,15,True,True,No,No,No,No,No,No,No,Month-to-month,True,Electronic check,25.25,394.85,No,0,13-24
1626-ERCMM,Male,1,True,False,20,True,True,Fiber optic,False,False,False,False,True,True,Month-to-month,True,Electronic check,94.55,1899.65,Yes,1,13-24
0887-HJGAR,Male,0,False,False,1,True,False,DSL,False,False,False,False,False,False,Month-to-month,True,Mailed check,45.7,45.7,Yes,1,0-12
2391-IPLOP,Male,0,True,True,50,True,True,DSL,False,False,True,True,True,False,One year,True,Electronic check,69.65,3442.15,No,0,49-60
5644-PDMZC,Female,1,False,False,2,True,True,Fiber optic,False,True,False,False,False,True,Month-to-month,False,Electronic check,89.5,161.5,Yes,1,0-12
3509-GWQGF,Male,1,False,False,24,True,False,Fiber optic,False,False,False,False,False,False,Month-to-month,False,Credit card (automatic),70.0,1732.6,No,0,13-24
9576-ANLXO,Female,0,False,False,3,True,False,Fiber optic,False,False,False,False,False,False,Month-to-month,True,Bank transfer (automatic),69.55,222.3,Yes,1,0-12
2024-BASKD,Female,0,False,False,1,True,False,Fiber optic,False,False,True,False,False,False,Month-to-month,True,Mailed check,74.6,74.6,Yes,1,0-12
5845-BZZIB,Male,0,True,True,35,True,False,No,No,No,No,No,No,No,Two year,False,Mailed check,20.1,655.3,No,0,25-36
1140-UKVZG,Female,0,False,False,17,True,True,No,No,No,No,No,No,No,Month-to-month,False,Mailed check,24.8,475.25,No,0,13-24
4160-AMJTL,Female,1,False,False,8,True,False,No,No,No,No,No,No,No,Month-to-month,False,Electronic check,19.65,164.3,Yes,1,0-12
5183-SNMJQ,Male,0,False,False,10,True,False,Fiber optic,False,False,False,True,True,True,Month-to-month,True,Credit card (automatic),95.1,865.1,No,0,0-12
8100-PNJMH,Male,0,True,True,68,True,True,DSL,True,True,True,True,True,True,Two year,True,Credit card (automatic),88.85,6132.7,No,0,61-72
7838-LAZFO,Male,0,True,False,45,True,False,DSL,True,True,True,False,True,True,One year,False,Bank transfer (automatic),78.8,3597.5,No,0,37-48
4464-JCOLN,Male,0,True,True,2,True,False,No,No,No,No,No,No,No,One year,False,Mailed check,19.85,35.9,Yes,1,0-12
2085-JVGAD,Male,0,True,False,37,True,False,No,No,No,No,No,No,No,Month-to-month,False,Bank transfer (automatic),20.35,697.65,No,0,37-48
5650-VDUDS,Female,0,False,False,4,False,No,DSL,False,False,False,False,False,False,Month-to-month,True,Mailed check,24.25,96.05,Yes,1,0-12
8095-WANWK,Female,0,False,False,10,True,False,DSL,False,False,False,False,False,False,Month-to-month,False,Mailed check,45.25,428.7,No,0,0-12
3030-ZKIWL,Male,0,False,False,1,True,False,No,No,No,No,No,No,No,Month-to-month,False,Mailed check,20.05,20.05,No,0,0-12
9565-FLVCG,Male,0,True,True,65,True,True,DSL,True,True,False,False,False,True,Two year,True,Mailed check,69.55,4459.15,No,0,61-72
8755-OGKNA,Female,0,True,True,57,True,False,No,No,No,No,No,No,No,Two year,False,Bank transfer (automatic),19.5,1167.6,No,0,49-60
2800-VEQXM,Female,0,False,False,3,True,False,Fiber optic,False,False,True,False,False,False,Month-to-month,True,Mailed check,74.75,238.1,No,0,0-12
7538-GWHML,Female,0,False,False,2,True,False,Fiber optic,False,False,False,False,False,False,Month-to-month,False,Electronic check,69.65,145.15,Yes,1,0-12
5533-RJFTJ,Male,0,False,False,49,False,No,DSL,False,False,True,False,False,False,Month-to-month,True,Bank transfer (automatic),30.2,1453.1,No,0,49-60
3859-CVCET,Female,0,False,False,4,True,False,DSL,False,False,False,False,False,False,Month-to-month,False,Mailed check,45.65,191.05,Yes,1,0-12
0214-JHPFW,Female,0,True,False,70,False,No,DSL,False,True,True,True,True,True,Two year,False,Bank transfer (automatic),57.8,4039.3,No,0,61-72
5642-MHDQT,Female,0,True,True,53,True,False,No,No,No,No,No,No,No,One year,True,Bank transfer (automatic),19.85,1039.45,No,0,49-60
3088-FVYWK,Male,0,True,True,53,True,True,No,No,No,No,No,No,No,Two year,False,Credit card (automatic),25.55,1336.1,No,0,49-60
3276-HDUEG,Female,0,False,False,1,True,True,Fiber optic,False,False,False,False,False,False,Month-to-month,True,Mailed check,75.05,75.05,Yes,1,0-12
9092-GDZKO,Male,0,False,False,22,True,True,No,No,No,No,No,No,No,Month-to-month,True,Credit card (automatic),24.85,493.4,No,0,13-24
0823-HSCDJ,Male,1,False,False,52,False,No,DSL,False,True,False,False,True,True,Month-to-month,True,Electronic check,49.15,2550.9,Yes,1,49-60
3729-OWRVL,Male,1,False,False,65,True,True,Fiber optic,True,False,True,True,True,True,Two year,True,Electronic check,110.35,7246.15,No,0,61-72
2324-AALNO,Female,0,False,False,48,True,True,No,No,No,No,No,No,No,One year,False,Bank transfer (automatic),24.55,1203.95,No,0,37-48
0822-GAVAP,Female,0,False,False,2,False,No,DSL,False,False,False,False,False,True,Month-to-month,True,Electronic check,34.7,62.25,Yes,1,0-12
5760-IFJOZ,Male,0,False,False,3,True,True,Fiber optic,False,True,True,False,True,True,Month-to-month,False,Mailed check,107.95,313.6,No,0,0-12
2826-UWHIS,Male,0,True,False,45,True,True,Fiber optic,False,True,False,False,False,False,Month-to-month,False,Bank transfer (automatic),81.4,3775.85,No,0,37-48
1448-PWKYE,Male,0,True,True,1,True,False,Fiber optic,False,False,False,False,False,True,Month-to-month,False,Electronic check,80.0,80.0,Yes,1,0-12
7501-IWUNG,Female,0,True,True,61,True,False,DSL,False,False,True,True,True,True,Two year,True,Bank transfer (automatic),73.8,4616.05,No,0,61-72
4957-TREIR,Male,0,False,False,3,True,False,DSL,True,False,False,True,True,False,Month-to-month,True,Credit card (automatic),64.4,195.65,No,0,0-12
7251-LJBQN,Female,1,False,False,40,True,True,Fiber optic,False,False,True,True,True,True,One year,True,Credit card (automatic),103.75,4188.4,No,0,37-48
8040-MNRTF,Female,0,False,False,1,True,False,Fiber optic,False,False,False,False,False,False,Month-to-month,False,Mailed check,71.1,71.1,No,0,0-12
1536-HBSWP,Female,0,False,False,1,True,False,DSL,False,False,False,True,False,False,Month-to-month,True,Electronic check,49.9,49.9,No,0,0-12
5313-FPXWG,Male,0,False,False,51,True,True,No,No,No,No,No,No,No,One year,True,Bank transfer (automatic),24.6,1266.4,No,0,49-60
0067-DKWBL,Male,1,False,False,2,True,False,DSL,True,False,False,False,False,False,Month-to-month,True,Electronic check,49.25,91.1,Yes,1,0-12
0946-FKYTX,Male,0,False,False,52,False,No,DSL,False,True,False,False,False,False,One year,False,Mailed check,30.1,1623.4,No,0,49-60
5076-YVXCM,Male,0,False,False,51,True,True,Fiber optic,False,False,False,False,False,True,Month-to-month,False,Bank transfer (automatic),83.4,4149.45,No,0,49-60
8262-COGGB,Male,0,False,False,1,True,False,No,No,No,No,No,No,No,Month-to-month,True,Mailed check,20.45,20.45,No,0,0-12
6663-JOCQO,Male,0,True,True,31,True,True,DSL,True,True,False,True,False,True,One year,True,Bank transfer (automatic),75.25,2344.5,No,0,25-36
9620-QJREV,Male,0,False,True,47,True,False,No,No,No,No,No,No,No,One year,False,Credit card (automatic),20.55,1013.05,No,0,37-48
2276-YDAVZ,Female,0,False,False,3,True,True,Fiber optic,False,False,False,False,False,False,Month-to-month,True,Credit card (automatic),75.1,270.7,Yes,1,0-12
2682-KEVRP,Female,1,False,False,22,True,False,No,No,No,No,No,No,No,One year,True,Mailed check,20.05,417.0,No,0,13-24
2480-JZOSN,Female,0,True,False,1,True,False,No,No,No,No,No,No,No,Month-to-month,True,Mailed check,20.65,20.65,No,0,0-12
0078-XZMHT,Male,0,True,False,72,True,True,DSL,False,True,True,True,True,True,Two year,True,Bank transfer (automatic),85.15,6316.2,No,0,61-72
5896-NPFWW,Male,0,True,True,3,True,False,DSL,False,False,True,False,False,False,Month-to-month,True,Electronic check,50.15,168.15,Yes,1,0-12
9978-HYCIN,Male,1,True,True,47,True,False,Fiber optic,False,True,False,False,True,False,One year,True,Bank transfer (automatic),84.95,4018.05,No,0,37-48
8338-QIUNR,Male,0,True,True,72,True,True,DSL,True,False,True,True,False,False,Two year,True,Credit card (automatic),66.5,4811.6,No,0,61-72
1525-LNLOJ,Male,0,True,True,66,True,True,DSL,False,False,True,False,True,False,Two year,True,Bank transfer (automatic),63.3,4189.7,No,0,61-72
9450-TRJUU,Male,0,False,False,35,True,True,Fiber optic,False,False,False,False,True,False,Month-to-month,False,Electronic check,83.15,2848.45,No,0,25-36
1766-GKNMI,Male,0,False,False,29,True,True,Fiber optic,False,False,False,False,False,True,Month-to-month,True,Electronic check,84.9,2516.2,No,0,25-36
6942-LBFDP,Female,0,False,False,2,True,False,No,No,No,No,No,No,No,Month-to-month,True,Mailed check,20.55,33.6,No,0,0-12
1456-TWCGB,Male,0,False,False,4,True,False,DSL,False,True,False,False,False,False,Month-to-month,False,Mailed check,49.25,208.45,No,0,0-12
7133-VBDCG,Female,0,False,False,25,True,False,Fiber optic,True,True,False,False,False,False,Month-to-month,True,Bank transfer (automatic),79.85,2015.35,Yes,1,25-36
7596-ZYWBB,Female,0,False,False,65,True,False,DSL,True,True,False,True,False,False,Two year,True,Mailed check,59.6,3739.8,No,0,61-72
8329-UTMVM,Male,1,False,False,27,True,True,Fiber optic,False,True,False,True,True,True,One year,True,Bank transfer (automatic),104.65,2964.0,No,0,25-36
3014-WJKSM,Male,0,True,False,29,True,False,Fiber optic,False,False,True,False,False,False,Month-to-month,True,Credit card (automatic),75.3,2263.4,No,0,25-36
3347-YJZZE,Male,0,True,True,29,True,True,DSL,False,True,True,False,True,True,Month-to-month,False,Credit card (automatic),80.1,2211.8,No,0,25-36
1029-QFBEN,Male,0,False,False,1,True,False,No,No,No,No,No,No,No,Month-to-month,False,Mailed check,19.55,19.55,Yes,1,0-12
7929-DMBCV,Female,0,True,False,20,True,False,Fiber optic,False,False,True,True,False,False,Month-to-month,True,Mailed check,81.0,1683.7,No,0,13-24
9661-JALZV,Female,0,False,False,58,True,True,No,No,No,No,No,No,No,Two year,True,Credit card (automatic),24.7,1519.0,No,0,49-60
5433-KYGHE,Female,0,False,True,14,True,True,Fiber optic,True,False,False,True,False,False,Month-to-month,True,Mailed check,86.0,1164.05,No,0,13-24
4312-KFRXN,Male,0,True,False,72,True,True,No,No,No,No,No,No,No,Two year,False,Mailed check,25.4,1710.9,No,0,61-72
5575-TPIZQ,Male,0,False,False,46,True,True,Fiber optic,True,False,False,False,True,False,Month-to-month,True,Credit card (automatic),89.15,4245.55,No,0,37-48
0114-IGABW,Female,0,True,False,71,False,No,DSL,False,True,True,True,True,True,Two year,False,Bank transfer (automatic),58.25,4145.9,No,0,61-72
9944-AEXBM,Male,0,False,False,32,True,True,Fiber optic,False,False,False,False,False,True,Month-to-month,True,Bank transfer (automatic),85.65,2664.3,No,0,25-36
1853-ARAAQ,Female,0,False,False,26,False,No,DSL,False,False,True,False,True,True,Month-to-month,True,Credit card (automatic),50.35,1277.5,No,0,25-36
6952-OMNWB,Male,1,True,False,68,True,True,Fiber optic,False,False,True,False,False,False,Month-to-month,True,Credit card (automatic),80.35,5589.3,No,0,61-72
4697-LUPSU,Male,0,True,True,2,True,False,No,No,No,No,No,No,No,One year,False,Mailed check,20.2,34.75,No,0,0-12
8434-VGEQQ,Male,0,True,True,61,True,False,No,No,No,No,No,No,No,Two year,False,Credit card (automatic),20.55,1305.95,No,0,61-72
4952-YSOGZ,Female,0,True,True,4,True,True,Fiber optic,False,False,False,False,False,True,Month-to-month,True,Electronic check,85.95,381.3,Yes,1,0-12
1589-AGTLK,Male,0,False,False,3,True,False,DSL,False,False,False,False,False,False,Month-to-month,True,Electronic check,45.35,141.5,Yes,1,0-12
5244-IRFIH,Male,1,True,False,33,True,True,Fiber optic,False,False,False,False,True,True,Month-to-month,True,Electronic check,94.5,3105.55,Yes,1,25-36
6549-YMFAW,Male,1,True,False,9,True,False,No,No,No,No,No,No,No,Month-to-month,True,Mailed check,21.25,204.55,No,0,0-12
4950-HKQTE,Female,0,False,False,22,True,True,No,No,No,No,No,No,No,Two year,False,Mailed check,26.25,605.9,No,0,13-24
6786-OBWQR,Female,0,True,True,5,True,False,Fiber optic,False,False,False,False,True,False,Month-to-month,True,Electronic check,80.85,356.1,No,0,0-12
2684-EIWEO,Female,1,False,False,30,True,True,Fiber optic,True,True,True,False,False,False,Month-to-month,False,Credit card (automatic),91.7,2758.15,Yes,1,25-36
2753-JMMCV,Male,0,False,False,65,True,True,DSL,False,True,True,True,False,True,Two year,True,Credit card (automatic),74.2,4805.65,No,0,61-72
6439-GTPCA,Female,0,False,False,45,True,True,Fiber optic,False,False,True,True,False,False,Month-to-month,True,Electronic check,87.25,3941.7,Yes,1,37-48
6621-YOBKI,Male,0,False,False,5,True,False,No,No,No,No,No,No,No,Month-to-month,False,Mailed check,20.35,92.75,No,0,0-12
1216-JWVUX,Male,0,True,True,25,True,False,Fiber optic,False,True,False,False,False,False,Month-to-month,True,Electronic check,75.5,1901.05,No,0,25-36
7564-GHCVB,Female,0,True,True,72,True,True,Fiber optic,True,False,False,False,False,False,Two year,False,Bank transfer (automatic),79.05,5730.7,No,0,61-72
1173-NOEYG,Female,0,True,False,27,True,True,Fiber optic,False,False,True,False,False,True,Month-to-month,False,Bank transfer (automatic),90.15,2423.4,No,0,25-36
7595-EHCDL,Male,0,True,True,32,False,No,DSL,False,False,True,False,True,True,Month-to-month,False,Credit card (automatic),50.6,1653.45,No,0,25-36
6647-ZEDXT,Female,0,False,False,30,True,True,Fiber optic,False,True,True,True,True,True,One year,False,Credit card (automatic),110.45,3327.05,No,0,25-36
2521-NPUZR,Male,0,True,False,70,True,False,Fiber optic,True,True,True,True,False,True,Two year,False,Credit card (automatic),101.0,7085.5,No,0,61-72
1307-TVUFB,Male,1,False,False,42,True,True,Fiber optic,False,True,False,False,False,False,Month-to-month,True,Bank transfer (automatic),79.35,3344.1,No,0,37-48
7503-MIOGA,Female,1,True,False,72,True,True,DSL,True,True,True,True,True,True,Two year,True,Bank transfer (automatic),89.85,6697.35,No,0,61-72
4381-MHQDC,Female,0,False,False,47,True,True,DSL,True,False,True,True,False,False,Two year,True,Mailed check,65.0,2879.9,No,0,37-48
6923-JHPMP,Female,0,False,False,2,True,False,Fiber optic,True,False,True,False,False,False,Month-to-month,True,Electronic check,80.45,137.1,No,0,0-12
5138-WVKYJ,Male,0,False,False,10,True,True,Fiber optic,True,False,False,False,True,True,Month-to-month,False,Electronic check,98.55,1008.55,Yes,1,0-12
4018-PPNDW,Female,0,True,True,61,True,True,No,No,No,No,No,No,No,Two year,True,Mailed check,24.1,1551.6,No,0,61-72
1635-FJFCC,Female,0,False,False,5,True,False,DSL,False,False,False,False,False,False,Month-to-month,True,Credit card (automatic),44.05,202.15,No,0,0-12
2499-AJYUA,Female,1,True,False,72,True,True,Fiber optic,False,True,True,True,True,True,Two year,True,Credit card (automatic),110.8,7882.25,No,0,61-72
6919-ELBGL,Male,1,True,True,72,True,True,Fiber optic,True,True,True,True,True,True,Two year,True,Bank transfer (automatic),114.95,8196.4,No,0,61-72
3966-HRMZA,Female,1,False,False,3,True,False,Fiber optic,False,False,True,False,False,False,Month-to-month,False,Mailed check,75.05,202.9,No,0,0-12
6425-JWTDV,Male,0,True,False,48,True,False,No,No,No,No,No,No,No,Two year,False,Mailed check,19.25,855.1,No,0,37-48
8405-IGQFX,Female,0,False,False,63,True,False,Fiber optic,False,False,True,True,True,False,One year,True,Credit card (automatic),90.05,5817.0,No,0,61-72
8224-IVVPA,Female,0,False,False,27,True,False,DSL,True,True,False,False,False,False,Month-to-month,True,Mailed check,56.7,1652.95,No,0,25-36
9477-LGWQI,Male,0,True,True,70,True,False,DSL,True,True,True,False,True,True,Two year,True,Credit card (automatic),80.15,5600.15,No,0,61-72
1410-RSCMR,Male,0,True,True,7,True,False,DSL,True,False,True,True,False,True,Month-to-month,True,Credit card (automatic),71.35,515.75,No,0,0-12
3115-CZMZD,Male,0,False,True,0,True,False,No,No,No,No,No,No,No,Two year,False,Mailed check,20.25,,No,0,0-12
0139-IVFJG,Female,0,True,False,2,True,False,Fiber optic,True,True,False,False,True,False,Month-to-month,False,Electronic check,90.35,190.5,No,0,0-12
6683-VLCTZ,Male,1,False,False,20,True,True,Fiber optic,False,False,True,False,True,True,Month-to-month,True,Electronic check,98.55,1842.8,Yes,1,13-24
5730-DBDSI,Male,0,False,False,66,True,False,No,No,No,No,No,No,No,Two year,False,Bank transfer (automatic),19.7,1253.8,No,0,61-72
0030-FNXPP,Female,0,False,False,3,True,False,No,No,No,No,No,No,No,Month-to-month,False,Mailed check,19.85,57.2,No,0,0-12
2189-WWOEW,Female,0,False,True,15,True,False,Fiber optic,False,True,False,False,False,True,Month-to-month,True,Bank transfer (automatic),85.9,1269.55,Yes,1,13-24
5684-FJVYR,Female,0,True,True,72,True,True,Fiber optic,True,True,False,True,False,False,Two year,True,Bank transfer (automatic),90.35,6563.4,No,0,61-72
4013-GUXND,Male,0,False,False,1,True,False,No,No,No,No,No,No,No,Month-to-month,False,Mailed check,20.8,20.8,No,0,0-12
1894-IGFSG,Female,0,False,False,22,True,False,Fiber optic,False,False,False,False,True,True,Month-to-month,False,Electronic check,89.25,1907.85,Yes,1,13-24
7379-POKDZ,Male,0,True,False,3,True,False,Fiber optic,False,False,False,False,False,False,Month-to-month,True,Electronic check,70.3,208.85,Yes,1,0-12
1266-NZYUI,Female,0,True,True,72,True,True,DSL,True,False,True,True,False,False,Two year,False,Bank transfer (automatic),66.85,4758.8,No,0,61-72
7969-FFOWG,Male,0,True,True,65,True,False,No,No,No,No,No,No,No,Two year,False,Mailed check,19.9,1292.6,No,0,61-72
4718-DHSMV,Female,0,False,False,11,False,No,DSL,False,False,False,False,True,False,Month-to-month,True,Mailed check,35.8,363.15,No,0,0-12
5175-WLYXL,Male,0,False,False,22,True,True,Fiber optic,False,True,False,False,False,False,Month-to-month,True,Mailed check,78.85,1600.25,No,0,13-24
7817-OMJNA,Male,0,False,False,14,True,False,No,No,No,No,No,No,No,One year,False,Bank transfer (automatic),20.4,275.7,No,0,13-24
8728-SKJLR,Male,0,False,False,41,True,False,Fiber optic,False,False,False,True,False,False,Month-to-month,True,Electronic check,74.25,3089.1,No,0,37-48
3137-NYQQI,Male,0,True,False,17,True,False,DSL,True,True,False,False,False,True,One year,False,Mailed check,64.8,1175.6,No,0,13-24
7706-DZNKK,Male,0,False,False,11,True,False,No,No,No,No,No,No,No,Month-to-month,True,Credit card (automatic),20.45,237.3,No,0,0-12
0236-HFWSV,Male,0,False,False,15,True,True,Fiber optic,False,False,False,False,True,True,Month-to-month,True,Electronic check,93.35,1444.65,Yes,1,13-24
3900-AQPHZ,Female,0,False,False,1,True,False,No,No,No,No,No,No,No,Month-to-month,False,Mailed check,19.9,19.9,Yes,1,0-12
5842-POCOP,Female,0,True,False,5,True,False,Fiber optic,True,False,True,False,False,True,Month-to-month,True,Mailed check,88.9,454.15,Yes,1,0-12
2037-XJFUP,Male,0,True,False,33,True,False,Fiber optic,False,False,True,False,True,True,One year,True,Electronic check,95.8,3036.75,Yes,1,25-36
8823-RLPWL,Female,0,True,False,72,True,True,Fiber optic,True,True,True,False,True,True,Two year,True,Credit card (automatic),110.65,8065.65,No,0,61-72
9505-SQFSW,Female,0,True,True,3,False,No,DSL,False,True,False,False,False,True,Month-to-month,False,Mailed check,40.3,92.5,No,0,0-12
7314-OXENN,Male,0,False,False,2,True,True,Fiber optic,False,True,False,False,False,False,Month-to-month,True,Electronic check,82.0,184.65,Yes,1,0-12
3758-CKOQL,Female,0,True,False,59,True,True,Fiber optic,True,True,True,True,False,True,One year,True,Credit card (automatic),107.0,6152.3,No,0,49-60
0322-CHQRU,Male,0,False,False,2,True,False,DSL,False,False,False,False,False,False,Month-to-month,False,Electronic check,45.35,89.5,Yes,1,0-12
5676-CFLYY,Male,0,True,True,71,True,False,DSL,False,True,False,True,True,True,Two year,True,Credit card (automatic),73.35,5154.5,No,0,61-72
7521-AFHAB,Female,0,True,True,5,True,False,DSL,False,False,False,False,False,False,Month-to-month,False,Mailed check,44.8,220.45,No,0,0-12
0285-INHLN,Male,0,True,True,27,True,False,DSL,True,True,False,False,False,False,Month-to-month,True,Credit card (automatic),54.75,1510.3,No,0,25-36
4678-DVQEO,Female,0,False,False,1,True,False,DSL,False,False,False,True,False,False,Month-to-month,True,Electronic check,52.2,52.2,Yes,1,0-12
5125-CNDSP,Male,0,False,True,63,False,No,DSL,True,True,False,True,False,False,One year,True,Bank transfer (automatic),40.6,2588.95,No,0,61-72
0691-IFBQW,Female,1,False,False,46,True,True,Fiber optic,True,True,True,False,True,True,One year,True,Electronic check,110.0,4874.8,Yes,1,37-48
4992-LTJNE,Male,0,True,True,72,True,True,DSL,True,False,False,False,False,False,Two year,False,Bank transfer (automatic),55.3,3983.6,No,0,61-72
2202-OUTMO,Female,0,True,False,34,True,True,DSL,True,False,False,True,False,False,Month-to-month,True,Bank transfer (automatic),60.85,2003.6,No,0,25-36
0810-BDHAW,Female,0,True,True,24,True,True,DSL,True,True,False,False,True,True,One year,False,Electronic check,78.4,1832.4,No,0,13-24
0229-LFJAF,Male,0,False,False,72,True,True,DSL,True,True,True,True,False,False,Two year,False,Bank transfer (automatic),69.65,4908.25,No,0,61-72
7131-ZQZNK,Female,0,True,True,60,False,No,DSL,True,False,True,True,True,True,Two year,False,Credit card (automatic),59.85,3590.2,No,0,49-60
3442-ZHHCC,Male,0,False,False,68,True,True,DSL,True,True,True,False,False,True,One year,True,Credit card (automatic),76.9,5023.0,No,0,61-72
5726-CVNYA,Female,0,True,True,8,True,False,No,No,No,No,No,No,No,Two year,True,Mailed check,19.85,146.6,No,0,0-12
9871-ELEYA,Female,0,False,True,34,True,False,DSL,True,False,True,True,True,False,Two year,False,Credit card (automatic),67.65,2339.3,No,0,25-36
4257-GAESD,Female,0,False,False,6,False,No,DSL,False,False,False,False,True,True,Month-to-month,False,Credit card (automatic),45.0,298.7,No,0,0-12
5173-WXOQV,Male,0,True,False,2,True,False,DSL,False,True,False,True,False,True,Month-to-month,True,Mailed check,64.2,143.65,No,0,0-12
2040-OBMLJ,Male,0,False,False,31,True,True,Fiber optic,False,False,False,True,False,False,One year,False,Credit card (automatic),81.7,2548.65,No,0,25-36
6286-ZHAOK,Female,0,True,True,20,True,True,No,No,No,No,No,No,No,Month-to-month,True,Bank transfer (automatic),25.55,507.4,No,0,13-24
3807-XHCJH,Female,0,True,True,1,True,False,No,No,No,No,No,No,No,Month-to-month,False,Electronic check,20.0,20.0,No,0,0-12
3009-JWMPU,Male,0,False,False,62,True,True,Fiber optic,False,False,True,False,True,True,One year,True,Electronic check,96.75,6125.4,Yes,1,61-72
5671-RQRLP,Female,1,True,False,70,True,True,Fiber optic,False,False,False,False,False,False,Two year,True,Credit card (automatic),75.65,5411.4,No,0,61-72
1450-GALXR,Female,0,False,False,10,True,True,Fiber optic,False,False,False,True,True,True,Month-to-month,True,Electronic check,98.5,1058.25,Yes,1,0-12
8859-AXJZP,Male,0,True,True,39,True,True,No,No,No,No,No,No,No,Two year,True,Mailed check,23.8,903.8,No,0,37-48
3174-AKMAS,Female,0,True,False,46,True,False,DSL,False,True,False,True,True,False,Two year,True,Credit card (automatic),64.2,3009.5,No,0,37-48
3138-BKYAV,Male,0,False,False,6,True,False,Fiber optic,False,True,False,False,True,False,Month-to-month,True,Electronic check,85.35,489.45,Yes,1,0-12
9926-PJHDQ,Female,0,True,True,72,True,True,DSL,False,False,True,False,True,True,Two year,True,Bank transfer (automatic),76.8,5468.45,No,0,61-72
7382-DFJTU,Male,0,False,False,18,True,False,DSL,False,False,True,True,False,False,Month-to-month,False,Credit card (automatic),55.2,1058.1,No,0,13-24
2798-NYLMZ,Male,0,True,False,71,True,True,Fiber optic,True,False,True,True,True,True,Two year,True,Credit card (automatic),108.55,7616.0,No,0,61-72
4289-DTDKW,Male,0,True,False,40,True,True,Fiber optic,False,True,False,False,True,True,Month-to-month,True,Electronic check,101.3,4113.1,Yes,1,37-48
1820-TQVEV,Male,0,False,False,1,True,False,Fiber optic,False,False,False,False,False,False,Month-to-month,True,Electronic check,69.55,69.55,Yes,1,0-12
2239-JALAW,Male,0,False,False,58,True,True,Fiber optic,False,True,True,False,True,True,One year,True,Bank transfer (automatic),103.25,6017.65,Yes,1,49-60
4853-RULSV,Male,0,False,False,70,True,True,Fiber optic,True,False,False,True,True,True,Two year,True,Credit card (automatic),104.0,7250.15,Yes,1,61-72
8098-TDCBU,Female,0,True,False,42,True,True,No,No,No,No,No,No,No,Two year,False,Electronic check,25.25,1108.2,No,0,37-48
3551-GAEGL,Male,0,True,True,34,False,No,DSL,True,False,False,False,False,False,One year,False,Bank transfer (automatic),30.4,938.65,No,0,25-36
4785-NKHCX,Male,1,False,False,5,True,False,No,No,No,No,No,No,No,Month-to-month,False,Bank transfer (automatic),20.05,94.15,No,0,0-12
3196-NVXLZ,Female,0,False,False,25,True,True,Fiber optic,False,False,False,False,True,False,Month-to-month,True,Mailed check,84.6,2088.05,No,0,25-36
6275-YDUVO,Female,0,False,False,2,True,False,Fiber optic,False,False,True,False,False,True,Month-to-month,True,Mailed check,86.2,178.7,Yes,1,0-12
0036-IHMOT,Female,0,True,True,55,True,False,Fiber optic,False,True,True,True,True,True,One year,True,Bank transfer (automatic),103.7,5656.75,No,0,49-60
0115-TFERT,Male,0,True,False,21,True,True,Fiber optic,False,True,True,True,True,True,Month-to-month,True,Electronic check,111.2,2317.1,Yes,1,13-24
4178-EGMON,Male,0,True,False,70,True,True,Fiber optic,True,True,False,True,False,False,Two year,True,Credit card (automatic),88.0,5986.45,No,0,61-72
4220-TINQT,Female,0,True,False,61,True,True,Fiber optic,False,False,True,True,True,True,Month-to-month,True,Electronic check,106.35,6751.35,No,0,61-72
5318-YKDPV,Male,0,True,True,43,True,False,DSL,True,False,True,True,True,True,Two year,True,Credit card (automatic),79.15,3566.6,No,0,37-48
7975-TZMLR,Male,0,False,False,47,True,True,Fiber optic,False,True,True,False,True,True,One year,True,Electronic check,103.1,4889.3,No,0,37-48
0295-QVKPB,Male,0,False,False,5,True,False,DSL,False,False,True,True,True,False,Month-to-month,True,Credit card (automatic),63.95,318.1,No,0,0-12
4335-BSMJS,Female,0,False,False,62,True,True,No,No,No,No,No,No,No,Two year,True,Credit card (automatic),25.8,1563.95,No,0,61-72
2311-QYMUQ,Female,0,True,True,16,True,False,Fiber optic,False,True,True,False,True,False,Month-to-month,True,Credit card (automatic),89.45,1430.25,Yes,1,13-24
3643-AHCFP,Male,1,True,False,7,True,True,Fiber optic,False,False,False,False,True,True,Month-to-month,True,Bank transfer (automatic),95.6,644.35,Yes,1,0-12
9146-JRIOX,Female,0,True,True,14,True,True,No,No,No,No,No,No,No,Month-to-month,False,Mailed check,25.55,372.45,No,0,13-24
3104-OWCGK,Male,0,True,True,60,True,False,Fiber optic,False,True,True,False,True,False,One year,False,Electronic check,90.95,5453.4,Yes,1,49-60
5337-IIWKZ,Male,0,True,True,34,False,No,DSL,False,False,True,True,True,False,Month-to-month,True,Electronic check,44.85,1442.6,No,0,25-36
9101-BWFSS,Female,0,True,False,50,True,True,Fiber optic,True,True,False,True,True,True,One year,False,Electronic check,108.55,5610.7,Yes,1,49-60
9650-VBUOG,Male,0,True,True,38,True,True,No,No,No,No,No,No,No,Two year,False,Credit card (automatic),25.05,963.95,No,0,37-48
3487-EARAT,Female,0,True,True,70,True,False,DSL,True,True,True,True,False,True,One year,False,Credit card (automatic),74.1,5222.3,No,0,61-72
2672-TGEFF,Female,0,True,True,37,True,True,Fiber optic,False,True,False,False,True,False,Month-to-month,True,Electronic check,88.8,3340.55,No,0,37-48
9231-ZJYAM,Female,1,False,False,4,True,False,Fiber optic,False,False,False,False,True,False,Month-to-month,True,Electronic check,78.85,292.8,Yes,1,0-12
4250-WAROZ,Male,1,True,True,60,True,True,Fiber optic,True,True,False,False,False,True,Month-to-month,True,Electronic check,93.25,5774.55,No,0,49-60
8184-WMOFI,Male,0,True,True,62,True,False,DSL,True,False,True,True,False,True,One year,False,Credit card (automatic),71.4,4487.3,No,0,61-72
6982-SSHFK,Male,0,False,False,1,True,False,DSL,False,False,False,False,False,False,Month-to-month,False,Mailed check,44.4,44.4,Yes,1,0-12
6092-QZVPP,Male,0,False,False,36,True,False,DSL,True,False,True,True,True,True,Month-to-month,True,Credit card (automatic),79.2,2854.95,No,0,25-36
4625-LAMOB,Male,0,False,False,44,True,False,No,No,No,No,No,No,No,Two year,False,Credit card (automatic),20.4,905.55,No,0,37-48
0727-BMPLR,Female,1,False,False,55,True,True,Fiber optic,False,False,True,False,True,True,One year,True,Electronic check,100.0,5509.3,Yes,1,49-60
0392-BZIUW,Female,0,True,False,72,True,True,Fiber optic,True,False,True,False,True,True,Two year,True,Credit card (automatic),105.0,7589.8,No,0,61-72
1038-ZAGBI,Female,0,True,True,12,True,False,No,No,No,No,No,No,No,One year,False,Bank transfer (automatic),19.8,229.6,Yes,1,0-12
6549-NNDYT,Female,0,False,False,13,False,No,DSL,True,False,False,False,False,False,Month-to-month,True,Bank transfer (automatic),30.85,394.1,No,0,13-24
3027-ZTDHO,Male,0,False,False,1,True,False,Fiber optic,False,False,False,False,True,True,Month-to-month,True,Electronic check,89.9,89.9,Yes,1,0-12
0422-OHQHQ,Female,0,True,True,15,True,False,No,No,No,No,No,No,No,One year,False,Mailed check,20.55,295.95,No,0,13-24
6916-HIJSE,Female,0,False,False,65,True,False,DSL,True,True,True,True,True,True,Two year,True,Bank transfer (automatic),84.85,5459.2,No,0,61-72
2316-ESMLS,Female,0,True,True,12,False,No,DSL,True,False,False,True,False,False,One year,False,Credit card (automatic),33.15,444.75,No,0,0-12
9778-OGKQZ,Male,0,True,False,72,True,True,DSL,True,True,True,True,True,True,Two year,True,Credit card (automatic),92.0,6782.15,No,0,61-72
7408-OFWXJ,Female,0,True,True,72,True,True,DSL,True,True,True,True,True,True,Two year,False,Credit card (automatic),89.8,6510.45,No,0,61-72
6007-TCTST,Female,0,True,True,72,True,True,Fiber optic,True,True,True,True,True,True,Two year,True,Bank transfer (automatic),115.8,8476.5,No,0,61-72
2252-NKNSI,Male,0,False,True,52,True,True,DSL,True,True,False,True,True,True,Two year,True,Mailed check,85.15,4461.85,No,0,49-60
8713-IGZSO,Male,0,False,False,2,True,True,No,No,No,No,No,No,No,Month-to-month,False,Mailed check,24.85,62.0,No,0,0-12
7905-TVXTA,Female,0,False,False,5,True,False,DSL,True,False,False,True,True,False,Month-to-month,True,Electronic check,64.35,352.65,No,0,0-12
7695-PKLCZ,Female,0,False,False,68,True,False,No,No,No,No,No,No,No,Two year,False,Credit card (automatic),20.5,1424.9,No,0,61-72
2382-BCKQJ,Female,0,False,True,62,True,True,Fiber optic,False,False,True,False,True,True,One year,True,Electronic check,100.15,6413.65,Yes,1,61-72
8374-UULRV,Male,0,False,False,72,True,True,DSL,True,True,False,True,True,True,Two year,False,Credit card (automatic),86.05,6309.65,No,0,61-72
2207-NHRJK,Male,0,False,False,1,True,False,DSL,False,True,False,False,False,False,Month-to-month,False,Electronic check,50.8,50.8,Yes,1,0-12
3224-DFQNQ,Female,0,True,False,66,True,True,Fiber optic,True,True,False,True,False,False,One year,False,Electronic check,89.0,5898.6,No,0,61-72
5275-PMFUT,Male,0,True,True,72,False,No,DSL,True,True,True,True,True,True,Two year,True,Credit card (automatic),64.8,4719.75,No,0,61-72
4795-UXVCJ,Male,0,False,False,26,True,False,No,No,No,No,No,No,No,One year,False,Credit card (automatic),19.8,457.3,No,0,25-36
9777-IQHWP,Male,0,True,True,64,True,True,Fiber optic,True,False,True,False,False,True,Two year,False,Bank transfer (automatic),93.4,5822.3,No,0,61-72
0947-MUGVO,Male,1,True,False,20,True,False,Fiber optic,False,True,False,False,False,False,Month-to-month,True,Electronic check,73.65,1463.5,Yes,1,13-24
9944-HKVVB,Female,0,False,False,3,True,False,Fiber optic,False,True,False,False,True,True,Month-to-month,True,Electronic check,95.1,307.4,Yes,1,0-12
4124-MMETB,Male,0,False,False,22,True,True,Fiber optic,False,False,False,False,True,True,Month-to-month,True,Credit card (automatic),94.65,2104.55,Yes,1,13-24
3671-SHRSP,Male,0,True,False,4,True,False,Fiber optic,False,False,True,True,False,False,Month-to-month,True,Mailed check,80.6,319.15,Yes,1,0-12
0979-MOZQI,Male,0,True,False,62,False,No,DSL,False,False,False,True,True,False,Two year,True,Bank transfer (automatic),39.0,2337.45,No,0,61-72
2732-ISEZX,Female,0,False,False,5,True,False,No,No,No,No,No,No,No,Month-to-month,True,Mailed check,20.5,104.3,No,0,0-12
3313-QKNKB,Male,0,True,False,59,True,True,Fiber optic,False,False,False,False,False,True,One year,False,Electronic check,85.55,5084.65,Yes,1,49-60
0323-XWWTN,Male,0,False,True,3,True,True,No,No,No,No,No,No,No,Two year,True,Mailed check,26.4,121.25,No,0,0-12
1937-OTUKY,Female,0,True,False,72,True,True,Fiber optic,True,False,True,True,True,False,Two year,True,Bank transfer (automatic),98.2,7015.9,No,0,61-72
1573-LGXBA,Male,0,True,True,57,True,False,Fiber optic,False,True,True,False,True,True,One year,True,Credit card (automatic),97.55,5598.0,No,0,49-60
1764-VUUMT,Male,0,False,True,66,True,False,No,No,No,No,No,No,No,Two year,False,Credit card (automatic),19.95,1269.1,No,0,61-72
5073-WXOYN,Female,0,False,False,60,False,No,DSL,False,True,False,False,True,True,Month-to-month,True,Electronic check,50.8,3027.4,Yes,1,49-60
4713-ZBURT,Male,0,False,True,45,True,True,Fiber optic,False,False,True,False,True,True,Two year,False,Bank transfer (automatic),99.7,4634.35,No,0,37-48
3050-GBUSH,Female,0,False,False,3,False,No,DSL,False,False,False,False,True,False,Month-to-month,True,Credit card (automatic),34.8,113.95,No,0,0-12
0207-MDKNV,Female,0,False,False,15,True,False,Fiber optic,True,False,True,True,True,True,Month-to-month,False,Electronic check,105.1,1582.75,Yes,1,13-24
7876-AEHIG,Female,0,False,True,51,False,No,DSL,True,False,True,True,True,True,One year,False,Bank transfer (automatic),60.15,3077.0,No,0,49-60
7945-HLKEA,Female,0,False,False,60,True,True,DSL,True,False,True,True,False,False,One year,False,Electronic check,64.75,4039.5,No,0,49-60
9342-VNIMQ,Male,0,False,False,33,True,True,DSL,False,True,False,False,False,False,Month-to-month,True,Bank transfer (automatic),54.65,1665.2,No,0,25-36
9851-KIELU,Male,0,False,False,10,True,False,Fiber optic,True,True,True,True,True,True,Month-to-month,True,Electronic check,110.1,1043.3,Yes,1,0-12
3523-BRGUW,Male,1,False,False,26,True,False,No,No,No,No,No,No,No,One year,False,Credit card (automatic),19.3,504.2,No,0,25-36
3908-BLSYF,Female,0,False,False,6,True,False,Fiber optic,False,False,True,False,False,True,Month-to-month,False,Electronic check,83.9,497.55,Yes,1,0-12
3199-NPKCN,Female,0,True,False,67,True,True,Fiber optic,True,False,True,True,True,True,One year,True,Electronic check,111.25,7511.65,No,0,61-72
5170-PTRKA,Female,0,True,True,49,False,No,DSL,True,False,False,True,False,False,One year,True,Credit card (automatic),35.8,1782.0,No,0,49-60
4661-NJEUX,Male,0,False,False,1,True,False,No,No,No,No,No,No,No,Month-to-month,True,Mailed check,20.05,20.05,No,0,0-12
2123-AGEEN,Female,1,False,False,7,True,False,Fiber optic,False,False,True,False,True,False,Month-to-month,True,Electronic check,84.35,609.65,No,0,0-12
1258-YMZNM,Female,1,False,False,27,True,True,Fiber optic,True,True,True,False,True,True,One year,True,Bank transfer (automatic),110.5,2857.6,No,0,25-36
0048-LUMLS,Male,0,True,True,37,True,False,Fiber optic,False,False,False,False,True,True,One year,False,Credit card (automatic),91.2,3247.55,No,0,37-48
7549-MYGPK,Female,0,True,True,63,True,True,Fiber optic,True,True,True,False,True,False,Month-to-month,True,Electronic check,100.55,6215.35,Yes,1,61-72
5898-IGSLP,Male,0,True,True,31,True,True,Fiber optic,True,False,True,True,False,False,Month-to-month,False,Electronic check,89.3,2823.0,No,0,25-36
3804-RVTGV,Male,0,True,True,50,True,True,Fiber optic,False,True,True,False,True,True,Month-to-month,True,Bank transfer (automatic),103.85,5017.9,Yes,1,49-60
6259-WJQLC,Male,1,False,False,32,True,True,Fiber optic,False,False,True,False,False,False,Month-to-month,True,Credit card (automatic),81.1,2619.25,No,0,25-36
9227-LUNBG,Female,0,False,False,1,False,No,DSL,False,False,False,False,False,False,Month-to-month,False,Electronic check,24.6,24.6,Yes,1,0-12
7997-EASSD,Female,0,True,False,63,True,True,Fiber optic,False,False,False,True,False,False,One year,True,Credit card (automatic),81.2,4965.1,No,0,61-72
0730-KOAVE,Male,0,False,False,30,True,True,Fiber optic,True,True,False,False,False,True,Month-to-month,True,Credit card (automatic),94.3,2679.7,No,0,25-36
8975-SKGRX,Male,0,True,False,71,True,True,Fiber optic,True,True,True,True,True,True,Two year,True,Bank transfer (automatic),116.1,8310.55,No,0,61-72
0678-RLHVP,Female,0,False,False,53,True,True,Fiber optic,False,True,True,False,True,True,Two year,False,Electronic check,105.55,5682.25,No,0,49-60
4315-MURBD,Female,0,False,False,12,True,False,Fiber optic,True,False,False,True,True,True,Month-to-month,True,Bank transfer (automatic),98.9,1120.95,Yes,1,0-12
2267-FPIMA,Male,0,True,False,50,True,True,Fiber optic,True,True,False,False,False,True,Month-to-month,True,Credit card (automatic),94.4,4914.9,No,0,49-60
1051-GEJLJ,Female,0,False,False,2,True,False,No,No,No,No,No,No,No,Month-to-month,False,Mailed check,19.5,27.55,No,0,0-12
9734-YWGEX,Female,0,False,False,9,True,True,Fiber optic,False,False,True,False,True,True,Month-to-month,False,Credit card (automatic),98.3,923.5,Yes,1,0-12
2719-BDAQO,Male,0,False,False,17,True,False,Fiber optic,True,False,False,False,True,True,Month-to-month,False,Electronic check,93.85,1625.65,Yes,1,13-24
5285-MVEHD,Female,0,True,False,56,True,False,Fiber optic,True,True,True,False,True,True,One year,True,Credit card (automatic),105.6,6068.65,No,0,49-60
0379-DJQHR,Male,0,True,True,67,True,False,DSL,True,True,True,False,True,True,Two year,False,Credit card (automatic),81.35,5398.6,No,0,61-72
0781-LKXBR,Male,1,False,False,9,True,True,Fiber optic,False,False,True,False,True,True,Month-to-month,True,Electronic check,100.5,918.6,Yes,1,0-12
5543-QDCRY,Male,0,False,False,4,True,False,DSL,False,False,False,False,True,False,Month-to-month,True,Electronic check,56.4,234.85,No,0,0-12
0297-RBCSG,Male,0,False,False,19,True,False,DSL,False,True,False,True,False,True,One year,True,Bank transfer (automatic),65.35,1231.85,No,0,13-24
4694-PHWFW,Female,0,False,True,8,True,False,No,No,No,No,No,No,No,Month-to-month,False,Mailed check,19.95,170.9,No,0,0-12
0835-JKADZ,Female,0,False,False,71,True,True,Fiber optic,False,True,True,True,True,True,Two year,True,Electronic check,111.25,7984.15,No,0,61-72
1907-UBQFC,Male,1,False,False,10,True,False,Fiber optic,False,True,False,False,False,False,Month-to-month,True,Electronic check,72.85,688.65,Yes,1,0-12
7508-SMHXL,Female,1,False,False,15,True,True,Fiber optic,False,True,False,False,True,False,Month-to-month,False,Credit card (automatic),89.0,1288.3,No,0,13-24
3865-YIOTT,Male,0,True,True,72,True,True,Fiber optic,True,False,True,False,True,True,One year,True,Bank transfer (automatic),106.1,7848.5,No,0,61-72
5993-BQHEA,Male,0,False,False,12,True,False,No,No,No,No,No,No,No,One year,False,Credit card (automatic),20.05,267.0,No,0,0-12
6024-RUGGH,Male,0,True,True,72,True,True,No,No,No,No,No,No,No,Two year,True,Bank transfer (automatic),25.2,1798.9,No,0,61-72
6513-EECDB,Male,1,True,False,1,True,True,Fiber optic,False,False,False,False,False,False,Month-to-month,True,Electronic check,73.55,73.55,Yes,1,0-12
3956-CJUST,Female,1,False,False,23,True,False,Fiber optic,True,False,False,False,False,False,Month-to-month,True,Bank transfer (automatic),75.4,1643.55,No,0,13-24
4079-WWQQQ,Male,0,False,False,72,False,No,DSL,True,True,True,True,True,True,Two year,True,Bank transfer (automatic),65.55,4807.45,No,0,61-72
6103-BOCOU,Female,0,False,False,26,True,True,Fiber optic,False,False,True,False,False,False,Month-to-month,True,Electronic check,80.7,2193.0,No,0,25-36
5149-TGWDZ,Female,0,False,False,21,True,False,Fiber optic,False,True,True,True,True,True,One year,True,Mailed check,104.55,2239.4,No,0,13-24
7471-WNSUF,Male,0,True,False,60,True,True,No,No,No,No,No,No,No,One year,False,Bank transfer (automatic),24.15,1505.9,No,0,49-60
8942-DBMHZ,Male,0,False,False,12,True,False,No,No,No,No,No,No,No,Month-to-month,False,Mailed check,20.45,255.35,No,0,0-12
4301-VVZKA,Male,0,True,False,16,True,True,Fiber optic,False,False,False,False,False,False,Month-to-month,True,Electronic check,75.4,1189.4,No,0,13-24
9199-PWQVC,Female,0,True,False,63,True,True,DSL,True,True,False,False,True,True,One year,True,Credit card (automatic),79.7,4786.15,No,0,61-72
4824-GUCBY,Female,1,False,False,22,True,False,Fiber optic,True,True,False,False,False,False,Month-to-month,False,Electronic check,81.7,1820.9,No,0,13-24
5393-HJZSM,Female,0,True,True,32,True,False,DSL,True,True,True,True,False,True,Month-to-month,False,Bank transfer (automatic),76.3,2404.15,No,0,25-36
7074-IEVOJ,Female,1,False,False,3,True,True,Fiber optic,False,True,False,False,False,False,Month-to-month,True,Electronic check,79.4,205.05,Yes,1,0-12
9625-QSTYE,Female,0,False,False,13,True,False,Fiber optic,False,True,True,False,False,False,Month-to-month,True,Electronic check,81.15,952.3,Yes,1,13-24
0862-PRCBS,Female,0,True,True,68,True,True,Fiber optic,False,True,False,True,True,True,Two year,True,Credit card (automatic),103.75,7039.45,No,0,61-72
8812-ZRHFP,Female,0,True,True,30,True,False,Fiber optic,False,False,True,False,False,True,One year,False,Electronic check,86.45,2538.05,No,0,25-36
5146-CBVOE,Female,0,False,False,16,True,False,Fiber optic,False,True,False,False,False,False,Month-to-month,False,Bank transfer (automatic),75.1,1212.85,No,0,13-24
0454-OKRCT,Male,0,False,False,33,True,False,Fiber optic,False,True,False,True,False,False,Two year,False,Bank transfer (automatic),80.6,2651.1,No,0,25-36
5787-KXGIY,Male,0,True,False,72,True,False,No,No,No,No,No,No,No,Two year,False,Credit card (automatic),19.3,1304.8,No,0,61-72
4750-ZRXIU,Female,1,False,False,4,True,True,Fiber optic,False,False,False,False,False,True,Month-to-month,True,Electronic check,84.6,360.1,Yes,1,0-12
4198-VFOEA,Female,0,False,False,12,False,No,DSL,True,False,False,True,False,False,One year,True,Mailed check,33.6,435.45,No,0,0-12
6630-UJZMY,Female,1,True,False,4,True,True,Fiber optic,False,False,False,False,True,False,Month-to-month,True,Electronic check,83.25,308.05,No,0,0-12
5709-LVOEQ,Female,0,True,True,0,True,False,DSL,True,True,True,False,True,True,Two year,False,Mailed check,80.85,,No,0,0-12
6400-BWQKW,Female,0,False,False,6,True,True,Fiber optic,True,False,False,False,False,False,Month-to-month,True,Electronic check,79.05,434.5,Yes,1,0-12
2692-AQCPF,Female,0,True,False,65,True,True,Fiber optic,False,True,True,True,True,True,One year,True,Credit card (automatic),108.05,7118.9,No,0,61-72
0347-UBKUZ,Female,0,False,False,15,True,False,No,No,No,No,No,No,No,Month-to-month,False,Mailed check,19.9,320.45,No,0,13-24
0835-DUUIQ,Female,0,False,True,24,True,False,No,No,No,No,No,No,No,One year,False,Bank transfer (automatic),21.05,531.55,No,0,13-24
0811-GSDTP,Female,0,False,True,13,False,No,DSL,False,True,False,False,False,False,Month-to-month,False,Electronic check,30.15,382.2,No,0,13-24
7567-ECMCM,Male,0,False,False,24,True,False,Fiber optic,False,False,False,False,False,True,Month-to-month,True,Credit card (automatic),79.85,2001.0,No,0,13-24
6115-ZTBFQ,Female,0,True,False,72,False,No,DSL,True,True,True,True,True,True,Two year,False,Bank transfer (automatic),65.5,4919.7,No,0,61-72
6353-BRMMA,Female,0,True,True,54,True,True,Fiber optic,True,True,False,False,True,True,Month-to-month,True,Bank transfer (automatic),104.1,5645.8,No,0,49-60
6680-WKXRZ,Female,0,False,False,3,True,True,Fiber optic,False,False,False,False,False,False,Month-to-month,False,Bank transfer (automatic),74.4,215.8,Yes,1,0-12
6231-WFGFH,Male,0,True,True,4,True,False,No,No,No,No,No,No,No,Month-to-month,True,Mailed check,20.5,77.6,No,0,0-12
9904-EHEVJ,Female,1,True,True,32,True,True,Fiber optic,False,False,True,False,True,False,Month-to-month,True,Mailed check,91.35,2896.55,No,0,25-36
7028-DVOIQ,Male,1,False,False,35,True,True,Fiber optic,False,False,True,False,True,True,Month-to-month,True,Electronic check,99.05,3395.8,Yes,1,25-36
6169-PPETC,Male,0,True,True,35,True,False,No,No,No,No,No,No,No,Two year,False,Bank transfer (automatic),20.5,759.35,No,0,25-36
4208-UFFGW,Male,1,False,False,2,True,False,DSL,False,False,False,False,False,False,Month-to-month,False,Mailed check,44.95,85.15,Yes,1,0-12
8584-KMVXD,Female,0,False,False,8,True,False,Fiber optic,False,True,False,False,False,False,Month-to-month,False,Electronic check,75.6,535.55,No,0,0-12
8467-WYNSR,Male,0,False,False,22,True,False,DSL,True,False,False,True,False,False,Month-to-month,False,Mailed check,55.1,1253.15,No,0,13-24
0851-DFJKB,Female,0,False,False,15,True,False,DSL,True,False,True,True,False,False,Month-to-month,False,Electronic check,58.95,955.15,No,0,13-24
5382-SOYZL,Male,0,False,False,22,True,True,Fiber optic,False,False,False,False,True,True,Month-to-month,True,Electronic check,95.1,2162.6,No,0,13-24
9448-REEVD,Male,0,True,False,1,True,False,DSL,False,False,False,False,False,False,Month-to-month,False,Credit card (automatic),44.7,44.7,Yes,1,0-12
3261-CQXOL,Female,0,True,True,71,True,True,No,No,No,No,No,No,No,Two year,False,Bank transfer (automatic),25.45,1813.35,No,0,61-72
8388-FYNPZ,Male,0,False,False,4,True,False,DSL,True,False,True,False,False,False,Month-to-month,False,Electronic check,56.75,245.15,No,0,0-12
4002-BQWPQ,Male,0,False,False,25,True,True,DSL,True,True,True,True,False,True,Month-to-month,False,Bank transfer (automatic),81.75,2028.8,No,0,25-36
5651-YLPRD,Female,0,True,True,32,True,False,Fiber optic,False,True,False,False,True,False,Month-to-month,True,Electronic check,86.1,2723.75,No,0,25-36
2826-DXLQO,Male,1,True,False,7,False,No,DSL,True,False,False,False,False,False,Month-to-month,False,Bank transfer (automatic),29.8,220.45,No,0,0-12
4378-BZYFP,Male,0,False,False,17,True,False,No,No,No,No,No,No,No,One year,True,Mailed check,20.5,365.8,No,0,13-24
9489-UTFKA,Male,1,True,False,8,True,False,DSL,True,False,False,False,True,False,Month-to-month,False,Bank transfer (automatic),60.9,551.95,No,0,0-12
4849-PYRLQ,Female,1,False,False,56,True,True,DSL,True,False,True,True,False,True,Two year,False,Bank transfer (automatic),73.25,4054.2,No,0,49-60
9117-SHLZX,Male,0,False,False,1,True,False,DSL,False,False,False,False,False,False,Month-to-month,True,Mailed check,45.7,45.7,Yes,1,0-12
9889-TMAHG,Male,1,False,False,8,True,False,Fiber optic,True,False,False,True,True,True,Month-to-month,False,Credit card (automatic),100.3,832.35,Yes,1,0-12
4541-RMRLG,Male,0,False,False,7,True,False,No,No,No,No,No,No,No,Month-to-month,False,Electronic check,19.25,112.3,Yes,1,0-12
7764-BDPEE,Male,0,False,True,3,True,False,No,No,No,No,No,No,No,Month-to-month,False,Mailed check,20.85,60.65,No,0,0-12
3429-IFLEM,Female,0,False,False,71,True,False,DSL,True,True,True,True,True,False,Two year,False,Credit card (automatic),77.35,5550.1,No,0,61-72
3158-MOERK,Female,0,False,False,2,True,True,Fiber optic,False,False,False,False,True,True,Month-to-month,True,Electronic check,96.0,174.8,Yes,1,0-12
7294-TMAOP,Female,0,False,False,1,True,False,Fiber optic,False,False,False,False,True,True,Month-to-month,False,Electronic check,90.55,90.55,Yes,1,0-12
5002-GCQFH,Male,0,True,False,49,True,True,Fiber optic,True,True,False,False,True,False,Month-to-month,True,Bank transfer (automatic),93.85,4733.1,No,0,49-60
0556-FJEGU,Male,0,False,False,58,True,False,DSL,False,True,True,True,True,False,Two year,False,Bank transfer (automatic),70.1,4048.95,No,0,49-60
8919-FYFQZ,Male,1,True,False,44,False,No,DSL,False,True,False,False,False,False,Month-to-month,True,Electronic check,30.35,1359.7,Yes,1,37-48
0604-THJFP,Female,0,True,True,59,True,False,DSL,False,True,False,True,True,True,Two year,True,Credit card (automatic),75.95,4542.35,No,0,49-60
2834-JRTUA,Male,0,False,False,71,True,True,Fiber optic,True,False,True,True,True,True,Two year,True,Electronic check,108.05,7532.15,Yes,1,61-72
5875-YPQFJ,Male,0,False,False,1,True,False,Fiber optic,False,False,False,False,False,False,Month-to-month,True,Electronic check,69.9,69.9,Yes,1,0-12
5879-SESNB,Female,0,False,False,11,True,True,Fiber optic,False,False,False,False,False,False,Month-to-month,False,Electronic check,75.25,888.65,No,0,0-12
6646-QVXLR,Male,1,True,False,62,True,True,Fiber optic,False,True,True,False,True,True,One year,True,Electronic check,103.75,6383.35,Yes,1,61-72
6461-PPAXN,Female,0,True,True,35,True,False,DSL,True,False,False,True,False,False,One year,True,Bank transfer (automatic),54.95,1916.0,No,0,25-36
3318-ISQFQ,Female,0,False,False,20,True,False,No,No,No,No,No,No,No,Month-to-month,True,Bank transfer (automatic),19.5,413.0,No,0,13-24
1106-HRLKZ,Male,0,True,True,40,True,False,No,No,No,No,No,No,No,Two year,False,Mailed check,19.6,808.95,No,0,37-48
2483-XSSMZ,Female,0,False,False,39,True,False,DSL,True,False,False,False,False,False,One year,True,Electronic check,47.85,1886.4,No,0,37-48
8603-IJWDN,Male,0,False,False,1,True,True,Fiber optic,False,False,False,False,False,True,Month-to-month,True,Electronic check,86.6,86.6,Yes,1,0-12
8165-ZJRNM,Female,0,True,True,72,True,True,No,No,No,No,No,No,No,Two year,False,Bank transfer (automatic),23.75,1679.25,No,0,61-72
9369-XFEHK,Female,1,True,False,33,True,True,Fiber optic,False,True,False,False,False,False,Month-to-month,True,Bank transfer (automatic),80.6,2656.5,Yes,1,25-36
2604-XVDAM,Female,0,False,False,12,True,False,DSL,False,False,False,False,False,False,Month-to-month,False,Bank transfer (automatic),43.8,540.95,No,0,0-12
3717-OFRTN,Male,0,False,False,1,True,False,No,No,No,No,No,No,No,Month-to-month,False,Bank transfer (automatic),19.75,19.75,No,0,0-12
9046-JBFWA,Male,0,False,True,27,True,False,No,No,No,No,No,No,No,Month-to-month,False,Mailed check,19.15,537.35,No,0,25-36
3280-NMUVX,Male,0,True,True,34,True,False,No,No,No,No,No,No,No,One year,False,Credit card (automatic),19.6,678.8,No,0,25-36
1206-EHBDD,Female,0,True,False,56,True,False,Fiber optic,True,False,True,False,False,False,Two year,False,Bank transfer (automatic),80.3,4513.65,No,0,49-60
8361-LBRDI,Female,0,False,False,58,True,True,No,No,No,No,No,No,No,Two year,False,Credit card (automatic),24.35,1423.85,No,0,49-60
4883-KCPZJ,Female,0,True,True,22,True,True,No,No,No,No,No,No,No,Two year,False,Credit card (automatic),25.25,555.4,No,0,13-24
9108-EQPNQ,Female,0,True,True,10,True,True,No,No,No,No,No,No,No,Two year,False,Credit card (automatic),26.1,225.55,No,0,0-12
7277-KAMWT,Male,0,False,False,13,True,False,No,No,No,No,No,No,No,Two year,False,Credit card (automatic),20.0,268.45,No,0,13-24
3842-IYKUE,Female,0,False,False,35,True,True,Fiber optic,False,True,False,True,False,False,Month-to-month,False,Credit card (automatic),85.3,2917.5,Yes,1,25-36
6641-XRPSU,Female,0,False,False,34,True,False,Fiber optic,False,False,False,False,False,False,Month-to-month,True,Credit card (automatic),70.0,2416.1,Yes,1,25-36
1374-DMZUI,Female,1,False,False,4,True,True,Fiber optic,False,False,False,False,True,True,Month-to-month,True,Electronic check,94.3,424.45,Yes,1,0-12
2545-LXYVJ,Male,0,True,False,72,True,False,No,No,No,No,No,No,No,Two year,False,Bank transfer (automatic),20.7,1492.1,No,0,61-72
3234-VKACU,Male,0,False,False,2,True,False,DSL,False,False,False,True,True,True,Month-to-month,False,Electronic check,70.3,132.4,No,0,0-12
8357-EQXFO,Female,0,False,False,7,True,False,Fiber optic,False,False,True,False,True,True,Month-to-month,True,Electronic check,95.35,660.9,Yes,1,0-12
1989-PRJHP,Male,1,True,False,27,True,True,Fiber optic,False,False,False,False,False,False,Month-to-month,True,Electronic check,75.5,1893.95,Yes,1,25-36
8120-JDCAM,Male,0,True,True,4,True,False,Fiber optic,False,False,False,False,False,False,Month-to-month,True,Mailed check,69.55,284.9,No,0,0-12
8917-FAEMR,Female,0,False,False,37,True,False,No,No,No,No,No,No,No,Two year,False,Mailed check,19.85,784.25,No,0,37-48
7047-YXDMZ,Male,0,False,False,21,True,False,No,No,No,No,No,No,No,Month-to-month,False,Mailed check,20.0,417.7,No,0,13-24
2858-EIMXH,Female,1,True,False,53,True,True,Fiber optic,False,False,False,False,True,True,One year,True,Credit card (automatic),95.85,5016.25,No,0,49-60
9524-EGPJC,Female,0,False,False,18,True,True,Fiber optic,False,False,False,True,False,True,Month-to-month,True,Electronic check,90.1,1612.75,Yes,1,13-24
6993-OHLXR,Female,0,False,False,2,True,False,Fiber optic,False,False,False,False,False,False,Month-to-month,False,Electronic check,68.95,119.75,Yes,1,0-12
8818-XYFCQ,Male,0,True,True,32,True,True,Fiber optic,True,False,False,False,True,True,Month-to-month,True,Credit card (automatic),99.55,3204.65,Yes,1,25-36
6419-ZTTLE,Male,1,True,False,23,True,False,No,No,No,No,No,No,No,One year,True,Electronic check,20.75,485.2,No,0,13-24
0929-HYQEW,Male,0,False,False,3,True,False,DSL,True,False,False,False,False,False,Month-to-month,True,Mailed check,50.15,160.85,No,0,0-12
6614-YOLAC,Female,0,True,True,71,False,No,DSL,True,True,False,True,True,True,Two year,False,Mailed check,58.65,4145.25,No,0,61-72
7426-RHZGU,Male,0,False,False,9,True,False,Fiber optic,False,False,False,True,True,True,Month-to-month,True,Bank transfer (automatic),95.9,827.45,No,0,0-12
4065-JJAVA,Female,0,False,False,1,True,False,DSL,False,True,False,False,False,False,Month-to-month,False,Electronic check,49.5,49.5,No,0,0-12
4695-VADHF,Male,0,True,True,18,True,False,DSL,False,False,True,False,False,True,Month-to-month,False,Electronic check,57.45,990.85,Yes,1,13-24
3863-IUBJR,Male,0,True,True,12,True,False,DSL,False,False,False,False,False,True,One year,False,Credit card (automatic),53.65,696.35,Yes,1,0-12
7649-SIJJF,Male,0,True,False,71,True,True,DSL,True,True,True,True,False,True,Two year,True,Mailed check,80.1,5585.4,No,0,61-72
9361-YNQWJ,Female,0,False,False,64,True,True,No,No,No,No,No,No,No,One year,True,Bank transfer (automatic),24.4,1601.2,No,0,61-72
3748-FVMZZ,Male,0,False,False,4,False,No,DSL,False,False,False,True,False,True,Month-to-month,True,Electronic check,40.05,162.45,No,0,0-12
9391-TTOYH,Female,0,False,False,23,True,False,No,No,No,No,No,No,No,Month-to-month,True,Mailed check,19.5,470.2,No,0,13-24
1452-XRSJV,Female,0,True,True,39,True,False,DSL,True,False,False,False,False,False,Month-to-month,False,Credit card (automatic),51.05,2066.0,No,0,37-48
3422-WJOYD,Male,0,True,False,28,True,False,DSL,True,False,False,True,False,False,One year,False,Mailed check,54.35,1426.45,No,0,25-36
8242-SOQUO,Female,1,False,False,5,True,False,Fiber optic,False,True,False,False,True,False,Month-to-month,True,Electronic check,84.7,392.5,No,0,0-12
7460-ITWWP,Female,1,True,False,45,True,False,Fiber optic,False,False,True,False,False,True,Month-to-month,True,Electronic check,86.1,3861.45,No,0,37-48
7147-AYBAA,Male,0,False,False,37,True,False,Fiber optic,False,False,False,False,False,False,Month-to-month,True,Mailed check,70.35,2552.9,No,0,37-48
7868-TMWMZ,Female,1,True,False,60,True,False,Fiber optic,True,True,True,True,True,True,Two year,True,Bank transfer (automatic),110.0,6668.35,No,0,49-60
4822-RVYBB,Male,1,False,False,8,True,True,Fiber optic,False,False,True,False,True,True,Month-to-month,True,Electronic check,100.6,819.4,Yes,1,0-12
6732-FZUGP,Female,0,False,False,47,True,True,Fiber optic,True,False,True,False,True,False,One year,False,Credit card (automatic),94.9,4615.25,No,0,37-48
8436-BJUMM,Male,0,True,True,26,True,True,Fiber optic,False,False,False,False,True,False,Month-to-month,True,Electronic check,83.75,2070.6,Yes,1,25-36
4184-TJFAN,Female,1,True,True,3,True,False,Fiber optic,True,False,False,True,True,False,Month-to-month,True,Mailed check,88.3,273.75,Yes,1,0-12
8329-GWVPJ,Female,0,True,True,50,True,False,Fiber optic,False,False,False,False,False,False,Month-to-month,True,Bank transfer (automatic),69.75,3557.7,No,0,49-60
1352-VHKAJ,Male,0,True,True,27,True,True,DSL,False,False,False,True,True,True,Month-to-month,False,Bank transfer (automatic),71.6,1957.1,No,0,25-36
4145-UQXUQ,Female,1,False,False,8,True,False,Fiber optic,False,False,True,False,True,True,Month-to-month,True,Electronic check,92.1,729.95,Yes,1,0-12
2632-TACXW,Female,0,True,False,62,True,True,No,No,No,No,No,No,No,Two year,False,Bank transfer (automatic),23.65,1416.75,No,0,61-72
8146-QQKZH,Female,0,True,False,71,True,False,DSL,True,False,True,True,True,True,Two year,False,Bank transfer (automatic),81.85,5924.4,No,0,61-72
1767-CJKBA,Male,0,False,False,66,True,True,No,No,No,No,No,No,No,Two year,False,Mailed check,25.1,1697.7,No,0,61-72
6445-TNRXS,Male,0,True,True,68,True,True,Fiber optic,True,True,True,True,True,True,Two year,True,Bank transfer (automatic),114.7,7849.85,No,0,61-72
4581-LNWUM,Female,0,False,False,13,False,No,DSL,False,False,True,False,True,True,Month-to-month,False,Electronic check,49.15,649.4,No,0,13-24
4869-EPIUS,Male,0,True,False,56,True,False,Fiber optic,False,False,False,False,False,True,One year,True,Electronic check,80.9,4557.5,No,0,49-60
9948-YPTDG,Male,0,True,False,38,True,False,Fiber optic,True,True,False,False,False,False,Month-to-month,True,Electronic check,79.45,3013.05,Yes,1,37-48
1236-WFCDV,Male,1,False,False,14,True,False,Fiber optic,False,False,False,False,True,True,Month-to-month,False,Credit card (automatic),90.45,1266.1,Yes,1,13-24
1915-OAKWD,Female,0,False,True,16,True,False,No,No,No,No,No,No,No,One year,True,Bank transfer (automatic),19.3,360.35,No,0,13-24
7296-PIXQY,Female,0,True,True,14,True,False,Fiber optic,False,False,False,False,False,False,Month-to-month,False,Electronic check,70.2,1046.5,No,0,13-24
4883-QICIH,Male,0,True,True,32,True,False,Fiber optic,False,False,False,False,False,False,Month-to-month,True,Bank transfer (automatic),69.75,2347.9,Yes,1,25-36
3354-OADJP,Female,0,False,False,8,True,False,DSL,True,False,False,True,False,False,One year,False,Bank transfer (automatic),54.25,447.75,No,0,0-12
3524-WQDSG,Female,0,True,True,43,True,True,Fiber optic,False,False,True,False,True,True,Month-to-month,True,Bank transfer (automatic),99.3,4209.95,No,0,37-48
0810-DHDBD,Female,0,False,False,52,True,True,DSL,True,False,True,True,True,False,One year,False,Credit card (automatic),74.0,3877.65,No,0,49-60
4026-SKKHW,Male,0,False,False,3,True,False,DSL,False,False,False,True,False,False,Month-to-month,True,Mailed check,50.25,152.3,No,0,0-12
2829-HYVZP,Male,0,False,False,29,True,False,No,No,No,No,No,No,No,One year,True,Mailed check,19.8,572.2,No,0,25-36
8329-IBCTI,Female,0,False,False,1,True,False,No,No,No,No,No,No,No,Month-to-month,False,Mailed check,19.65,19.65,Yes,1,0-12
1271-SJBGZ,Male,1,False,False,12,False,No,DSL,False,False,True,True,False,True,Month-to-month,True,Electronic check,43.65,526.95,Yes,1,0-12
3845-JHAMY,Female,0,True,True,16,False,No,DSL,False,False,False,False,False,True,Month-to-month,True,Credit card (automatic),35.5,552.7,No,0,13-24
7013-PSXHK,Female,0,False,False,40,True,True,DSL,False,False,True,True,True,True,One year,True,Mailed check,80.75,3208.65,No,0,37-48
5669-SRAIP,Female,0,False,False,5,False,No,DSL,False,False,True,False,False,True,Month-to-month,False,Electronic check,39.5,210.75,Yes,1,0-12
5981-ITEMU,Male,0,True,False,40,True,True,Fiber optic,False,False,False,False,True,True,Month-to-month,True,Bank transfer (automatic),97.1,3706.95,Yes,1,37-48
3486-NPGST,Female,0,False,False,36,True,False,No,No,No,No,No,No,No,One year,False,Mailed check,19.55,620.75,No,0,25-36
6941-PMGEP,Female,0,False,False,5,True,False,Fiber optic,False,False,False,False,False,True,Month-to-month,True,Electronic check,80.0,412.5,Yes,1,0-12
1624-WOIWJ,Female,0,False,False,10,True,False,Fiber optic,True,False,False,False,True,False,Month-to-month,True,Mailed check,84.7,832.05,Yes,1,0-12
2074-GKOWZ,Male,0,True,True,2,True,False,Fiber optic,False,False,False,False,True,True,Month-to-month,True,Bank transfer (automatic),89.55,185.55,Yes,1,0-12
0376-YMCJC,Male,0,False,False,23,True,True,Fiber optic,False,False,False,True,True,False,Month-to-month,True,Electronic check,90.6,1943.2,Yes,1,13-24
6100-FJZDG,Male,0,True,True,26,True,False,No,No,No,No,No,No,No,One year,True,Bank transfer (automatic),20.05,505.9,No,0,25-36
4829-ZLJTK,Female,1,True,False,72,True,True,Fiber optic,True,True,True,False,True,True,Two year,True,Electronic check,112.4,8046.85,No,0,61-72
1730-VFMWO,Female,0,True,False,34,True,False,DSL,False,False,False,True,False,False,Month-to-month,False,Bank transfer (automatic),50.2,1815.3,No,0,25-36
7143-BQIBA,Male,0,False,False,10,True,False,DSL,True,False,False,True,True,False,Month-to-month,False,Bank transfer (automatic),62.25,612.95,No,0,0-12
3800-LYTRK,Female,0,False,False,14,True,False,DSL,True,False,False,True,False,False,One year,False,Mailed check,55.7,795.15,No,0,13-24
0634-SZPQA,Female,0,False,False,23,True,True,Fiber optic,True,False,False,False,True,False,Month-to-month,True,Bank transfer (automatic),90.05,2169.8,Yes,1,13-24
9646-NMHXE,Male,0,True,False,47,True,False,No,No,No,No,No,No,No,Two year,False,Mailed check,19.65,973.1,No,0,37-48
7030-NJVDP,Male,0,True,False,24,True,False,Fiber optic,True,False,False,True,False,True,Month-to-month,True,Electronic check,89.25,2210.2,No,0,13-24
5536-RTPWK,Male,0,True,False,49,True,True,Fiber optic,False,True,False,False,True,True,Month-to-month,True,Bank transfer (automatic),99.05,4853.75,Yes,1,49-60
8883-GRDWQ,Male,1,False,False,20,True,False,DSL,True,False,False,True,False,False,One year,False,Mailed check,54.0,1055.9,No,0,13-24
6166-ILMNY,Female,0,False,False,2,True,False,Fiber optic,False,False,False,False,False,False,Month-to-month,False,Bank transfer (automatic),69.75,144.55,Yes,1,0-12
3097-NNSPB,Female,0,False,False,2,True,False,DSL,False,True,False,False,False,False,Month-to-month,True,Credit card (automatic),49.05,91.1,Yes,1,0-12
7771-ZONAT,Male,0,False,False,22,False,No,DSL,False,False,True,True,True,True,Two year,False,Bank transfer (automatic),56.75,1304.85,No,0,13-24
0655-RBDUG,Male,0,False,False,7,True,True,Fiber optic,False,False,True,False,True,True,Month-to-month,True,Bank transfer (automatic),98.05,713.0,Yes,1,0-12
2111-DWYHN,Male,0,False,False,1,True,False,No,No,No,No,No,No,No,Month-to-month,False,Mailed check,21.1,21.1,No,0,0-12
4194-WHFCB,Female,0,True,True,59,True,True,Fiber optic,False,True,False,True,False,True,Month-to-month,True,Bank transfer (automatic),96.65,5580.8,No,0,49-60
4121-AGSIN,Female,0,True,True,58,True,True,No,No,No,No,No,No,No,One year,True,Credit card (automatic),24.5,1497.9,No,0,49-60
4361-BKAXE,Female,0,False,False,41,True,True,Fiber optic,True,True,True,True,True,True,Month-to-month,True,Bank transfer (automatic),114.5,4527.45,Yes,1,37-48
9845-PEEKO,Female,1,False,False,59,True,True,Fiber optic,False,True,False,False,False,False,Two year,True,Credit card (automatic),79.2,4590.35,No,0,49-60
0455-XFASS,Female,0,True,True,3,True,False,Fiber optic,False,False,False,False,False,False,Month-to-month,True,Electronic check,69.55,200.2,No,0,0-12
0301-KOBTQ,Male,0,False,False,32,True,False,No,No,No,No,No,No,No,Two year,True,Bank transfer (automatic),20.05,614.45,No,0,25-36
1751-NCDLI,Male,1,True,False,46,True,True,Fiber optic,False,False,True,False,True,True,Month-to-month,True,Electronic check,98.85,4564.9,No,0,37-48
4367-NUYAO,Male,0,True,True,0,True,True,No,No,No,No,No,No,No,Two year,False,Mailed check,25.75,,No,0,0-12
9878-TNQGW,Male,0,False,False,2,True,False,Fiber optic,False,False,False,False,False,True,Month-to-month,True,Electronic check,80.95,171.15,Yes,1,0-12
9170-ARBTB,Female,0,True,True,52,True,False,No,No,No,No,No,No,No,One year,False,Credit card (automatic),19.6,1012.4,No,0,49-60
4441-NIHPT,Female,1,False,False,13,True,False,Fiber optic,False,False,True,False,False,False,Month-to-month,True,Electronic check,74.3,940.35,Yes,1,13-24
8999-BOHSE,Female,1,False,False,11,True,False,Fiber optic,False,False,False,False,True,True,Month-to-month,False,Bank transfer (automatic),89.7,1047.7,Yes,1,0-12
7241-AJHFS,Male,0,False,False,32,True,True,Fiber optic,True,False,False,True,False,False,Month-to-month,False,Bank transfer (automatic),87.65,2766.4,No,0,25-36
7029-RPUAV,Male,1,True,False,17,True,True,Fiber optic,False,False,True,False,True,True,Month-to-month,True,Credit card (automatic),100.45,1622.45,Yes,1,13-24
4546-FOKWR,Female,0,False,False,16,True,True,Fiber optic,False,False,False,False,False,False,Month-to-month,True,Credit card (automatic),74.75,1129.35,No,0,13-24
9036-CSKBW,Female,0,False,False,51,True,True,Fiber optic,True,True,True,False,True,True,One year,False,Bank transfer (automatic),107.45,5680.9,No,0,49-60
5832-TRLPB,Male,0,False,False,29,True,False,DSL,False,False,True,True,True,True,One year,True,Bank transfer (automatic),75.35,2243.9,No,0,25-36
8590-YFFQO,Male,0,True,False,70,True,False,DSL,True,True,True,True,False,False,Two year,False,Credit card (automatic),64.95,4523.25,No,0,61-72
8659-IOOPU,Female,0,True,True,71,True,True,Fiber optic,True,False,True,True,False,True,Two year,False,Electronic check,100.45,7159.7,No,0,61-72
1338-CECEE,Male,0,True,True,41,True,True,DSL,False,True,True,False,True,False,One year,False,Bank transfer (automatic),68.5,2839.95,No,0,37-48
7439-DKZTW,Male,0,False,False,1,True,False,Fiber optic,False,False,False,False,True,False,Month-to-month,True,Electronic check,80.55,80.55,No,0,0-12
4646-QZXTF,Female,0,True,False,7,True,False,DSL,True,False,True,True,True,True,Month-to-month,False,Bank transfer (automatic),81.25,580.1,No,0,0-12
4607-CHPCA,Male,0,True,True,25,True,False,Fiber optic,False,False,False,False,True,True,One year,True,Electronic check,90.4,2178.6,Yes,1,25-36
9742-XOKTS,Male,0,True,True,67,True,True,Fiber optic,True,True,False,True,False,False,One year,False,Electronic check,89.55,6038.55,No,0,61-72
6921-OZMFH,Male,0,True,True,5,True,True,DSL,False,False,False,True,False,False,Month-to-month,True,Mailed check,55.7,259.4,No,0,0-12
9578-FOMUK,Male,0,False,True,15,True,True,No,No,No,No,No,No,No,Month-to-month,True,Electronic check,24.8,324.15,No,0,13-24
4712-UYOOI,Female,0,True,True,20,True,False,No,No,No,No,No,No,No,Month-to-month,False,Electronic check,20.0,417.65,No,0,13-24
8824-RWFXJ,Male,0,True,True,3,True,False,DSL,False,True,True,False,False,False,Month-to-month,True,Mailed check,56.15,168.15,Yes,1,0-12
7722-CVFXN,Male,0,True,True,54,True,True,Fiber optic,False,True,False,True,True,True,One year,True,Electronic check,105.2,5637.85,No,0,49-60
8717-VCTXJ,Male,0,False,False,42,True,False,No,No,No,No,No,No,No,One year,True,Mailed check,19.55,839.4,No,0,37-48
7363-QTBIW,Female,0,True,False,9,True,False,Fiber optic,False,False,False,False,False,True,Month-to-month,True,Electronic check,79.75,769.1,No,0,0-12
4159-NAAIX,Female,0,False,False,63,True,True,Fiber optic,False,True,False,False,True,True,Two year,False,Bank transfer (automatic),97.45,6253.0,No,0,61-72
0971-QIFJK,Female,0,True,False,69,True,True,No,No,No,No,No,No,No,Two year,False,Bank transfer (automatic),24.25,1641.8,No,0,61-72
9397-TZSHA,Female,0,False,False,69,True,True,No,No,No,No,No,No,No,Two year,False,Credit card (automatic),24.6,1678.05,No,0,61-72
3391-JSQEW,Male,0,True,False,40,True,False,DSL,False,True,False,False,False,False,Month-to-month,True,Mailed check,50.15,2058.5,No,0,37-48
0343-QLUZP,Male,0,False,False,60,False,No,DSL,True,True,True,False,False,False,Two year,False,Bank transfer (automatic),39.6,2424.5,No,0,49-60
9763-PDTKK,Female,0,False,False,4,True,False,Fiber optic,True,False,True,True,False,True,Month-to-month,True,Bank transfer (automatic),94.4,387.2,Yes,1,0-12
2176-LVPNX,Female,1,False,False,71,True,True,DSL,True,True,True,True,True,True,Two year,False,Mailed check,89.85,6293.45,No,0,61-72
7627-JKIAZ,Female,0,True,False,37,True,True,Fiber optic,False,False,True,False,False,False,Month-to-month,True,Credit card (automatic),78.95,2839.65,Yes,1,37-48
3312-UUMZW,Male,0,True,False,32,True,True,Fiber optic,False,True,False,False,True,True,Month-to-month,True,Credit card (automatic),98.85,3145.9,No,0,25-36
1271-UODNO,Male,0,False,False,39,True,True,DSL,False,False,False,True,False,False,Two year,True,Credit card (automatic),53.85,2200.7,No,0,37-48
8461-EFQYM,Female,0,False,False,38,True,True,No,No,No,No,No,No,No,One year,True,Electronic check,24.25,914.4,No,0,37-48
6900-RBKER,Male,0,False,False,52,True,True,Fiber optic,False,False,True,False,False,True,Two year,True,Credit card (automatic),89.45,4577.75,No,0,49-60
6891-JPYFF,Female,0,True,True,48,True,True,Fiber optic,True,True,False,False,True,True,Month-to-month,True,Credit card (automatic),105.25,4997.5,No,0,37-48
1459-QNFQT,Male,0,True,True,70,False,No,DSL,True,False,True,True,True,True,Two year,False,Bank transfer (automatic),59.5,4144.8,No,0,61-72
1047-NNCBF,Male,0,False,False,20,True,False,Fiber optic,False,False,False,False,False,False,Month-to-month,False,Credit card (automatic),70.55,1493.55,No,0,13-24
3696-XRIEN,Female,0,False,False,50,True,True,DSL,True,False,True,True,True,True,One year,True,Credit card (automatic),82.5,4179.1,No,0,49-60
4081-DYXAV,Female,0,False,False,19,False,No,DSL,False,False,False,False,True,True,One year,True,Credit card (automatic),44.85,893.55,Yes,1,13-24
0074-HDKDG,Male,0,True,True,25,True,False,DSL,True,True,True,False,False,False,One year,True,Bank transfer (automatic),61.6,1611.0,No,0,25-36
8791-GFXLZ,Male,0,False,False,12,True,False,DSL,False,True,False,False,False,False,Month-to-month,True,Bank transfer (automatic),49.05,593.05,No,0,0-12
8111-SLLHI,Male,1,True,False,39,True,True,Fiber optic,False,True,True,False,True,True,Month-to-month,True,Electronic check,105.65,4284.8,Yes,1,37-48
0927-LCSMG,Male,0,False,False,7,True,False,Fiber optic,False,False,True,False,False,False,Month-to-month,False,Mailed check,74.65,544.55,Yes,1,0-12
9330-DHBFL,Female,0,True,True,23,True,False,DSL,True,True,True,True,False,False,One year,True,Mailed check,66.25,1533.8,No,0,13-24
0098-BOWSO,Male,0,False,False,27,True,False,No,No,No,No,No,No,No,Month-to-month,True,Electronic check,19.4,529.8,No,0,25-36
3452-ABWRL,Male,1,False,False,47,True,True,Fiber optic,False,False,False,False,True,False,Month-to-month,True,Credit card (automatic),86.05,3865.6,No,0,37-48
5859-HZYLF,Male,0,True,True,26,True,False,No,No,No,No,No,No,No,Two year,True,Credit card (automatic),19.15,515.75,No,0,25-36
8257-RZAHR,Female,0,True,False,14,True,True,DSL,True,False,False,False,True,False,Month-to-month,True,Bank transfer (automatic),64.7,941.0,Yes,1,13-24
5293-WXJAK,Female,1,True,False,11,True,True,Fiber optic,False,False,True,True,True,True,Month-to-month,True,Bank transfer (automatic),104.05,1133.65,Yes,1,0-12
3156-QLHBO,Male,0,False,True,2,True,False,No,No,No,No,No,No,No,Month-to-month,False,Mailed check,19.25,48.35,No,0,0-12
2208-NQBCT,Female,0,True,True,26,True,False,Fiber optic,True,True,False,False,False,False,Month-to-month,False,Electronic check,81.95,2070.05,No,0,25-36
1779-PWPMG,Female,1,True,False,72,True,True,Fiber optic,True,True,True,True,True,True,Two year,True,Bank transfer (automatic),114.65,8333.95,No,0,61-72
6621-NRZAK,Female,0,True,True,63,True,False,No,No,No,No,No,No,No,Two year,False,Credit card (automatic),20.0,1209.25,No,0,61-72
0831-JNISG,Male,0,True,True,71,True,False,No,No,No,No,No,No,No,Two year,False,Mailed check,19.8,1396.25,No,0,61-72
0774-IFUVM,Male,0,True,True,11,True,True,DSL,True,False,False,False,True,False,Month-to-month,True,Bank transfer (automatic),65.15,723.35,No,0,0-12
3082-WQRVY,Male,1,True,False,14,True,False,No,No,No,No,No,No,No,One year,False,Mailed check,19.65,228.65,No,0,13-24
9553-DLCLU,Female,0,False,True,13,True,True,DSL,True,True,True,True,True,True,Two year,False,Credit card (automatic),88.95,1161.75,No,0,13-24
1641-BYBTK,Male,0,False,True,6,True,False,No,No,No,No,No,No,No,Month-to-month,True,Mailed check,20.2,98.35,No,0,0-12
2460-NGXBJ,Male,1,True,True,11,True,True,Fiber optic,False,False,False,False,False,False,Month-to-month,True,Credit card (automatic),75.2,775.3,No,0,0-12
2446-ZKVAF,Male,0,True,False,18,True,True,DSL,False,True,False,False,False,False,Month-to-month,False,Credit card (automatic),56.8,1074.65,No,0,13-24
0841-NULXI,Male,0,False,False,1,False,No,DSL,False,False,False,False,False,True,Month-to-month,True,Electronic check,35.55,35.55,Yes,1,0-12
3522-CDKHF,Female,0,True,False,32,True,False,Fiber optic,True,False,False,False,False,False,Month-to-month,True,Bank transfer (automatic),75.5,2324.7,No,0,25-36
1430-SFQSA,Male,0,False,False,29,False,No,DSL,True,False,False,True,False,False,One year,False,Mailed check,35.6,1072.6,No,0,25-36
0411-EZJZE,Female,0,False,False,3,True,True,DSL,False,False,False,False,True,False,Month-to-month,True,Electronic check,60.25,170.5,No,0,0-12
7851-WZEKY,Female,0,False,False,2,True,True,Fiber optic,False,False,False,False,True,True,Month-to-month,True,Electronic check,95.15,196.9,Yes,1,0-12
8844-TONUD,Male,0,True,True,13,True,False,Fiber optic,False,False,True,False,True,True,Month-to-month,True,Mailed check,96.65,1162.85,Yes,1,13-24
8807-ARQET,Female,0,False,False,41,False,No,DSL,False,True,False,False,False,True,Month-to-month,True,Electronic check,40.35,1677.85,No,0,37-48
8992-CEUEN,Female,0,False,False,1,True,False,No,No,No,No,No,No,No,Month-to-month,False,Electronic check,18.85,18.85,No,0,0-12
4320-QMLLA,Male,0,False,False,7,True,False,DSL,False,False,False,False,True,False,Month-to-month,False,Mailed check,54.85,370.4,No,0,0-12
8777-PVYGU,Female,0,True,False,52,True,False,DSL,True,False,True,False,True,False,One year,True,Mailed check,64.3,3410.6,No,0,49-60
8292-ITGYJ,Female,0,True,True,45,True,True,No,No,No,No,No,No,No,Two year,True,Bank transfer (automatic),24.65,1138.8,No,0,37-48
6870-ZWMNX,Male,0,True,False,70,True,True,DSL,False,True,True,True,True,False,Two year,False,Credit card (automatic),76.1,5264.25,No,0,61-72
0621-CXBKL,Female,0,False,False,53,True,False,No,No,No,No,No,No,No,Two year,False,Mailed check,18.7,1005.7,No,0,49-60
5268-DSMNQ,Female,1,True,False,62,True,True,Fiber optic,False,True,True,False,True,False,One year,True,Credit card (automatic),97.95,5936.55,No,0,61-72
5334-JLAXU,Female,0,True,False,60,True,True,Fiber optic,True,True,False,False,False,True,Month-to-month,True,Credit card (automatic),94.1,5475.9,No,0,49-60
4086-YQSNZ,Female,1,True,False,3,True,False,Fiber optic,False,False,False,False,True,False,Month-to-month,True,Electronic check,80.4,224.05,Yes,1,0-12
6242-MBHPK,Female,1,True,False,23,True,False,Fiber optic,True,False,False,False,True,True,Month-to-month,True,Electronic check,95.1,2326.05,No,0,13-24
5868-CZJDR,Male,0,False,True,1,False,No,DSL,False,True,False,False,False,False,Month-to-month,True,Mailed check,31.35,31.35,Yes,1,0-12
9359-UGBTK,Female,0,False,False,67,True,False,DSL,True,False,True,True,False,True,One year,True,Bank transfer (automatic),72.35,4991.5,No,0,61-72
0135-NMXAP,Female,0,False,False,12,True,True,Fiber optic,False,True,False,False,True,False,Month-to-month,True,Bank transfer (automatic),89.75,1052.4,Yes,1,0-12
4782-OSFXZ,Female,1,True,False,71,True,True,DSL,True,True,True,True,False,True,Two year,True,Bank transfer (automatic),82.7,5831.2,No,0,61-72
6479-OAUSD,Male,0,False,False,25,True,False,No,No,No,No,No,No,No,One year,False,Credit card (automatic),19.9,510.8,No,0,25-36
7129-ACFOG,Female,0,False,False,5,True,True,DSL,True,False,False,False,False,False,Month-to-month,True,Electronic check,53.8,283.95,No,0,0-12
4189-NAKJS,Male,0,False,False,26,True,True,DSL,False,False,False,False,False,False,One year,True,Credit card (automatic),51.55,1295.4,No,0,25-36
5562-BETPV,Male,0,True,True,1,True,False,No,No,No,No,No,No,No,One year,False,Mailed check,19.65,19.65,No,0,0-12
1282-IHQAC,Male,1,False,False,70,False,No,DSL,False,True,True,False,True,False,One year,True,Credit card (automatic),44.05,3011.65,No,0,61-72
9127-FHJBZ,Male,0,True,True,72,True,True,Fiber optic,True,True,True,True,True,True,Two year,True,Electronic check,114.0,8093.15,No,0,61-72
6270-OMFIW,Male,0,True,False,60,True,False,Fiber optic,False,True,False,False,True,True,One year,True,Electronic check,94.4,5610.25,Yes,1,49-60
1641-RQDAY,Female,1,True,True,32,True,True,Fiber optic,False,True,False,False,True,True,Month-to-month,True,Electronic check,100.4,3217.65,No,0,25-36
0107-WESLM,Male,0,False,False,1,True,False,No,No,No,No,No,No,No,Month-to-month,True,Electronic check,19.85,19.85,Yes,1,0-12
6994-ORCWG,Female,0,False,False,14,True,True,DSL,False,True,False,False,False,False,One year,True,Mailed check,54.25,773.2,No,0,13-24
1346-UFHAX,Female,0,False,False,13,True,True,Fiber optic,True,False,False,False,False,False,Month-to-month,True,Credit card (automatic),80.0,1029.35,No,0,13-24
3992-YWPKO,Female,0,False,False,6,True,True,Fiber optic,False,True,True,True,True,True,Month-to-month,True,Credit card (automatic),109.9,669.45,Yes,1,0-12
2933-XEUJM,Female,0,False,False,46,True,True,DSL,True,False,True,False,True,True,Two year,False,Mailed check,79.2,3593.8,No,0,37-48
0125-LZQXK,Male,0,False,False,15,True,False,Fiber optic,False,False,True,True,True,True,Month-to-month,True,Electronic check,101.35,1553.95,Yes,1,13-24
5461-QKNTN,Male,1,True,False,43,True,True,Fiber optic,False,True,False,True,True,False,Month-to-month,True,Electronic check,94.3,3953.15,No,0,37-48
4835-YSJMR,Male,0,False,False,39,True,False,DSL,False,False,False,True,False,False,Two year,True,Bank transfer (automatic),49.8,1971.15,No,0,37-48
8399-YNDCH,Male,1,False,False,21,True,False,DSL,False,False,True,False,True,False,Month-to-month,True,Bank transfer (automatic),60.05,1236.15,Yes,1,13-24
3164-YAXFY,Male,0,False,False,57,False,No,DSL,True,False,True,False,True,True,Month-to-month,True,Electronic check,53.75,3196.0,No,0,49-60
0887-WBJVH,Female,0,True,False,53,True,False,Fiber optic,False,False,False,True,True,True,One year,True,Electronic check,93.45,4872.2,No,0,49-60
4660-IRIBM,Male,0,True,True,18,True,False,Fiber optic,True,False,True,False,True,False,Month-to-month,True,Mailed check,87.9,1500.5,No,0,13-24
5673-FSSMF,Female,0,False,False,1,True,True,DSL,False,False,False,False,False,True,Month-to-month,True,Electronic check,60.15,60.15,Yes,1,0-12
7670-ZBPOQ,Female,0,True,False,58,True,True,DSL,True,False,False,True,False,False,One year,True,Bank transfer (automatic),61.05,3478.75,No,0,49-60
8089-UZWLX,Female,1,False,False,71,True,True,Fiber optic,False,False,True,False,True,True,Two year,False,Bank transfer (automatic),104.05,7413.55,No,0,61-72
0080-OROZO,Female,0,False,False,35,True,False,Fiber optic,False,False,True,True,True,True,One year,True,Electronic check,99.25,3532.0,No,0,25-36
3916-NRPAP,Male,0,False,False,3,True,False,Fiber optic,False,False,True,False,False,True,Month-to-month,False,Credit card (automatic),85.7,256.75,No,0,0-12
6807-SIWJI,Male,0,False,False,38,True,True,Fiber optic,True,True,False,False,True,True,One year,True,Electronic check,104.85,3887.25,No,0,37-48
8221-HVAYI,Male,0,True,True,35,True,True,DSL,True,True,True,True,False,False,Two year,True,Credit card (automatic),69.15,2490.15,No,0,25-36
1579-KLYDT,Male,0,False,False,7,True,True,Fiber optic,False,False,True,False,True,False,Month-to-month,True,Electronic check,90.45,593.45,Yes,1,0-12
5232-NXPAY,Female,0,False,False,47,True,False,DSL,False,False,True,True,True,True,Two year,False,Mailed check,74.45,3510.3,No,0,37-48
8967-SZQAS,Female,0,False,False,14,True,False,DSL,False,True,False,False,False,False,Month-to-month,False,Electronic check,50.45,765.45,No,0,13-24
4468-KAZHE,Female,1,True,False,20,True,False,DSL,False,True,False,False,False,True,Month-to-month,True,Electronic check,60.0,1259.35,No,0,13-24
0455-ENTCR,Male,0,True,False,66,True,True,DSL,True,True,False,True,True,True,Two year,False,Electronic check,85.25,5538.35,No,0,61-72
8944-AILEF,Male,0,True,False,15,True,False,No,No,No,No,No,No,No,Month-to-month,True,Credit card (automatic),19.45,340.85,No,0,13-24
5542-NKVRU,Female,0,False,False,42,True,False,No,No,No,No,No,No,No,Two year,True,Bank transfer (automatic),20.75,844.45,No,0,37-48
7126-RBHSD,Female,0,True,False,17,True,True,Fiber optic,True,False,False,False,False,False,Month-to-month,False,Electronic check,78.9,1348.95,No,0,13-24
5370-IIVVL,Male,0,False,False,37,True,True,Fiber optic,False,True,False,True,True,True,One year,True,Credit card (automatic),104.5,3778.0,No,0,37-48
6789-HJBWG,Female,0,False,False,12,True,False,DSL,False,True,False,False,False,False,Month-to-month,True,Electronic check,49.4,611.65,No,0,0-12
3927-NLNRY,Male,0,True,False,53,True,False,Fiber optic,False,True,False,False,True,True,One year,True,Bank transfer (automatic),94.25,4867.95,Yes,1,49-60
9087-EYCPR,Female,0,False,False,60,True,True,No,No,No,No,No,No,No,Two year,False,Mailed check,25.0,1505.05,No,0,49-60
6791-YBNAK,Male,0,True,True,18,False,No,DSL,False,False,False,False,False,False,Month-to-month,False,Credit card (automatic),25.55,467.85,No,0,13-24
6358-LYNGM,Male,0,False,False,1,True,True,Fiber optic,False,False,False,False,False,False,Month-to-month,True,Electronic check,74.9,74.9,Yes,1,0-12
6077-BDPXA,Female,0,False,False,3,True,False,Fiber optic,False,False,False,False,False,False,Month-to-month,True,Electronic check,70.15,194.2,No,0,0-12
0013-MHZWF,Female,0,False,True,9,True,False,DSL,False,False,False,True,True,True,Month-to-month,True,Credit card (automatic),69.4,571.45,No,0,0-12
5494-HECPR,Female,0,False,False,1,True,False,Fiber optic,False,False,False,False,True,False,Month-to-month,True,Electronic check,80.25,80.25,Yes,1,0-12
8268-YDIXR,Male,0,True,False,56,True,True,Fiber optic,True,True,True,False,False,False,One year,True,Electronic check,93.15,5253.95,No,0,49-60
9824-BEMCV,Male,0,True,True,17,True,False,Fiber optic,False,False,False,False,False,False,Month-to-month,True,Electronic check,69.0,1149.65,Yes,1,13-24
1373-ORVIZ,Female,0,True,True,11,True,True,DSL,False,False,False,True,False,True,Month-to-month,True,Electronic check,66.35,740.8,Yes,1,0-12
4291-SHSBH,Male,0,False,False,7,True,False,Fiber optic,False,False,False,False,False,False,Month-to-month,True,Electronic check,69.55,521.35,No,0,0-12
6980-IMXXE,Female,0,True,True,69,True,False,No,No,No,No,No,No,No,Two year,False,Bank transfer (automatic),20.2,1412.65,No,0,61-72
9866-QEVEE,Male,0,False,False,19,True,True,Fiber optic,False,False,False,False,False,True,Month-to-month,True,Bank transfer (automatic),86.0,1532.45,Yes,1,13-24
9897-KXHCM,Female,0,True,True,3,True,False,Fiber optic,False,False,False,False,False,True,Month-to-month,True,Electronic check,80.3,250.05,Yes,1,0-12
0040-HALCW,Male,0,True,True,54,True,False,No,No,No,No,No,No,No,Two year,False,Credit card (automatic),20.4,1090.6,No,0,49-60
0784-GTUUK,Male,0,True,False,62,True,True,No,No,No,No,No,No,No,One year,True,Credit card (automatic),23.75,1446.8,No,0,61-72
7979-CORPM,Male,0,False,False,24,True,True,Fiber optic,False,True,False,False,True,False,Month-to-month,True,Credit card (automatic),90.55,2282.55,Yes,1,13-24
2294-DMMUS,Female,0,True,True,62,True,True,DSL,False,False,False,False,True,True,Month-to-month,True,Credit card (automatic),70.45,4300.45,No,0,61-72
0872-JCPIB,Male,0,False,False,17,True,True,DSL,True,False,False,False,False,True,Month-to-month,False,Bank transfer (automatic),65.75,1111.2,No,0,13-24
3055-MJDSB,Male,0,False,False,9,False,No,DSL,False,False,False,False,False,False,Month-to-month,True,Mailed check,24.6,190.1,No,0,0-12
9091-WTUUY,Male,0,True,True,64,True,False,DSL,True,False,True,True,True,False,Two year,False,Mailed check,69.25,4447.75,No,0,61-72
1618-CFHME,Female,0,False,False,2,True,True,Fiber optic,False,False,False,False,False,False,Month-to-month,True,Electronic check,75.9,143.35,Yes,1,0-12
3165-HDOEW,Male,0,True,True,1,True,False,DSL,False,False,False,False,False,False,Month-to-month,True,Mailed check,45.85,45.85,Yes,1,0-12
6581-NQCBA,Female,0,True,False,16,False,No,DSL,False,False,False,True,True,True,Month-to-month,True,Electronic check,49.95,810.2,Yes,1,13-24
7115-IRDHS,Female,0,True,False,72,True,True,No,No,No,No,No,No,No,Two year,False,Bank transfer (automatic),24.65,1830.05,No,0,61-72
8496-DMZUK,Male,0,False,False,30,True,True,Fiber optic,True,True,True,False,False,False,One year,False,Bank transfer (automatic),90.4,2820.65,No,0,25-36
2040-VZIKE,Female,0,True,False,49,True,True,Fiber optic,True,False,False,False,True,True,Month-to-month,True,Mailed check,100.85,4847.35,No,0,49-60
9068-VPWQQ,Male,0,True,False,61,True,True,DSL,True,False,True,True,False,True,Two year,False,Credit card (automatic),75.35,4729.3,No,0,61-72
0178-SZBHO,Male,0,True,True,47,True,True,Fiber optic,False,True,False,False,True,False,Month-to-month,False,Electronic check,87.2,4017.45,No,0,37-48
0384-RVBPI,Male,0,False,False,20,True,False,DSL,True,False,True,False,False,True,Month-to-month,False,Credit card (automatic),64.4,1398.6,No,0,13-24
1689-MRZQR,Male,0,True,True,34,True,False,Fiber optic,False,False,False,False,True,False,Month-to-month,False,Electronic check,78.3,2564.3,Yes,1,25-36
1299-AURJA,Female,0,True,True,70,True,True,No,No,No,No,No,No,No,Two year,False,Bank transfer (automatic),24.7,1685.9,No,0,61-72
4525-VZCZG,Male,0,False,True,54,True,False,Fiber optic,True,True,False,True,True,True,One year,True,Electronic check,105.85,5826.65,No,0,49-60
1543-LLLFT,Male,1,True,False,61,True,True,Fiber optic,False,True,True,True,True,False,One year,True,Mailed check,98.3,6066.55,No,0,61-72
5835-BEQEU,Male,0,False,False,3,True,True,Fiber optic,False,False,False,False,False,False,Month-to-month,True,Electronic check,76.95,228.4,Yes,1,0-12
2788-CJQAQ,Male,0,False,False,13,True,False,No,No,No,No,No,No,No,One year,False,Mailed check,19.45,270.2,No,0,13-24
5565-FILXA,Female,1,False,False,16,True,True,Fiber optic,False,False,False,False,True,True,Month-to-month,True,Electronic check,96.15,1529.2,Yes,1,13-24
0319-QZTCO,Female,0,True,True,3,True,False,DSL,False,True,False,False,True,False,Month-to-month,True,Credit card (automatic),58.7,168.6,No,0,0-12
2120-SMPEX,Male,0,False,False,25,True,False,No,No,No,No,No,No,No,Month-to-month,True,Mailed check,20.15,536.35,No,0,25-36
0096-FCPUF,Male,0,False,False,30,True,True,DSL,True,False,False,False,False,True,Month-to-month,True,Mailed check,64.5,1888.45,No,0,25-36
0668-OGMHD,Female,0,True,False,21,False,No,DSL,True,False,False,False,False,False,Month-to-month,False,Electronic check,28.5,629.35,No,0,13-24
5552-ZNFSJ,Male,0,False,False,1,True,False,DSL,False,False,False,False,False,False,Month-to-month,False,Electronic check,45.3,45.3,Yes,1,0-12
2223-KAGMX,Female,0,False,False,15,True,False,No,No,No,No,No,No,No,Month-to-month,False,Bank transfer (automatic),19.4,289.3,Yes,1,13-24
6507-ZJSUR,Male,1,True,False,23,True,False,Fiber optic,False,False,False,False,True,True,Month-to-month,True,Electronic check,90.45,2117.25,No,0,13-24
9408-HRXRK,Female,0,True,True,45,True,True,Fiber optic,True,True,False,False,True,True,Month-to-month,True,Electronic check,105.15,4730.9,No,0,37-48
5593-SUAOO,Female,0,True,True,24,True,True,Fiber optic,False,True,True,False,False,False,One year,False,Bank transfer (automatic),83.15,2033.05,No,0,13-24
7321-PKUYW,Female,0,False,False,11,True,True,Fiber optic,False,False,False,True,True,False,Month-to-month,False,Electronic check,90.15,987.95,Yes,1,0-12
2833-SLKDQ,Male,0,False,False,1,True,False,DSL,False,False,False,False,False,False,Month-to-month,False,Mailed check,45.05,45.05,Yes,1,0-12
6766-HFKLA,Female,0,True,False,56,True,True,Fiber optic,False,False,True,True,True,True,Two year,False,Bank transfer (automatic),103.2,5744.35,No,0,49-60
7595-EUIVN,Female,0,False,False,1,True,False,Fiber optic,False,True,False,False,False,False,Month-to-month,False,Electronic check,75.8,75.8,Yes,1,0-12
7617-EYGLW,Male,0,False,False,1,True,False,No,No,No,No,No,No,No,Month-to-month,False,Electronic check,19.45,19.45,No,0,0-12
2026-TGDHM,Female,0,False,False,7,True,False,Fiber optic,False,False,False,False,False,True,Month-to-month,True,Electronic check,79.3,523.15,Yes,1,0-12
9220-ZNKJI,Female,1,True,False,55,True,False,Fiber optic,False,False,True,True,True,False,Two year,False,Credit card (automatic),88.8,4805.3,No,0,49-60
4030-VPZBD,Female,0,False,False,2,False,No,DSL,False,False,False,True,False,False,Month-to-month,True,Electronic check,30.9,59.05,Yes,1,0-12
2226-ICFDO,Female,0,True,True,72,True,True,DSL,True,False,True,True,True,True,Two year,True,Credit card (automatic),85.9,6110.75,No,0,61-72
0723-VSOBE,Female,1,False,False,45,False,No,DSL,False,False,False,False,False,True,One year,False,Electronic check,34.2,1596.6,No,0,37-48
5529-GIBVH,Female,0,False,False,47,True,False,No,No,No,No,No,No,No,Two year,False,Mailed check,20.15,1046.2,No,0,37-48
4187-CINZD,Female,1,False,False,46,True,False,Fiber optic,False,True,False,False,True,True,One year,False,Credit card (automatic),95.25,4424.2,Yes,1,37-48
9992-UJOEL,Male,0,False,False,2,True,False,DSL,False,True,False,False,False,False,Month-to-month,True,Mailed check,50.3,92.75,No,0,0-12
4741-WWJQZ,Female,0,True,False,2,True,False,Fiber optic,True,False,False,True,False,False,Month-to-month,True,Electronic check,80.15,194.55,No,0,0-12
6625-UTXEW,Female,0,True,False,12,True,False,DSL,False,True,False,False,False,False,Month-to-month,True,Electronic check,51.25,612.1,No,0,0-12
6818-WOBHJ,Female,1,True,False,68,True,True,Fiber optic,False,True,False,False,False,True,Month-to-month,True,Bank transfer (automatic),89.6,6127.6,Yes,1,61-72
6244-BESBM,Male,0,True,True,69,True,False,Fiber optic,False,False,False,True,True,True,Two year,True,Credit card (automatic),95.2,6671.7,No,0,61-72
1004-NOZNR,Male,1,False,True,56,True,False,Fiber optic,True,False,False,False,True,True,One year,False,Credit card (automatic),94.8,5264.3,No,0,49-60
1251-STYSZ,Female,1,False,False,4,True,True,Fiber optic,True,False,False,False,False,False,Month-to-month,True,Electronic check,80.25,303.7,No,0,0-12
2612-PHGOX,Male,0,True,False,64,True,True,DSL,False,True,True,True,True,False,Two year,True,Bank transfer (automatic),76.1,4818.8,No,0,61-72
2408-TZMJL,Male,0,True,False,59,True,True,Fiber optic,True,True,True,False,True,True,One year,True,Electronic check,110.15,6448.05,Yes,1,49-60
8480-PPONV,Male,0,True,True,62,True,True,Fiber optic,True,True,True,True,True,True,Two year,False,Bank transfer (automatic),115.55,7159.05,No,0,61-72
8780-IHCRN,Male,0,True,True,63,True,True,No,No,No,No,No,No,No,Two year,False,Credit card (automatic),24.65,1574.5,No,0,61-72
4598-ZADCK,Female,0,False,False,53,False,No,DSL,True,True,True,True,True,False,One year,True,Electronic check,53.6,2879.2,No,0,49-60
1257-SXUXQ,Male,0,True,True,5,True,False,No,No,No,No,No,No,No,Month-to-month,False,Mailed check,19.45,86.05,No,0,0-12
9681-KYGYB,Male,1,True,False,49,True,True,Fiber optic,True,True,True,False,False,False,Month-to-month,True,Electronic check,88.2,4159.45,No,0,49-60
7182-OVLBJ,Female,0,True,True,62,True,True,Fiber optic,True,False,False,False,True,True,Two year,True,Bank transfer (automatic),101.15,6638.35,No,0,61-72
5095-ETBRJ,Female,0,True,False,55,True,False,DSL,True,True,False,True,False,False,Two year,False,Mailed check,56.8,3112.05,No,0,49-60
7005-CYUIL,Female,1,True,False,71,True,False,Fiber optic,True,True,True,True,True,False,Two year,True,Electronic check,99.4,7168.25,No,0,61-72
4821-WQOYN,Female,0,True,True,72,True,False,No,No,No,No,No,No,No,Two year,True,Credit card (automatic),20.1,1326.25,No,0,61-72
4730-AWNAU,Male,0,True,True,36,False,No,DSL,True,False,True,True,True,True,One year,False,Credit card (automatic),60.7,2234.55,No,0,25-36
3452-FLHYD,Male,0,True,False,25,True,False,No,No,No,No,No,No,No,One year,True,Bank transfer (automatic),20.95,495.15,No,0,25-36
2388-LAESQ,Female,1,True,False,72,True,True,Fiber optic,True,True,True,True,True,True,Two year,True,Bank transfer (automatic),114.85,8317.95,No,0,61-72
9531-NSBMR,Female,0,False,False,36,True,False,No,No,No,No,No,No,No,One year,True,Bank transfer (automatic),19.25,679.8,No,0,25-36
6260-ONULR,Male,0,False,False,1,True,False,DSL,False,False,False,False,True,True,Month-to-month,True,Mailed check,62.8,62.8,No,0,0-12
4389-UEFCZ,Female,0,True,False,72,True,True,Fiber optic,True,False,True,False,True,True,Two year,True,Electronic check,105.5,7544.0,No,0,61-72
8711-LOBKY,Male,0,True,True,59,True,False,No,No,No,No,No,No,No,Two year,False,Mailed check,19.85,1188.25,No,0,49-60
9134-CEQMF,Male,1,True,False,7,True,False,Fiber optic,False,False,False,False,True,True,Month-to-month,True,Electronic check,89.5,676.7,Yes,1,0-12
8985-OOPOS,Female,0,False,False,1,True,False,DSL,False,False,True,True,True,True,One year,False,Credit card (automatic),74.1,74.1,No,0,0-12
8800-ZKRFW,Female,0,True,True,30,True,True,Fiber optic,False,True,True,True,True,True,Month-to-month,True,Electronic check,107.5,3242.5,No,0,25-36
2616-FLVQC,Male,0,False,False,64,True,False,No,No,No,No,No,No,No,Two year,False,Mailed check,19.55,1240.15,No,0,61-72
9968-FFVVH,Male,0,False,False,63,True,True,DSL,True,True,True,True,False,False,One year,False,Bank transfer (automatic),68.8,4111.35,No,0,61-72
3108-PCCGG,Male,1,True,False,72,True,True,DSL,True,True,True,False,True,True,Two year,False,Credit card (automatic),84.45,5899.85,No,0,61-72
7993-PYKOF,Male,0,True,False,8,True,False,Fiber optic,True,False,False,False,False,False,Month-to-month,False,Electronic check,75.0,632.95,Yes,1,0-12
8390-FESFV,Female,0,False,False,62,True,True,DSL,False,True,True,True,True,True,Two year,False,Bank transfer (automatic),84.5,5193.2,No,0,61-72
3022-BEXHZ,Male,0,True,True,67,True,True,Fiber optic,False,True,True,True,True,True,Two year,True,Bank transfer (automatic),111.2,7530.8,No,0,61-72
5027-XWQHA,Male,0,False,False,6,True,False,DSL,False,False,False,False,False,False,Month-to-month,False,Electronic check,44.75,270.95,Yes,1,0-12
6248-TKCQV,Female,0,True,True,70,True,True,DSL,True,False,False,True,True,True,Two year,True,Bank transfer (automatic),80.6,5460.2,No,0,61-72
6729-GDNGC,Female,1,False,False,20,True,False,Fiber optic,False,False,False,False,True,False,Month-to-month,False,Bank transfer (automatic),80.7,1614.2,No,0,13-24
6198-ZFIOJ,Female,0,False,False,5,True,True,Fiber optic,False,False,False,False,False,False,Month-to-month,False,Electronic check,75.6,402.5,No,0,0-12
5989-OMNJE,Female,0,True,True,24,False,No,DSL,True,True,True,False,True,True,One year,False,Electronic check,57.6,1367.75,No,0,13-24
4566-QVRRW,Female,0,True,False,11,True,False,DSL,False,False,False,False,False,False,Month-to-month,True,Electronic check,44.05,483.7,Yes,1,0-12
1291-CUOCY,Male,0,True,False,72,True,True,Fiber optic,False,True,True,True,True,True,Two year,True,Credit card (automatic),110.6,7962.2,No,0,61-72
9795-SHUHB,Female,0,True,True,66,True,False,DSL,True,True,False,True,False,False,Two year,True,Credit card (automatic),58.2,3810.8,No,0,61-72
3230-IUALN,Female,0,True,True,45,True,False,DSL,True,False,True,True,True,True,Two year,True,Mailed check,81.0,3533.6,No,0,37-48
0042-RLHYP,Female,0,True,True,69,True,False,No,No,No,No,No,No,No,Two year,False,Bank transfer (automatic),19.7,1396.9,No,0,61-72
8519-IMDHU,Male,1,True,False,15,True,True,Fiber optic,False,False,False,False,False,True,Month-to-month,True,Bank transfer (automatic),85.6,1345.55,Yes,1,13-24
4945-RVMTE,Female,0,False,False,28,True,False,DSL,False,False,True,False,True,False,Month-to-month,True,Bank transfer (automatic),59.55,1646.45,No,0,25-36
0201-OAMXR,Female,0,False,False,70,True,True,Fiber optic,True,True,True,True,True,True,One year,False,Credit card (automatic),115.55,8127.6,Yes,1,61-72
1866-NXPSP,Female,0,False,False,36,True,False,DSL,True,True,True,True,False,True,One year,True,Mailed check,75.55,2680.15,No,0,25-36
3372-KWFBM,Male,1,False,False,16,True,True,Fiber optic,False,False,False,False,True,False,Month-to-month,True,Electronic check,86.6,1281.0,Yes,1,13-24
7831-QGOXH,Female,0,False,False,18,True,True,Fiber optic,False,False,False,False,True,False,Month-to-month,True,Electronic check,85.2,1553.9,Yes,1,13-24
6393-WRYZE,Female,0,True,False,34,True,True,Fiber optic,False,False,False,False,True,True,Month-to-month,True,Electronic check,97.65,3207.55,Yes,1,25-36
3941-XTSKM,Male,0,True,True,42,False,No,DSL,False,True,True,False,False,True,One year,True,Credit card (automatic),45.1,2049.05,No,0,37-48
1661-CZBAU,Male,0,False,False,48,True,True,DSL,True,False,False,True,False,True,One year,True,Bank transfer (automatic),70.95,3629.2,No,0,37-48
6599-RCLCJ,Male,0,True,False,47,True,True,Fiber optic,False,True,True,True,True,True,Month-to-month,True,Electronic check,109.55,5124.55,Yes,1,37-48
9831-BPFRI,Female,0,True,True,39,True,True,Fiber optic,False,True,True,True,False,False,One year,True,Electronic check,89.55,3474.45,Yes,1,37-48
5158-RIVOP,Female,0,True,True,11,True,False,No,No,No,No,No,No,No,Two year,False,Credit card (automatic),20.9,202.3,No,0,0-12
9788-YTFGE,Male,0,False,False,7,True,False,No,No,No,No,No,No,No,Month-to-month,True,Mailed check,19.95,147.5,No,0,0-12
9277-JOOMO,Female,0,False,False,3,True,True,No,No,No,No,No,No,No,Month-to-month,False,Mailed check,24.6,86.35,No,0,0-12
1907-YLNYW,Male,0,False,False,8,True,False,DSL,True,False,True,False,False,True,Month-to-month,True,Electronic check,66.7,579.0,No,0,0-12
1725-MIMXW,Male,0,False,True,1,True,False,No,No,No,No,No,No,No,Month-to-month,True,Mailed check,19.45,19.45,Yes,1,0-12
8947-YRTDV,Male,0,True,True,32,True,False,Fiber optic,True,True,True,False,False,True,One year,False,Mailed check,94.8,3131.55,No,0,25-36
3161-ONRWK,Male,0,True,True,60,True,False,DSL,True,True,True,True,False,False,One year,True,Bank transfer (automatic),65.85,3928.3,No,0,49-60
0114-RSRRW,Female,0,True,False,10,True,False,No,No,No,No,No,No,No,Month-to-month,True,Bank transfer (automatic),19.95,187.75,No,0,0-12
4565-NLZBV,Female,0,True,False,71,True,True,No,No,No,No,No,No,No,Two year,True,Bank transfer (automatic),24.65,1710.15,No,0,61-72
0031-PVLZI,Female,0,True,True,4,True,False,No,No,No,No,No,No,No,Month-to-month,False,Mailed check,20.35,76.35,Yes,1,0-12
7206-GZCDC,Female,1,False,False,1,True,False,Fiber optic,False,False,False,False,False,False,Month-to-month,True,Electronic check,69.25,69.25,Yes,1,0-12
6682-VCIXC,Female,0,True,True,43,False,No,DSL,True,True,False,True,True,False,One year,True,Bank transfer (automatic),51.25,2151.6,No,0,37-48
4791-QRGMF,Male,0,True,False,59,True,True,Fiber optic,False,False,True,False,True,True,One year,True,Bank transfer (automatic),99.5,5961.1,Yes,1,49-60
6475-VHUIZ,Female,0,True,False,23,True,False,DSL,False,False,True,True,False,False,Month-to-month,False,Electronic check,54.25,1221.55,No,0,13-24
3910-MRQOY,Female,0,True,False,72,True,False,No,No,No,No,No,No,No,Two year,False,Bank transfer (automatic),19.4,1496.45,No,0,61-72
0661-WCQNQ,Male,0,True,False,22,True,False,DSL,True,False,False,True,False,False,One year,True,Credit card (automatic),56.25,1292.2,No,0,13-24
7537-RBWEA,Female,0,False,False,1,False,No,DSL,False,False,False,False,False,False,Month-to-month,True,Mailed check,25.15,25.15,No,0,0-12
4656-CAURT,Male,0,False,False,69,True,True,No,No,No,No,No,No,No,Two year,False,Bank transfer (automatic),23.95,1713.1,No,0,61-72
0121-SNYRK,Male,0,False,False,50,False,No,DSL,True,False,False,True,False,False,One year,True,Mailed check,35.4,1748.9,No,0,49-60
1768-ZAIFU,Female,1,False,False,1,False,No,DSL,False,False,False,False,False,False,Month-to-month,True,Electronic check,25.2,25.2,Yes,1,0-12
4671-LXRDQ,Male,0,False,False,2,True,False,DSL,False,False,False,False,False,False,Month-to-month,True,Mailed check,45.0,96.45,Yes,1,0-12
3733-LSYCE,Female,0,True,False,15,True,False,Fiber optic,False,True,False,False,False,False,Month-to-month,False,Bank transfer (automatic),75.35,1114.55,No,0,13-24
6265-FRMTQ,Male,0,False,False,31,True,False,No,No,No,No,No,No,No,Two year,False,Bank transfer (automatic),20.4,609.1,No,0,25-36
1934-SJVJK,Male,0,False,False,1,True,False,No,No,No,No,No,No,No,Month-to-month,False,Mailed check,20.15,20.15,Yes,1,0-12
3838-OZURD,Male,0,True,False,66,True,True,Fiber optic,False,True,True,False,True,True,Month-to-month,True,Credit card (automatic),105.0,7133.25,Yes,1,61-72
1371-DWPAZ,Female,0,True,True,0,False,No,DSL,True,True,True,True,True,False,Two year,False,Credit card (automatic),56.05,,No,0,0-12
9269-CQOOL,Male,0,False,True,3,True,False,DSL,False,False,False,False,True,False,Month-to-month,True,Credit card (automatic),54.7,169.45,Yes,1,0-12
2017-CCBLH,Female,0,False,False,8,True,False,No,No,No,No,No,No,No,Two year,False,Mailed check,20.0,141.6,No,0,0-12
7690-KPNCU,Male,0,True,True,64,True,False,DSL,True,False,True,False,True,True,One year,True,Credit card (automatic),73.05,4688.65,No,0,61-72
0536-BGFMZ,Female,0,True,False,28,True,False,No,No,No,No,No,No,No,Month-to-month,False,Mailed check,20.5,563.05,No,0,25-36
2293-IJWPS,Female,0,True,False,57,True,True,Fiber optic,False,False,True,False,True,True,One year,True,Credit card (automatic),100.75,5985.0,No,0,49-60
2845-HSJCY,Female,0,True,True,14,True,True,Fiber optic,False,False,True,False,False,True,Month-to-month,True,Electronic check,87.25,1258.6,Yes,1,13-24
5469-NUJUR,Male,0,False,False,19,True,False,No,No,No,No,No,No,No,Two year,True,Mailed check,19.95,373.5,No,0,13-24
1184-PJVDB,Male,0,True,False,10,True,False,Fiber optic,False,False,False,False,True,False,Month-to-month,True,Electronic check,79.95,857.2,Yes,1,0-12
2625-TRCZQ,Female,0,True,False,51,False,No,DSL,False,True,False,False,True,True,Month-to-month,True,Electronic check,49.65,2553.35,No,0,49-60
4102-HLENU,Female,0,True,False,67,True,True,DSL,True,True,True,False,False,False,Two year,False,Mailed check,65.65,4322.85,No,0,61-72
7266-GSSJX,Male,0,True,True,11,True,False,No,No,No,No,No,No,No,Month-to-month,True,Electronic check,20.45,250.8,No,0,0-12
7722-VJRQD,Male,0,True,True,72,False,No,DSL,True,False,True,True,True,True,Two year,False,Bank transfer (automatic),60.95,4549.05,No,0,61-72
7073-QETQY,Male,0,True,True,66,True,False,No,No,No,No,No,No,No,One year,True,Electronic check,20.35,1359.5,No,0,61-72
9415-DPEWS,Female,0,False,False,18,True,True,Fiber optic,False,False,False,True,True,False,Month-to-month,True,Electronic check,88.35,1639.3,Yes,1,13-24
5624-RYAMH,Female,0,False,False,9,True,False,No,No,No,No,No,No,No,Month-to-month,True,Electronic check,19.5,178.85,No,0,0-12
0196-JTUQI,Female,0,False,False,9,True,True,Fiber optic,False,False,False,False,False,False,Month-to-month,True,Credit card (automatic),75.2,633.85,No,0,0-12
7130-YXBRO,Male,0,True,False,48,True,True,Fiber optic,True,True,True,False,True,True,Month-to-month,True,Bank transfer (automatic),111.45,5315.1,No,0,37-48
9272-LSVYH,Male,0,False,False,10,True,False,Fiber optic,False,False,False,False,False,False,Month-to-month,False,Mailed check,70.15,735.5,No,0,0-12
7943-RQCHR,Female,0,False,False,9,True,True,Fiber optic,False,False,False,False,True,True,Month-to-month,True,Electronic check,94.75,889.9,Yes,1,0-12
3793-MMFUH,Female,1,False,False,13,True,True,Fiber optic,False,False,False,False,True,True,Month-to-month,True,Electronic check,95.05,1290.0,Yes,1,13-24
3249-ZPQRG,Male,0,False,False,4,True,True,Fiber optic,False,True,False,False,False,False,Month-to-month,False,Electronic check,78.45,330.05,Yes,1,0-12
2568-BRGYX,Male,0,False,False,4,True,False,Fiber optic,False,False,False,False,False,False,Month-to-month,True,Electronic check,70.2,237.95,Yes,1,0-12
3084-DOWLE,Female,0,True,False,72,True,True,DSL,True,True,True,True,True,True,Two year,False,Bank transfer (automatic),92.0,6474.4,No,0,61-72
1084-MNSMJ,Female,0,True,True,51,True,False,DSL,True,True,True,True,True,True,Two year,False,Credit card (automatic),85.5,4421.95,No,0,49-60
7721-JXEAW,Male,0,True,False,59,False,No,DSL,False,True,False,False,False,True,Month-to-month,True,Bank transfer (automatic),41.05,2452.7,Yes,1,49-60
7249-WBIYX,Male,0,True,False,10,True,True,Fiber optic,False,False,False,False,True,False,Month-to-month,True,Electronic check,85.6,813.85,Yes,1,0-12
4238-HFHSN,Male,1,True,False,61,True,True,Fiber optic,False,True,False,False,False,False,Month-to-month,True,Electronic check,82.15,4904.85,No,0,61-72
6250-CGGUN,Male,0,False,False,54,True,False,Fiber optic,True,False,True,True,False,False,One year,False,Electronic check,84.4,4484.05,No,0,49-60
5478-JJVZK,Female,0,False,False,33,True,True,DSL,True,True,False,False,False,False,Month-to-month,True,Mailed check,60.9,2033.85,No,0,25-36
7596-IIWYC,Female,0,False,False,27,True,False,No,No,No,No,No,No,No,Two year,True,Bank transfer (automatic),20.25,538.2,No,0,25-36
6567-HOOPW,Female,1,False,False,1,True,False,Fiber optic,False,False,False,False,True,False,Month-to-month,True,Electronic check,79.2,79.2,Yes,1,0-12
9793-WECQC,Male,0,False,False,23,True,False,Fiber optic,False,True,False,False,True,True,Month-to-month,False,Mailed check,95.3,2192.9,No,0,13-24
4291-HPAXL,Male,0,False,True,1,True,False,No,No,No,No,No,No,No,Month-to-month,False,Mailed check,19.85,19.85,No,0,0-12
8999-YPYBV,Male,0,True,True,45,True,False,DSL,True,True,True,True,True,True,Two year,True,Mailed check,84.35,3858.05,No,0,37-48
1839-FBNFR,Female,0,True,True,39,True,False,No,No,No,No,No,No,No,Two year,True,Bank transfer (automatic),19.85,854.8,No,0,37-48
3164-AALRN,Male,0,False,False,5,True,False,DSL,False,False,True,False,True,True,One year,True,Mailed check,70.0,347.4,Yes,1,0-12
3071-MVJCD,Male,0,True,True,72,True,True,DSL,True,True,True,True,True,False,Two year,False,Bank transfer (automatic),82.3,5815.15,No,0,61-72
1697-BCSHV,Female,0,True,True,58,True,True,DSL,False,True,False,False,True,False,Month-to-month,True,Bank transfer (automatic),66.8,3970.4,No,0,49-60
0562-KBDVM,Female,0,False,False,70,False,No,DSL,True,True,True,True,False,False,Two year,True,Bank transfer (automatic),44.6,3058.15,No,0,61-72
1131-SUEKT,Male,0,True,True,61,True,False,Fiber optic,False,True,False,True,True,True,One year,True,Bank transfer (automatic),98.45,6145.2,No,0,61-72
3717-OEAUQ,Male,0,False,False,2,True,False,Fiber optic,False,False,False,False,False,False,Month-to-month,False,Mailed check,70.7,129.2,No,0,0-12
4538-WNTMJ,Female,0,True,True,46,True,True,No,No,No,No,No,No,No,One year,False,Mailed check,24.95,1165.9,No,0,37-48
3334-CTHOL,Female,0,False,False,1,True,True,DSL,False,False,False,False,False,False,Month-to-month,True,Bank transfer (automatic),49.95,49.95,Yes,1,0-12
4704-ERYFC,Female,0,True,False,22,True,False,Fiber optic,False,False,False,False,False,False,Month-to-month,True,Electronic check,69.25,1554.0,Yes,1,13-24
9432-RUVSL,Female,0,False,False,48,True,False,Fiber optic,True,False,True,True,True,True,Two year,True,Credit card (automatic),102.5,4904.25,No,0,37-48
8060-HIWJJ,Male,0,False,False,64,True,True,DSL,False,True,True,True,True,True,Two year,False,Credit card (automatic),86.55,5632.55,No,0,61-72
7684-XSZIY,Male,0,True,True,72,True,True,No,No,No,No,No,No,No,Two year,False,Bank transfer (automatic),24.3,1643.25,No,0,61-72
9089-UOWJG,Female,0,True,True,12,True,False,DSL,False,False,True,False,True,False,Month-to-month,True,Credit card (automatic),58.35,740.55,No,0,0-12
8621-MNIHH,Female,1,True,False,34,True,True,Fiber optic,False,True,True,False,False,True,Month-to-month,True,Electronic check,94.25,3217.55,Yes,1,25-36
8039-ACLPL,Female,0,True,True,72,True,False,DSL,True,True,True,False,False,True,Two year,False,Credit card (automatic),68.75,4888.2,No,0,61-72
9885-AIBVB,Male,0,True,False,29,True,True,Fiber optic,False,True,True,False,False,False,Month-to-month,True,Electronic check,85.8,2440.25,No,0,25-36
1934-MKPXS,Male,0,True,True,33,True,False,No,No,No,No,No,No,No,One year,False,Credit card (automatic),20.1,620.55,No,0,25-36
2592-YKDIF,Female,0,False,False,1,True,False,No,No,No,No,No,No,No,Month-to-month,False,Mailed check,20.35,20.35,No,0,0-12
2272-JKMSI,Female,0,True,True,62,True,True,Fiber optic,False,True,True,True,True,True,One year,True,Electronic check,110.8,6840.95,No,0,61-72
0471-LVHGK,Male,0,True,False,41,True,True,DSL,False,False,True,False,True,True,One year,True,Electronic check,73.0,3001.2,Yes,1,37-48
9518-RWHZL,Female,0,False,False,64,True,True,Fiber optic,False,False,True,False,True,True,One year,True,Credit card (automatic),100.05,6254.2,Yes,1,61-72
8714-CTZJW,Female,0,False,False,4,True,False,Fiber optic,False,False,True,False,False,True,Month-to-month,True,Credit card (automatic),82.85,319.6,No,0,0-12
3569-EDBPQ,Female,0,False,False,24,True,True,Fiber optic,True,False,False,True,False,False,Month-to-month,True,Electronic check,84.35,1938.05,No,0,13-24
3131-NWVFJ,Female,0,True,True,14,True,False,No,No,No,No,No,No,No,One year,False,Mailed check,19.55,294.5,No,0,13-24
7521-YXVZY,Male,0,False,True,3,True,False,No,No,No,No,No,No,No,Month-to-month,False,Mailed check,19.95,58.3,No,0,0-12
5419-CONWX,Female,1,False,False,4,True,False,Fiber optic,False,True,True,False,True,True,Month-to-month,True,Credit card (automatic),99.8,442.85,Yes,1,0-12
6240-EURKS,Female,0,False,True,18,False,No,DSL,False,False,False,False,False,True,Month-to-month,True,Electronic check,35.0,553.0,Yes,1,13-24
2373-NTKOD,Male,0,False,False,8,True,False,DSL,False,False,False,False,True,True,Month-to-month,True,Electronic check,66.25,546.45,No,0,0-12
1970-KKFWL,Female,0,False,False,35,True,True,No,No,No,No,No,No,No,Two year,False,Bank transfer (automatic),23.3,797.1,No,0,25-36
6960-HVYXR,Female,0,False,False,1,True,True,Fiber optic,False,False,False,False,False,False,Month-to-month,False,Electronic check,76.0,76.0,Yes,1,0-12
9337-SRRNI,Male,0,False,True,66,True,True,No,No,No,No,No,No,No,Two year,True,Credit card (automatic),25.3,1673.8,No,0,61-72
0895-UADGO,Male,0,False,True,8,False,No,DSL,True,False,False,True,False,True,Two year,True,Mailed check,44.55,343.45,No,0,0-12
5678-VFNEQ,Female,0,True,False,71,True,True,Fiber optic,True,False,True,False,True,True,One year,True,Credit card (automatic),104.1,7412.25,No,0,61-72
5977-CKHON,Female,0,True,True,43,True,True,Fiber optic,False,False,True,False,False,True,Month-to-month,True,Bank transfer (automatic),92.55,4039.0,No,0,37-48
7024-OHCCK,Female,1,False,False,2,True,True,Fiber optic,False,False,False,False,True,True,Month-to-month,True,Electronic check,93.85,170.85,Yes,1,0-12
2692-BUCFV,Male,1,False,False,29,True,False,Fiber optic,False,True,True,False,True,True,Month-to-month,True,Bank transfer (automatic),101.45,2948.6,No,0,25-36
7861-UVUFT,Female,0,True,False,15,True,False,Fiber optic,False,False,True,False,True,False,Month-to-month,True,Electronic check,84.3,1308.4,Yes,1,13-24
1830-GGFNM,Male,0,True,True,65,True,True,Fiber optic,True,True,True,True,False,False,Two year,False,Credit card (automatic),94.55,6078.75,No,0,61-72
5302-BDJNT,Male,0,False,False,35,True,True,Fiber optic,False,False,True,True,True,False,Month-to-month,False,Electronic check,95.5,3418.2,No,0,25-36
5223-UZAVK,Male,0,False,False,64,True,False,Fiber optic,True,True,False,False,True,True,One year,True,Credit card (automatic),100.3,6603.8,No,0,61-72
4859-ZSRDZ,Female,0,True,True,58,False,No,DSL,False,False,True,True,True,True,Two year,True,Credit card (automatic),55.5,3166.9,No,0,49-60
5651-WYIPH,Female,1,False,False,18,True,False,DSL,False,True,False,False,False,False,Month-to-month,True,Credit card (automatic),49.85,865.75,No,0,13-24
9350-VLHMB,Male,0,True,True,67,True,True,Fiber optic,False,True,False,False,False,True,Month-to-month,True,Bank transfer (automatic),89.55,6373.1,No,0,61-72
3498-LZGQZ,Male,0,True,True,63,True,False,No,No,No,No,No,No,No,Two year,True,Mailed check,19.15,1177.05,No,0,61-72
8785-CJSHH,Female,0,True,False,60,True,True,Fiber optic,False,True,False,False,True,True,Month-to-month,True,Electronic check,99.8,5985.75,No,0,49-60
5357-TZHPP,Male,1,False,False,9,True,True,Fiber optic,False,False,False,False,False,True,Month-to-month,True,Credit card (automatic),84.4,732.5,Yes,1,0-12
3870-SPZSI,Female,0,True,True,70,True,True,Fiber optic,True,True,True,True,True,True,Two year,True,Credit card (automatic),113.05,7869.05,No,0,61-72
0680-DFNNY,Male,0,True,False,15,True,True,Fiber optic,False,False,True,False,True,True,Month-to-month,True,Electronic check,101.1,1504.05,Yes,1,13-24
7560-QRBXH,Female,0,False,True,48,True,False,No,No,No,No,No,No,No,One year,False,Mailed check,19.95,936.7,No,0,37-48
7077-XJMET,Male,0,True,False,12,True,False,DSL,False,False,True,True,True,True,Month-to-month,True,Electronic check,74.15,741.4,No,0,0-12
8752-GHJFU,Male,1,True,False,71,True,True,Fiber optic,True,True,True,True,False,False,One year,True,Electronic check,92.0,6585.2,No,0,61-72
6896-SRVYQ,Male,1,False,False,44,True,False,Fiber optic,False,False,True,False,False,False,Month-to-month,False,Electronic check,73.85,3122.4,No,0,37-48
7767-UXAGJ,Male,0,False,False,1,True,True,DSL,False,False,False,False,False,False,Month-to-month,True,Electronic check,50.45,50.45,Yes,1,0-12
4652-ODEVH,Male,0,True,True,45,True,True,No,No,No,No,No,No,No,Two year,False,Mailed check,24.45,1088.25,No,0,37-48
6510-UPNKS,Female,0,False,False,23,True,True,No,No,No,No,No,No,No,One year,False,Credit card (automatic),24.8,615.35,No,0,13-24
6718-BDGHG,Female,0,True,False,43,True,True,DSL,False,False,False,True,True,False,One year,True,Bank transfer (automatic),64.85,2908.2,No,0,37-48
9046-DQMTP,Male,0,False,False,35,True,False,No,No,No,No,No,No,No,Month-to-month,False,Bank transfer (automatic),20.75,739.9,No,0,25-36
6439-LAJXL,Male,0,True,False,9,True,False,DSL,True,True,False,True,True,False,Month-to-month,True,Mailed check,68.95,593.85,No,0,0-12
1571-SAVHK,Male,0,False,False,12,True,True,Fiber optic,False,False,False,True,True,True,Month-to-month,True,Mailed check,99.95,1132.75,Yes,1,0-12
9052-VKDUW,Female,1,True,False,65,True,True,Fiber optic,True,True,True,False,True,True,Month-to-month,True,Credit card (automatic),109.4,7227.45,No,0,61-72
9546-CQJSU,Female,0,False,False,2,True,True,Fiber optic,False,False,True,False,True,False,Month-to-month,True,Electronic check,91.4,193.6,Yes,1,0-12
1666-JZPZT,Male,0,False,False,27,True,True,DSL,False,False,False,False,False,False,Month-to-month,False,Mailed check,49.0,1291.35,No,0,25-36
5777-KJIRB,Female,0,False,False,40,True,False,DSL,False,False,True,False,False,False,One year,True,Mailed check,50.25,2023.55,No,0,37-48
0506-LVNGN,Female,1,False,False,5,True,False,Fiber optic,False,False,True,False,False,False,Month-to-month,True,Credit card (automatic),75.55,349.65,Yes,1,0-12
7677-SJJJK,Male,0,True,True,8,True,False,No,No,No,No,No,No,No,One year,False,Credit card (automatic),19.9,153.95,No,0,0-12
2480-EJWYP,Female,1,True,False,58,True,True,Fiber optic,False,True,False,False,True,True,One year,True,Bank transfer (automatic),97.8,5458.8,No,0,49-60
3253-HKOKL,Female,0,True,True,52,True,False,Fiber optic,True,False,True,False,True,True,One year,False,Electronic check,100.3,5244.45,No,0,49-60
7055-HNEOJ,Male,0,True,False,3,True,False,DSL,False,False,True,True,False,False,Month-to-month,True,Mailed check,55.8,154.55,No,0,0-12
5514-YQENT,Male,0,False,True,41,True,False,Fiber optic,True,True,True,True,True,True,Two year,True,Electronic check,111.15,4507.15,No,0,37-48
3211-AAPKX,Male,0,False,False,20,True,True,Fiber optic,False,False,False,True,True,True,Month-to-month,True,Mailed check,98.55,2031.95,No,0,13-24
8445-DNBAE,Male,0,False,True,1,True,True,DSL,False,False,False,False,False,False,Month-to-month,True,Electronic check,50.05,50.05,No,0,0-12
2951-QOQTK,Male,0,False,True,4,True,True,Fiber optic,False,False,False,True,False,False,Month-to-month,False,Credit card (automatic),80.8,332.45,Yes,1,0-12
2958-NHPPS,Male,0,False,False,23,True,False,No,No,No,No,No,No,No,Month-to-month,False,Electronic check,20.85,473.9,No,0,13-24
6806-YDEUL,Female,1,False,False,6,True,False,No,No,No,No,No,No,No,Month-to-month,False,Bank transfer (automatic),19.5,106.8,No,0,0-12
1735-XMJVH,Male,0,True,True,8,True,False,No,No,No,No,No,No,No,Month-to-month,True,Mailed check,19.35,152.6,No,0,0-12
6890-PFRQX,Male,0,False,False,18,True,True,DSL,True,False,True,False,True,False,Month-to-month,False,Mailed check,69.5,1199.4,No,0,13-24
0222-CNVPT,Male,1,False,False,52,False,No,DSL,True,False,False,False,True,True,Month-to-month,True,Credit card (automatic),48.8,2555.05,No,0,49-60
5899-OUVKV,Male,0,False,False,31,True,False,Fiber optic,False,True,False,False,True,True,Month-to-month,True,Electronic check,94.5,2979.2,No,0,25-36
8681-ICONS,Male,0,True,True,29,True,False,No,No,No,No,No,No,No,Month-to-month,True,Mailed check,20.65,654.85,No,0,25-36
1621-YNCJH,Female,0,True,False,36,True,True,Fiber optic,True,True,True,True,False,True,Two year,True,Credit card (automatic),106.05,3834.4,No,0,25-36
3473-XIIIT,Female,0,True,False,16,True,True,Fiber optic,False,True,False,False,True,True,Month-to-month,True,Electronic check,100.0,1534.75,Yes,1,13-24
6362-QHAFM,Male,0,True,False,42,True,True,Fiber optic,False,False,True,True,True,True,One year,True,Electronic check,108.3,4586.15,No,0,37-48
7893-IXHRQ,Male,0,False,False,1,True,False,No,No,No,No,No,No,No,Month-to-month,False,Electronic check,20.55,20.55,Yes,1,0-12
3070-BDOQC,Female,0,False,False,60,True,False,Fiber optic,False,True,True,False,True,True,Two year,True,Electronic check,99.65,5941.05,No,0,49-60
2952-QAYZF,Male,0,False,False,5,True,True,Fiber optic,False,True,True,False,False,False,Month-to-month,True,Electronic check,85.3,424.15,Yes,1,0-12
6234-PFPXL,Male,0,True,False,22,True,True,Fiber optic,True,False,False,True,True,False,Month-to-month,False,Credit card (automatic),95.9,2234.95,No,0,13-24
9824-QCJPK,Male,0,True,False,36,True,False,No,No,No,No,No,No,No,One year,False,Mailed check,20.0,666.75,No,0,25-36
4763-PGDPO,Female,0,False,False,4,True,False,Fiber optic,False,False,False,False,False,False,Month-to-month,False,Electronic check,70.4,281.0,Yes,1,0-12
4283-IVYCI,Male,0,False,False,9,True,False,DSL,True,False,False,True,False,True,Month-to-month,False,Mailed check,64.95,547.8,No,0,0-12
1866-OBPNR,Male,0,True,True,1,True,False,Fiber optic,False,True,False,False,False,False,Month-to-month,False,Credit card (automatic),74.6,74.6,No,0,0-12
8205-MQUGY,Male,0,True,True,12,True,False,DSL,True,False,False,False,False,False,Month-to-month,True,Electronic check,49.2,571.15,No,0,0-12
8970-ANWXO,Female,0,False,False,23,True,True,DSL,False,False,False,True,True,True,One year,True,Mailed check,73.75,1756.6,No,0,13-24
9480-BQJEI,Male,0,False,False,62,True,True,Fiber optic,True,True,False,False,False,True,One year,True,Bank transfer (automatic),92.3,5731.45,No,0,61-72
5394-SVGJV,Male,0,False,False,37,True,True,Fiber optic,False,False,False,True,True,True,Month-to-month,False,Bank transfer (automatic),98.8,3475.55,Yes,1,37-48
6979-TNDEU,Female,0,False,False,8,True,False,No,No,No,No,No,No,No,Month-to-month,False,Mailed check,19.2,156.85,No,0,0-12
9777-WJJPR,Male,0,True,False,31,True,True,Fiber optic,False,False,True,False,True,False,Month-to-month,False,Credit card (automatic),88.65,2683.2,No,0,25-36
9283-LZQOH,Male,0,True,True,13,True,True,Fiber optic,False,False,False,False,False,False,Month-to-month,True,Credit card (automatic),74.4,896.75,Yes,1,13-24
7079-QRCBC,Female,0,False,False,24,True,True,Fiber optic,False,False,True,False,True,True,Month-to-month,True,Electronic check,98.75,2407.3,Yes,1,13-24
9495-SKLKD,Male,0,True,True,45,True,True,Fiber optic,False,True,True,False,False,True,Month-to-month,True,Bank transfer (automatic),95.95,4456.65,No,0,37-48
6048-UWKAL,Female,1,True,False,69,True,True,Fiber optic,False,True,False,True,True,True,Two year,False,Credit card (automatic),105.4,6998.95,No,0,61-72
5067-DGXLL,Male,0,False,False,2,True,False,No,No,No,No,No,No,No,Month-to-month,False,Mailed check,20.25,36.8,No,0,0-12
5469-CTCWN,Male,0,True,True,61,True,True,Fiber optic,True,True,False,False,True,True,One year,True,Electronic check,106.0,6547.7,Yes,1,61-72
9851-QXEEQ,Male,0,False,False,41,True,True,Fiber optic,False,True,True,False,True,True,Month-to-month,True,Electronic check,104.7,4346.4,Yes,1,37-48
6281-FKEWS,Female,0,False,False,44,False,No,DSL,False,False,True,False,True,True,One year,True,Electronic check,49.05,2265.0,No,0,37-48
8898-KASCD,Male,0,False,False,39,False,No,DSL,False,False,True,True,False,False,One year,False,Mailed check,35.55,1309.15,No,0,37-48
9242-TKFSV,Male,0,True,True,72,False,No,DSL,True,True,True,True,True,True,Two year,True,Credit card (automatic),65.1,4754.3,No,0,61-72
9290-SHCMB,Female,1,False,False,13,True,False,Fiber optic,False,False,True,False,True,True,Month-to-month,True,Electronic check,96.85,1235.55,No,0,13-24
0743-HNPFG,Female,0,True,True,51,True,False,DSL,True,True,False,True,False,True,One year,True,Credit card (automatic),69.75,3562.5,No,0,49-60
2277-BKJKN,Female,1,True,False,71,True,False,Fiber optic,False,True,True,False,True,True,Two year,True,Electronic check,99.2,7213.75,No,0,61-72
9809-IMGCQ,Male,1,False,False,22,True,True,Fiber optic,False,False,False,False,True,True,Month-to-month,True,Electronic check,96.7,2082.95,Yes,1,13-24
5208-HFSBT,Female,0,False,False,2,True,False,DSL,False,True,False,True,False,False,Month-to-month,True,Credit card (automatic),55.05,102.75,Yes,1,0-12
5035-PGZXH,Female,0,False,False,56,True,True,Fiber optic,False,True,True,False,True,True,One year,True,Electronic check,106.8,5914.4,No,0,49-60
8695-WDYEA,Male,0,False,False,1,True,False,DSL,True,False,False,False,False,False,Month-to-month,False,Mailed check,51.25,51.25,No,0,0-12
6543-JXSOO,Female,0,True,True,23,True,False,DSL,True,True,False,True,False,False,One year,True,Mailed check,57.75,1282.85,No,0,13-24
8016-ZMGMO,Female,1,True,False,66,True,True,DSL,False,True,True,False,True,False,One year,True,Bank transfer (automatic),70.85,4738.85,No,0,61-72
8605-ITULD,Female,0,False,False,1,True,False,No,No,No,No,No,No,No,Month-to-month,False,Mailed check,19.55,19.55,No,0,0-12
3254-YRILK,Male,1,False,False,19,True,True,Fiber optic,False,True,False,False,True,False,Month-to-month,True,Electronic check,88.2,1775.8,Yes,1,13-24
6416-YJTTB,Male,0,False,False,11,True,False,Fiber optic,True,False,True,False,False,False,Month-to-month,True,Bank transfer (automatic),79.5,795.65,No,0,0-12
2667-WYLWJ,Female,0,True,True,8,True,False,No,No,No,No,No,No,No,One year,True,Mailed check,19.75,145.0,Yes,1,0-12
4472-VESGY,Female,0,True,True,52,True,True,Fiber optic,True,True,True,False,False,True,Month-to-month,False,Bank transfer (automatic),98.15,4993.4,No,0,49-60
3195-TQDZX,Male,0,False,False,3,True,False,No,No,No,No,No,No,No,Month-to-month,True,Electronic check,20.25,61.45,No,0,0-12
3128-YOVTD,Female,0,True,True,51,True,False,Fiber optic,True,True,False,False,False,False,Month-to-month,True,Bank transfer (automatic),79.15,4018.55,No,0,49-60
0529-ONKER,Male,1,False,False,15,True,True,Fiber optic,False,False,False,False,False,False,Month-to-month,False,Electronic check,75.65,1146.65,Yes,1,13-24
1728-CXQBE,Male,1,True,False,64,True,True,Fiber optic,False,True,True,False,False,True,Month-to-month,True,Electronic check,94.25,6081.4,No,0,61-72
7041-TXQJH,Female,0,False,False,37,False,No,DSL,False,False,True,False,False,True,Month-to-month,True,Credit card (automatic),40.2,1478.85,No,0,37-48
5014-GSOUQ,Male,0,False,False,13,True,False,No,No,No,No,No,No,No,Two year,False,Mailed check,19.95,243.65,No,0,13-24
5724-BIDBU,Male,0,True,False,49,True,True,DSL,True,False,False,False,False,False,One year,True,Electronic check,55.35,2633.95,No,0,49-60
0481-SUMCB,Female,1,False,False,45,True,True,Fiber optic,False,False,True,False,True,True,One year,True,Bank transfer (automatic),102.15,4735.35,No,0,37-48
1769-GRUIK,Female,0,False,False,18,True,False,Fiber optic,False,False,False,False,False,False,Month-to-month,True,Electronic check,71.1,1247.75,No,0,13-24
5240-IJOQT,Male,1,False,False,1,True,True,Fiber optic,False,False,False,False,False,False,Month-to-month,True,Electronic check,74.7,74.7,Yes,1,0-12
8819-WFGGJ,Male,0,True,False,68,False,No,DSL,True,False,True,False,True,True,Two year,True,Bank transfer (automatic),54.1,3794.5,No,0,61-72
7427-AUFPY,Male,0,False,False,54,True,False,No,No,No,No,No,No,No,Two year,False,Credit card (automatic),19.65,1008.7,No,0,49-60
2811-POVEX,Female,1,True,True,23,True,False,Fiber optic,False,True,True,False,False,True,Month-to-month,True,Bank transfer (automatic),88.45,2130.55,No,0,13-24
1092-GANHU,Male,0,False,False,17,True,False,Fiber optic,False,False,True,False,False,False,Month-to-month,True,Electronic check,76.65,1313.55,Yes,1,13-24
7898-PDWQE,Male,0,True,False,71,True,True,DSL,True,True,True,True,False,True,Two year,False,Credit card (automatic),80.4,5727.15,No,0,61-72
9972-EWRJS,Female,0,True,True,67,True,False,No,No,No,No,No,No,No,Two year,True,Bank transfer (automatic),19.25,1372.9,No,0,61-72
9314-IJWSQ,Female,0,True,True,14,True,True,Fiber optic,False,False,False,False,True,False,Month-to-month,True,Electronic check,84.8,1203.9,No,0,13-24
0661-XEYAN,Female,1,False,False,1,False,No,DSL,False,False,False,False,False,False,Month-to-month,True,Mailed check,25.8,25.8,Yes,1,0-12
5799-JRCZO,Female,0,False,True,63,True,False,No,No,No,No,No,No,No,Two year,False,Credit card (automatic),19.5,1215.1,No,0,61-72
1921-KYSAY,Female,0,False,False,41,True,True,DSL,False,False,True,True,False,True,One year,True,Electronic check,68.6,2877.05,No,0,37-48
6198-RTPMF,Female,0,True,False,17,True,True,Fiber optic,False,False,False,False,True,True,Month-to-month,False,Electronic check,92.6,1579.7,No,0,13-24
2924-KHUVI,Male,0,True,False,56,True,True,Fiber optic,True,False,False,False,True,True,One year,True,Electronic check,100.55,5514.95,No,0,49-60
1925-GMVBW,Female,0,False,False,5,True,False,No,No,No,No,No,No,No,Month-to-month,False,Credit card (automatic),20.55,96.1,No,0,0-12
7881-EVUAD,Female,0,False,False,2,False,No,DSL,True,True,False,False,False,True,Month-to-month,True,Electronic check,42.6,72.4,Yes,1,0-12
6184-DYUOB,Female,0,True,False,3,True,False,No,No,No,No,No,No,No,Month-to-month,True,Mailed check,19.6,55.25,No,0,0-12
9207-ZPANB,Male,0,False,False,37,True,True,DSL,True,True,True,True,False,False,One year,False,Electronic check,67.45,2443.3,No,0,37-48
5766-XQXMQ,Female,0,False,False,29,True,False,DSL,True,True,True,False,False,True,Month-to-month,True,Bank transfer (automatic),68.85,1970.5,Yes,1,25-36
9327-QSDED,Male,0,False,False,8,True,False,DSL,False,False,False,False,False,False,Month-to-month,False,Mailed check,43.55,335.4,No,0,0-12
1656-DRSMG,Female,0,False,False,63,True,True,Fiber optic,False,True,True,True,True,True,Month-to-month,True,Credit card (automatic),109.85,7002.95,No,0,61-72
3012-VFFMN,Female,0,True,True,7,True,False,No,No,No,No,No,No,No,Month-to-month,False,Mailed check,20.65,158.95,No,0,0-12
2984-AFWNC,Female,0,False,False,3,True,False,Fiber optic,False,True,False,False,True,True,Month-to-month,False,Electronic check,95.4,293.15,No,0,0-12
0640-YJTPY,Male,0,True,True,72,True,False,No,No,No,No,No,No,No,Two year,False,Bank transfer (automatic),21.0,1493.75,No,0,61-72
8096-LOIST,Female,0,False,False,19,True,False,DSL,False,False,False,False,False,True,Month-to-month,True,Electronic check,56.2,1093.4,No,0,13-24
9764-REAFF,Female,0,True,False,59,True,False,No,No,No,No,No,No,No,Two year,False,Bank transfer (automatic),18.4,1057.85,No,0,49-60
3703-VAVCL,Male,0,True,True,2,True,False,Fiber optic,False,False,True,True,False,True,Month-to-month,False,Credit card (automatic),90.0,190.05,Yes,1,0-12
7107-UBYKY,Female,0,True,True,35,True,True,No,No,No,No,No,No,No,Month-to-month,True,Electronic check,25.75,882.55,No,0,25-36
4881-GQJTW,Male,0,False,False,14,True,False,No,No,No,No,No,No,No,Month-to-month,False,Credit card (automatic),19.6,300.4,No,0,13-24
8519-QJGJD,Female,0,False,False,14,True,False,Fiber optic,False,False,True,False,False,False,Month-to-month,False,Electronic check,75.35,1025.95,Yes,1,13-24
7876-DNYAP,Female,0,True,True,69,True,False,No,No,No,No,No,No,No,Two year,False,Credit card (automatic),19.8,1436.95,No,0,61-72
7905-NJMXS,Male,1,True,False,7,True,True,DSL,True,True,False,True,False,False,Month-to-month,False,Electronic check,64.2,475.0,No,0,0-12
2882-WDTBA,Male,0,True,True,69,True,False,DSL,True,True,True,True,True,False,Two year,True,Bank transfer (automatic),75.75,5388.15,No,0,61-72
2091-GPPIQ,Female,0,True,True,72,True,True,DSL,False,True,False,True,True,True,Two year,True,Electronic check,78.95,5730.15,No,0,61-72
6326-MTTXK,Male,0,False,False,8,True,True,Fiber optic,False,True,False,False,True,True,Month-to-month,False,Electronic check,100.85,819.55,Yes,1,0-12
5071-FBJFS,Female,0,True,True,4,True,False,DSL,True,False,False,False,False,False,Month-to-month,False,Electronic check,50.3,217.1,No,0,0-12
2796-UUZZO,Male,0,True,True,63,True,False,Fiber optic,False,True,True,False,False,False,Month-to-month,True,Credit card (automatic),80.3,4896.35,No,0,61-72
2429-AYKKO,Male,0,False,False,72,True,False,No,No,No,No,No,No,No,Two year,False,Bank transfer (automatic),19.85,1434.1,No,0,61-72
9798-OPFEM,Female,0,False,False,46,True,False,No,No,No,No,No,No,No,Two year,True,Electronic check,21.1,937.1,No,0,37-48
0330-IVZHA,Female,0,True,False,5,True,False,Fiber optic,False,False,False,False,False,False,Month-to-month,False,Electronic check,69.95,330.15,Yes,1,0-12
3794-NFNCH,Male,0,True,False,30,True,False,DSL,False,False,True,False,False,False,Month-to-month,True,Mailed check,50.0,1474.9,No,0,25-36
5193-QLVZB,Male,0,False,False,63,True,True,Fiber optic,False,True,True,False,True,True,Two year,True,Bank transfer (automatic),104.75,6536.5,No,0,61-72
7114-AEOZE,Female,0,False,False,60,True,False,No,No,No,No,No,No,No,Two year,False,Bank transfer (automatic),19.85,1128.1,No,0,49-60
2886-KEFUM,Female,0,True,False,63,True,True,Fiber optic,False,True,True,False,True,True,One year,True,Electronic check,107.5,6873.75,Yes,1,61-72
5522-NYKPB,Male,0,True,True,25,True,False,Fiber optic,False,False,False,True,True,False,Month-to-month,False,Electronic check,85.9,2199.05,No,0,25-36
4237-RLAQD,Male,0,False,False,1,True,False,DSL,False,False,False,False,False,False,Month-to-month,True,Mailed check,45.85,45.85,Yes,1,0-12
9957-YODKZ,Male,1,True,False,6,True,True,Fiber optic,False,False,True,False,False,False,Month-to-month,True,Electronic check,80.8,457.1,No,0,0-12
6518-KZXCB,Male,0,False,False,22,True,True,No,No,No,No,No,No,No,Two year,False,Mailed check,25.25,566.5,No,0,13-24
2245-ADZFJ,Female,0,True,True,31,True,True,DSL,False,True,False,True,True,True,Two year,False,Bank transfer (automatic),80.55,2471.6,No,0,25-36
7776-QGYJC,Female,0,True,True,39,True,False,Fiber optic,False,False,True,True,False,False,Month-to-month,True,Bank transfer (automatic),81.5,3107.3,No,0,37-48
9313-QOLTZ,Male,0,False,False,26,True,False,No,No,No,No,No,No,No,Month-to-month,False,Mailed check,20.9,518.3,No,0,25-36
9651-GTSAQ,Female,0,True,False,53,True,False,Fiber optic,True,True,True,False,True,True,One year,True,Bank transfer (automatic),106.1,5769.75,Yes,1,49-60
3186-BAXNB,Female,0,False,False,1,True,False,Fiber optic,False,True,False,True,True,False,Month-to-month,False,Electronic check,91.7,91.7,Yes,1,0-12
4672-FOTSD,Male,0,False,False,12,True,True,DSL,True,True,False,True,False,False,Month-to-month,True,Electronic check,67.25,832.3,No,0,0-12
0637-YLETY,Female,0,False,False,16,True,True,Fiber optic,False,True,True,False,False,True,Month-to-month,True,Credit card (automatic),95.6,1555.65,Yes,1,13-24
9818-XQCUV,Female,0,False,False,2,True,False,No,No,No,No,No,No,No,Month-to-month,False,Mailed check,20.35,45.3,No,0,0-12
7338-ERIVA,Male,0,False,True,39,False,No,DSL,True,False,False,True,True,False,One year,False,Bank transfer (automatic),45.05,1790.6,No,0,37-48
1157-BQCUW,Male,0,False,False,1,True,True,Fiber optic,False,False,False,False,False,False,Month-to-month,True,Electronic check,74.95,74.95,Yes,1,0-12
8259-NFJTV,Female,0,True,True,7,False,No,DSL,True,False,False,True,False,False,Month-to-month,False,Mailed check,34.65,246.6,No,0,0-12
3223-DWFIO,Male,1,False,False,4,True,False,Fiber optic,False,False,False,False,False,False,Month-to-month,False,Electronic check,69.35,261.65,No,0,0-12
2660-EMUBI,Male,1,False,False,10,True,True,Fiber optic,False,False,False,False,True,True,Month-to-month,True,Electronic check,95.35,898.35,Yes,1,0-12
6968-GMKPR,Female,0,False,False,55,True,False,Fiber optic,False,True,True,False,False,False,Month-to-month,True,Electronic check,81.55,4509.5,No,0,49-60
4751-ERMAN,Male,0,True,True,72,True,False,DSL,False,True,True,False,True,True,Two year,True,Bank transfer (automatic),75.4,5480.25,No,0,61-72
1436-ZMJAN,Female,0,True,False,10,True,False,DSL,False,False,True,False,True,True,Month-to-month,True,Credit card (automatic),67.8,653.15,No,0,0-12
3292-PBZEJ,Male,1,False,False,11,True,True,Fiber optic,False,True,True,True,True,True,Month-to-month,True,Electronic check,111.4,1183.05,No,0,0-12
0799-DDIHE,Female,0,True,True,15,True,False,DSL,False,False,False,False,False,False,Month-to-month,False,Electronic check,46.3,639.45,No,0,13-24
3070-FNFZQ,Female,0,True,True,23,True,False,No,No,No,No,No,No,No,Two year,False,Bank transfer (automatic),20.4,478.75,No,0,13-24
2812-SFXMJ,Male,0,False,True,1,True,False,No,No,No,No,No,No,No,Month-to-month,False,Mailed check,20.05,20.05,No,0,0-12
7675-OZCZG,Female,1,False,False,3,True,False,DSL,False,False,False,False,False,False,Month-to-month,False,Electronic check,45.0,127.1,Yes,1,0-12
5014-WUQMG,Male,0,True,True,47,True,False,Fiber optic,True,True,True,False,False,True,One year,True,Electronic check,96.1,4391.45,No,0,37-48
5312-TSZVC,Female,0,False,True,15,True,False,No,No,No,No,No,No,No,One year,False,Mailed check,19.65,270.6,No,0,13-24
2003-CKLOR,Male,0,False,False,66,True,False,Fiber optic,False,True,True,False,True,True,Month-to-month,False,Electronic check,99.5,6710.5,Yes,1,61-72
0993-OSGPT,Female,1,True,False,68,True,False,DSL,False,True,True,True,False,False,One year,True,Bank transfer (automatic),60.65,3975.9,No,0,61-72
9254-RBFON,Female,0,True,True,17,True,False,Fiber optic,False,False,True,True,True,True,One year,False,Bank transfer (automatic),98.6,1704.95,Yes,1,13-24
1205-WNWPJ,Female,0,False,False,7,True,False,DSL,False,False,False,True,True,False,Month-to-month,True,Mailed check,59.5,415.95,Yes,1,0-12
9391-EOYLI,Male,1,True,False,12,True,False,Fiber optic,False,False,False,False,False,True,Month-to-month,True,Electronic check,80.45,950.2,Yes,1,0-12
7108-DGVUU,Female,1,True,False,21,True,True,DSL,False,True,True,False,False,True,One year,False,Bank transfer (automatic),71.7,1497.05,No,0,13-24
2782-JEEBU,Male,0,False,False,21,False,No,DSL,False,True,False,True,False,False,Month-to-month,True,Mailed check,36.0,780.15,No,0,13-24
5127-BZENZ,Female,0,True,True,56,True,True,DSL,True,False,False,False,True,False,One year,False,Bank transfer (automatic),65.2,3512.15,No,0,49-60
2720-FVBQP,Female,0,True,True,6,True,True,DSL,False,False,False,False,False,False,Month-to-month,True,Credit card (automatic),48.95,273.25,No,0,0-12
9906-NHHVC,Female,1,False,False,65,False,No,DSL,False,True,True,False,True,True,Two year,True,Bank transfer (automatic),53.5,3517.9,No,0,61-72
4522-XRWWI,Male,0,True,False,42,True,True,DSL,True,False,False,True,True,True,One year,False,Credit card (automatic),80.45,3375.9,No,0,37-48
3766-EJLFL,Female,0,True,True,68,True,True,Fiber optic,True,False,True,True,True,True,Two year,True,Bank transfer (automatic),109.05,7508.55,No,0,61-72
5939-SXWHM,Male,0,True,True,48,True,True,No,No,No,No,No,No,No,Two year,False,Bank transfer (automatic),26.3,1245.05,No,0,37-48
8152-UOBNY,Female,1,False,False,50,True,True,Fiber optic,False,True,False,True,True,True,One year,True,Electronic check,106.8,5347.95,No,0,49-60
7351-KYHQH,Female,1,False,False,7,True,False,DSL,False,True,True,False,True,False,Month-to-month,True,Electronic check,64.95,493.65,No,0,0-12
7643-RCHXS,Female,0,True,True,63,True,False,No,No,No,No,No,No,No,Two year,False,Electronic check,19.35,1263.85,No,0,61-72
8246-SHFGA,Male,0,False,False,17,True,False,No,No,No,No,No,No,No,Month-to-month,False,Credit card (automatic),21.1,385.55,No,0,13-24
8387-MOJJT,Female,0,True,True,42,True,False,Fiber optic,False,False,False,False,True,False,Month-to-month,True,Credit card (automatic),77.95,3384.0,Yes,1,37-48
0620-XEFWH,Male,0,True,True,4,True,False,No,No,No,No,No,No,No,Month-to-month,False,Mailed check,18.85,84.2,No,0,0-12
6485-QXWWE,Female,0,False,True,62,True,True,No,No,No,No,No,No,No,Two year,False,Bank transfer (automatic),26.0,1638.7,No,0,61-72
2761-OCIAX,Male,1,False,False,2,True,False,Fiber optic,False,True,False,False,False,False,Month-to-month,True,Electronic check,74.7,165.4,Yes,1,0-12
7321-VGNKU,Female,0,True,False,2,True,False,Fiber optic,False,False,False,False,False,False,Month-to-month,True,Electronic check,70.35,120.25,No,0,0-12
5327-CNLUQ,Male,0,True,False,48,True,True,Fiber optic,True,True,True,False,True,False,Two year,True,Bank transfer (automatic),96.9,4473.45,No,0,37-48
7552-KEYGT,Male,0,True,False,27,True,False,No,No,No,No,No,No,No,Two year,False,Bank transfer (automatic),19.55,520.55,No,0,25-36
5816-JMLGY,Female,0,True,True,70,True,False,DSL,False,True,True,True,True,True,Two year,True,Bank transfer (automatic),80.4,5717.85,No,0,61-72
3068-OMWZA,Male,1,False,False,1,True,True,Fiber optic,False,False,True,False,True,False,Month-to-month,True,Electronic check,88.8,88.8,Yes,1,0-12
2927-QRRQV,Male,0,True,False,46,True,True,Fiber optic,False,True,True,False,True,False,One year,True,Electronic check,94.65,4312.5,No,0,37-48
6032-KRXXO,Male,0,False,False,30,True,False,Fiber optic,False,False,False,False,True,True,Month-to-month,True,Electronic check,90.25,2755.35,Yes,1,25-36
7459-RRWQZ,Female,0,False,False,15,True,True,DSL,True,False,False,False,False,True,Month-to-month,True,Bank transfer (automatic),64.65,994.55,Yes,1,13-24
6265-SXWBU,Male,0,True,True,69,True,True,Fiber optic,False,True,True,False,True,False,One year,False,Credit card (automatic),95.75,6511.25,No,0,61-72
7941-RCJOW,Male,0,False,False,65,True,False,No,No,No,No,No,No,No,Two year,True,Credit card (automatic),19.55,1218.65,No,0,61-72
6374-NTQLP,Male,1,True,True,72,True,False,Fiber optic,True,False,True,True,True,True,Two year,True,Credit card (automatic),104.1,7447.7,No,0,61-72
4154-AQUGT,Male,1,True,False,13,True,False,Fiber optic,False,True,False,True,False,True,Month-to-month,True,Bank transfer (automatic),89.05,1169.35,Yes,1,13-24
2387-KDZQY,Male,0,False,False,17,True,False,No,No,No,No,No,No,No,One year,True,Mailed check,20.1,279.5,No,0,13-24
3584-WKTTW,Male,0,True,False,51,True,True,Fiber optic,True,False,True,True,True,True,One year,True,Electronic check,111.55,5720.35,No,0,49-60
3399-BMLVW,Male,0,True,True,51,True,False,DSL,True,True,False,True,False,False,Two year,False,Credit card (automatic),60.5,3121.45,No,0,49-60
1971-DTCZB,Female,0,True,False,72,True,True,DSL,True,True,True,True,True,True,Two year,True,Bank transfer (automatic),90.95,6468.6,No,0,61-72
3092-IGHWF,Male,0,True,True,67,True,True,Fiber optic,False,True,True,False,False,False,One year,False,Electronic check,87.4,5918.8,Yes,1,61-72
3374-PZLXD,Male,0,False,False,34,True,False,No,No,No,No,No,No,No,Month-to-month,False,Mailed check,19.7,675.6,No,0,25-36
3813-DHBBB,Male,0,True,False,67,False,No,DSL,True,True,False,True,False,True,Two year,True,Bank transfer (automatic),50.95,3521.7,No,0,61-72
2812-REYAT,Female,0,True,False,49,True,False,No,No,No,No,No,No,No,One year,True,Bank transfer (automatic),20.05,923.1,No,0,49-60
6518-PPLMZ,Male,0,True,True,53,True,False,No,No,No,No,No,No,No,Two year,True,Mailed check,19.4,1110.35,No,0,49-60
4939-KYYPY,Male,0,False,False,27,True,True,DSL,False,False,True,True,False,False,Month-to-month,False,Electronic check,59.45,1611.65,No,0,25-36
8017-LXHFA,Female,1,False,False,23,True,False,Fiber optic,False,True,False,False,True,True,Month-to-month,True,Electronic check,94.75,2293.6,Yes,1,13-24
5930-GBIWP,Male,0,False,False,69,True,True,DSL,True,True,True,True,False,True,Two year,True,Credit card (automatic),81.5,5553.25,No,0,61-72
6022-KOUQO,Female,0,True,True,2,False,No,DSL,False,False,False,True,False,False,Month-to-month,False,Bank transfer (automatic),29.05,44.75,No,0,0-12
6352-TWCAU,Female,0,False,False,35,True,True,Fiber optic,False,False,False,False,True,False,Month-to-month,True,Electronic check,86.45,3029.1,Yes,1,25-36
2361-UPSND,Female,0,True,False,46,True,False,DSL,True,True,False,True,False,True,One year,False,Mailed check,70.6,3231.05,No,0,37-48
6035-RIIOM,Female,0,False,False,54,True,True,Fiber optic,False,True,False,False,True,True,Two year,True,Bank transfer (automatic),97.2,5129.45,No,0,49-60
2929-QNSRW,Female,0,True,False,56,True,True,Fiber optic,False,True,False,False,True,True,One year,True,Electronic check,98.25,5508.35,Yes,1,49-60
1262-OPMFY,Female,0,True,False,9,True,False,Fiber optic,False,False,True,False,False,False,Month-to-month,True,Bank transfer (automatic),75.75,655.9,Yes,1,0-12
9504-DSHWM,Male,0,False,False,20,True,True,DSL,True,False,False,True,False,False,Month-to-month,False,Bank transfer (automatic),59.2,1191.2,No,0,13-24
5035-BVCXS,Male,0,False,False,11,True,False,Fiber optic,False,True,False,False,False,False,Month-to-month,True,Mailed check,75.9,866.4,No,0,0-12
6267-DCFFZ,Female,1,True,False,30,True,True,Fiber optic,False,True,False,False,True,False,Month-to-month,True,Electronic check,90.05,2627.2,No,0,25-36
3533-UVMOM,Male,0,True,False,68,True,False,DSL,True,True,True,False,False,True,Two year,False,Bank transfer (automatic),70.95,4741.45,No,0,61-72
2439-LYPMQ,Male,1,True,False,38,True,True,Fiber optic,False,True,True,False,True,True,Month-to-month,True,Electronic check,102.6,4009.2,No,0,37-48
4248-QPAVC,Female,1,True,False,17,True,True,Fiber optic,True,False,True,False,False,False,Month-to-month,True,Bank transfer (automatic),85.35,1463.45,Yes,1,13-24
1899-VXWXM,Male,0,False,False,48,True,True,Fiber optic,False,True,True,False,True,True,One year,True,Credit card (automatic),106.1,5082.8,Yes,1,37-48
1478-VPOAD,Female,0,False,False,1,True,False,DSL,False,False,False,False,False,False,Month-to-month,False,Electronic check,43.8,43.8,No,0,0-12
9995-HOTOH,Male,0,True,True,63,False,No,DSL,True,True,True,False,True,True,Two year,False,Electronic check,59.0,3707.6,No,0,61-72
2988-PLAHS,Female,0,False,False,3,True,False,DSL,False,False,True,False,True,True,One year,True,Electronic check,69.95,220.45,No,0,0-12
1371-OJCEK,Female,0,False,False,48,True,True,No,No,No,No,No,No,No,One year,False,Bank transfer (automatic),24.35,1133.7,No,0,37-48
4999-IEZLT,Male,0,False,False,66,False,No,DSL,False,False,False,True,False,False,One year,False,Credit card (automatic),29.45,1983.15,No,0,61-72
8883-ANODQ,Female,0,True,True,68,True,True,Fiber optic,False,True,True,False,False,False,Two year,True,Credit card (automatic),84.4,5746.75,No,0,61-72
4690-LLKUA,Male,1,False,False,17,True,False,DSL,False,False,False,False,False,False,Month-to-month,True,Electronic check,45.05,770.6,Yes,1,13-24
2351-RRBUE,Female,0,True,True,7,True,False,No,No,No,No,No,No,No,One year,False,Mailed check,20.65,134.05,No,0,0-12
5980-BDHPY,Male,0,True,False,72,True,True,DSL,True,True,True,True,True,True,Two year,True,Bank transfer (automatic),87.1,6230.1,No,0,61-72
1498-DQNRX,Female,0,True,False,29,True,False,No,No,No,No,No,No,No,Month-to-month,False,Mailed check,19.85,573.05,No,0,25-36
9469-WEJBT,Male,0,True,False,37,True,False,Fiber optic,False,False,True,True,False,True,Month-to-month,True,Electronic check,90.35,3419.3,No,0,37-48
3331-HQDTW,Female,0,False,False,34,True,True,Fiber optic,True,True,True,False,True,True,Month-to-month,True,Mailed check,109.8,3587.25,Yes,1,25-36
9490-DFPMD,Female,1,False,False,42,True,True,Fiber optic,False,False,False,False,True,False,Month-to-month,True,Electronic check,84.65,3541.35,Yes,1,37-48
2581-VKIRT,Female,0,True,True,59,True,True,DSL,True,True,False,True,False,False,One year,False,Mailed check,65.5,3801.3,No,0,49-60
5442-XSDCW,Male,0,True,True,11,True,False,Fiber optic,False,False,False,False,True,False,Month-to-month,True,Bank transfer (automatic),79.5,868.5,Yes,1,0-12
7426-WEIJX,Male,1,True,True,60,True,True,Fiber optic,True,False,False,False,False,False,Month-to-month,True,Electronic check,80.95,4859.1,No,0,49-60
2851-MMUTZ,Female,0,False,False,27,True,False,DSL,False,True,False,True,False,False,Month-to-month,True,Mailed check,56.15,1439.35,No,0,25-36
3049-NDXFL,Female,0,False,False,1,True,True,Fiber optic,False,False,False,False,False,True,Month-to-month,False,Mailed check,85.8,85.8,Yes,1,0-12
8580-AECUZ,Male,1,False,False,1,True,False,Fiber optic,False,False,False,False,True,False,Month-to-month,True,Electronic check,79.1,79.1,Yes,1,0-12
3307-TLCUD,Male,0,True,False,17,False,No,DSL,True,False,True,False,False,False,Month-to-month,False,Mailed check,34.4,592.75,No,0,13-24
6625-FLENO,Male,0,True,False,58,True,False,No,No,No,No,No,No,No,Two year,False,Mailed check,20.75,1185.95,No,0,49-60
2967-MXRAV,Male,0,True,True,1,True,False,No,No,No,No,No,No,No,One year,False,Mailed check,18.8,18.8,No,0,0-12
7963-GQRMY,Female,0,True,True,3,True,False,DSL,False,False,False,False,False,False,Month-to-month,False,Mailed check,44.3,134.5,Yes,1,0-12
8189-HBVRW,Female,0,False,False,53,True,True,Fiber optic,True,True,True,False,False,False,Month-to-month,False,Electronic check,90.8,4921.2,No,0,49-60
4163-KIUHY,Male,0,False,False,35,True,True,No,No,No,No,No,No,No,Month-to-month,True,Electronic check,25.6,901.25,No,0,25-36
1228-FZFRV,Male,0,True,True,50,True,True,Fiber optic,True,False,True,False,True,True,Month-to-month,False,Credit card (automatic),105.95,5341.8,Yes,1,49-60
3500-NSDOA,Male,0,True,True,68,True,True,DSL,False,True,False,True,False,True,Two year,False,Credit card (automatic),70.8,4859.95,No,0,61-72
1171-TYKUR,Male,0,True,False,47,True,True,No,No,No,No,No,No,No,Month-to-month,False,Electronic check,25.4,1139.2,No,0,37-48
3761-FLYZI,Female,1,True,False,65,True,True,Fiber optic,False,True,True,False,True,True,Month-to-month,True,Bank transfer (automatic),108.8,7082.45,No,0,61-72
2058-DCJBE,Male,0,False,False,5,True,False,Fiber optic,False,False,False,False,False,False,Month-to-month,True,Electronic check,69.75,324.6,Yes,1,0-12
5364-XYIRR,Male,0,True,False,51,True,True,Fiber optic,False,False,False,False,True,True,Month-to-month,True,Electronic check,94.65,4812.75,Yes,1,49-60
4829-AUOAX,Female,0,False,False,46,True,True,Fiber optic,False,False,False,False,True,True,Month-to-month,False,Bank transfer (automatic),96.05,4399.5,Yes,1,37-48
1219-NNDDO,Female,0,False,False,9,True,True,Fiber optic,False,False,False,False,False,False,Month-to-month,True,Electronic check,76.85,663.55,No,0,0-12
8388-DMKAE,Female,0,False,False,8,True,False,No,No,No,No,No,No,No,Two year,False,Mailed check,20.25,174.65,No,0,0-12
4403-BWPAY,Male,0,False,False,14,True,True,No,No,No,No,No,No,No,One year,True,Credit card (automatic),24.8,321.7,No,0,13-24
9659-QEQSY,Female,0,False,False,45,True,True,Fiber optic,True,True,True,True,True,True,Month-to-month,True,Electronic check,115.65,5125.5,No,0,37-48
5405-ZMYXQ,Female,0,False,False,8,True,True,Fiber optic,False,False,False,False,False,False,Month-to-month,True,Credit card (automatic),74.6,548.9,No,0,0-12
5047-LHVLY,Male,1,False,True,1,True,False,DSL,False,False,True,False,False,False,Month-to-month,True,Mailed check,50.15,50.15,Yes,1,0-12
1442-OKRJE,Male,0,True,True,66,True,False,Fiber optic,True,True,True,False,True,True,One year,True,Bank transfer (automatic),103.15,7031.3,No,0,61-72
4737-AQCPU,Male,0,True,True,72,True,True,DSL,True,True,True,True,False,False,Two year,False,Credit card (automatic),72.1,5016.65,No,0,61-72
9158-VCTQB,Female,0,True,False,41,True,True,Fiber optic,True,True,True,True,True,True,Month-to-month,True,Bank transfer (automatic),113.6,4594.95,Yes,1,37-48
2808-CHTDM,Female,0,True,True,23,True,True,No,No,No,No,No,No,No,Two year,False,Mailed check,25.1,611.45,No,0,13-24
6311-UEUME,Female,0,False,False,29,True,False,Fiber optic,False,False,False,False,True,False,Month-to-month,True,Electronic check,78.9,2384.15,Yes,1,25-36
0793-TWELN,Female,0,False,False,4,True,True,Fiber optic,True,False,False,False,False,False,Month-to-month,True,Electronic check,80.15,319.85,No,0,0-12
3283-WCWXT,Male,0,True,True,6,True,True,No,No,No,No,No,No,No,Two year,False,Mailed check,25.4,153.3,No,0,0-12
1060-ENTOF,Female,1,True,False,67,True,True,Fiber optic,True,True,True,True,False,True,One year,True,Credit card (automatic),105.4,7035.6,No,0,61-72
0999-QXNSA,Male,1,False,True,7,True,False,DSL,False,False,False,False,False,False,Month-to-month,True,Mailed check,45.75,344.2,No,0,0-12
5451-MHQOF,Male,0,True,True,56,True,True,No,No,No,No,No,No,No,One year,True,Mailed check,24.45,1431.65,No,0,49-60
4836-WNFNO,Female,0,True,False,72,True,True,No,No,No,No,No,No,No,Two year,False,Credit card (automatic),25.0,1849.2,No,0,61-72
9225-BZLNZ,Male,0,True,False,72,True,True,DSL,True,True,True,False,True,True,Two year,True,Electronic check,85.25,6083.1,No,0,61-72
0354-VXMJC,Male,0,True,True,23,True,False,No,No,No,No,No,No,No,Two year,False,Credit card (automatic),19.6,426.65,No,0,13-24
4422-QVIJA,Female,0,False,True,35,True,True,DSL,False,False,False,False,False,False,Month-to-month,False,Mailed check,50.15,1655.35,No,0,25-36
9365-SRSZE,Male,1,True,False,27,True,False,Fiber optic,False,False,False,False,False,False,Month-to-month,True,Electronic check,70.55,1943.9,No,0,25-36
6839-ITVZJ,Female,0,True,True,26,True,True,DSL,False,True,False,True,False,False,Month-to-month,True,Electronic check,60.05,1616.15,Yes,1,25-36
8332-OSJDW,Male,0,True,True,12,True,True,No,No,No,No,No,No,No,One year,False,Mailed check,26.4,314.95,No,0,0-12
4735-BJKOU,Female,0,False,False,40,True,False,No,No,No,No,No,No,No,Two year,False,Mailed check,20.15,804.85,No,0,37-48
0274-JKUJR,Male,0,True,True,7,False,No,DSL,True,True,True,False,True,True,Month-to-month,False,Mailed check,58.85,465.7,No,0,0-12
5740-YHGTW,Male,0,True,True,70,True,True,Fiber optic,True,True,False,False,True,False,Month-to-month,True,Credit card (automatic),97.55,6669.05,No,0,61-72
8917-SZTTJ,Male,0,True,True,60,True,False,No,No,No,No,No,No,No,Two year,False,Credit card (automatic),19.65,1161.75,No,0,49-60
1696-MZVAU,Male,0,True,True,39,False,No,DSL,False,False,False,False,False,False,One year,True,Credit card (automatic),25.25,947.75,No,0,37-48
7359-WWYJV,Male,0,True,False,72,True,True,Fiber optic,True,True,True,True,True,True,Two year,False,Credit card (automatic),114.45,8375.05,No,0,61-72
0375-HVGXO,Female,0,False,False,1,False,No,DSL,False,False,False,False,True,False,Month-to-month,True,Electronic check,34.7,34.7,Yes,1,0-12
4906-ZHGPK,Male,0,True,True,54,True,True,DSL,False,True,False,True,True,False,One year,True,Electronic check,70.7,3770.0,No,0,49-60
8593-WHYHV,Male,0,False,False,3,True,True,Fiber optic,False,False,False,False,False,True,Month-to-month,True,Electronic check,85.3,264.8,Yes,1,0-12
3795-GWTRD,Female,0,True,True,63,True,False,DSL,True,True,True,True,True,False,Two year,False,Credit card (automatic),75.55,4707.85,No,0,61-72
1298-PHBTI,Male,0,True,True,71,True,True,Fiber optic,False,True,False,True,False,False,Two year,True,Electronic check,84.8,6152.4,No,0,61-72
6223-DHJGV,Female,0,False,False,42,True,False,No,No,No,No,No,No,No,One year,True,Mailed check,20.65,958.1,No,0,37-48
6961-MJKBO,Male,0,False,False,47,True,False,No,No,No,No,No,No,No,Two year,False,Bank transfer (automatic),20.45,943.0,No,0,37-48
6097-EQISJ,Female,0,True,True,66,True,True,Fiber optic,False,True,True,False,True,True,One year,True,Credit card (automatic),102.45,6615.15,Yes,1,61-72
4423-YLHDV,Female,0,True,False,21,True,True,Fiber optic,True,False,True,False,True,True,Month-to-month,True,Bank transfer (automatic),104.4,2200.25,Yes,1,13-24
8158-WPEZG,Male,0,False,False,11,False,No,DSL,False,True,False,True,False,False,Month-to-month,True,Electronic check,35.65,425.1,No,0,0-12
0107-YHINA,Male,0,False,True,1,True,True,Fiber optic,False,False,True,False,True,True,Month-to-month,True,Electronic check,99.75,99.75,Yes,1,0-12
4918-FYJNT,Female,1,True,False,55,True,True,Fiber optic,False,True,True,True,False,False,Month-to-month,False,Electronic check,90.45,5044.8,No,0,49-60
0727-BNRLG,Male,0,False,False,69,True,True,Fiber optic,False,True,True,True,True,False,Two year,True,Credit card (automatic),97.65,6743.55,No,0,61-72
4854-CIDCF,Female,1,False,False,3,True,False,Fiber optic,False,False,True,False,False,False,Month-to-month,False,Electronic check,73.85,196.4,No,0,0-12
8640-SDGKB,Male,0,False,False,4,True,False,DSL,False,False,True,True,True,True,Month-to-month,True,Electronic check,74.4,299.7,Yes,1,0-12
3280-MRDOF,Male,1,False,False,30,True,True,DSL,False,False,True,True,True,False,Two year,True,Credit card (automatic),69.1,2093.9,No,0,25-36
6435-SRWBJ,Female,0,False,False,5,True,True,Fiber optic,False,False,True,True,False,False,Month-to-month,True,Electronic check,82.75,417.75,No,0,0-12
9964-WBQDJ,Female,0,True,False,71,True,True,No,No,No,No,No,No,No,Two year,True,Credit card (automatic),24.4,1725.4,No,0,61-72
6303-KFWSL,Female,0,False,False,29,True,True,DSL,False,True,False,False,False,False,One year,True,Electronic check,55.25,1620.2,No,0,25-36
1702-CCFNJ,Male,0,True,False,52,True,True,DSL,False,True,False,True,False,False,Month-to-month,False,Bank transfer (automatic),61.35,3169.55,No,0,49-60
8932-CZHRQ,Male,0,False,False,68,True,True,DSL,True,True,True,False,False,True,One year,False,Credit card (automatic),76.75,5233.25,No,0,61-72
0386-CWRGM,Female,0,True,True,46,True,False,No,No,No,No,No,No,No,Two year,False,Mailed check,19.4,967.85,No,0,37-48
5515-RUGKN,Male,0,False,False,8,True,False,DSL,False,False,False,False,False,True,Month-to-month,True,Credit card (automatic),54.75,438.05,No,0,0-12
0404-AHASP,Male,0,True,False,72,True,False,No,No,No,No,No,No,No,Two year,False,Credit card (automatic),19.7,1421.9,No,0,61-72
7279-NMVJC,Female,0,False,False,17,True,False,No,No,No,No,No,No,No,One year,False,Bank transfer (automatic),19.9,323.15,No,0,13-24
2081-VEYEH,Male,0,False,False,3,True,False,Fiber optic,False,True,True,True,True,True,Month-to-month,True,Electronic check,107.95,318.6,No,0,0-12
6407-UTSLV,Female,1,False,False,2,True,False,Fiber optic,False,True,False,False,True,False,Month-to-month,True,Bank transfer (automatic),83.8,163.7,No,0,0-12
4116-TZAQJ,Female,0,False,False,9,True,False,Fiber optic,True,False,False,False,False,False,Month-to-month,True,Credit card (automatic),74.25,639.65,Yes,1,0-12
9060-HJJRW,Female,0,False,False,51,False,No,DSL,False,True,True,False,True,True,One year,True,Credit card (automatic),56.4,2928.5,No,0,49-60
2587-YNLES,Female,0,True,True,6,True,False,No,No,No,No,No,No,No,Two year,False,Mailed check,20.1,100.35,No,0,0-12
7398-SKNQZ,Female,0,True,False,3,True,True,Fiber optic,False,False,False,False,True,True,Month-to-month,False,Electronic check,94.9,273.2,No,0,0-12
5935-FCCNB,Female,1,False,False,17,True,True,Fiber optic,False,False,False,False,True,True,Month-to-month,True,Electronic check,94.2,1608.15,No,0,13-24
1958-RNRKS,Male,0,True,False,30,True,True,DSL,False,False,False,False,False,False,Month-to-month,False,Electronic check,49.9,1441.95,No,0,25-36
5136-RGMZO,Male,0,False,False,31,True,True,DSL,False,True,False,True,True,False,Month-to-month,True,Electronic check,71.05,2168.15,No,0,25-36
8345-MVDYC,Female,0,False,False,45,True,False,DSL,True,False,True,True,True,True,Two year,False,Bank transfer (automatic),81.65,3618.7,No,0,37-48
8226-BXGES,Male,0,True,False,64,True,True,Fiber optic,True,True,True,False,False,False,One year,False,Bank transfer (automatic),89.45,5692.65,No,0,61-72
3877-JRJIP,Male,0,False,False,1,True,True,DSL,False,False,False,False,True,False,Month-to-month,True,Electronic check,59.85,59.85,Yes,1,0-12
8375-DKEBR,Female,1,False,False,1,True,False,Fiber optic,False,False,False,False,False,False,Month-to-month,True,Electronic check,69.6,69.6,Yes,1,0-12
9705-IOVQQ,Male,1,True,True,61,True,True,Fiber optic,False,True,False,False,True,True,One year,False,Electronic check,99.0,5969.3,No,0,61-72
1015-OWJKI,Male,0,False,False,1,True,False,No,No,No,No,No,No,No,Month-to-month,False,Mailed check,19.05,19.05,No,0,0-12
7511-YMXVQ,Male,0,False,False,9,False,No,DSL,False,False,False,False,True,True,Month-to-month,True,Electronic check,45.4,418.8,Yes,1,0-12
2040-XBAVJ,Male,0,True,True,72,True,True,Fiber optic,True,True,True,True,True,True,Two year,False,Bank transfer (automatic),114.45,8100.55,No,0,61-72
7551-JOHTI,Female,0,False,False,1,True,False,No,No,No,No,No,No,No,Month-to-month,False,Mailed check,19.5,19.5,Yes,1,0-12
8887-IPQNC,Female,0,True,False,7,True,False,DSL,False,False,False,False,False,False,Month-to-month,True,Mailed check,44.25,313.45,No,0,0-12
8646-JCOMS,Female,0,True,False,66,True,True,Fiber optic,False,True,True,True,False,False,One year,True,Bank transfer (automatic),90.55,6130.95,No,0,61-72
9804-ICWBG,Male,0,False,False,1,True,False,Fiber optic,False,False,False,False,False,False,Month-to-month,True,Electronic check,69.9,69.9,Yes,1,0-12
1222-KJNZD,Male,0,True,True,40,True,False,No,No,No,No,No,No,No,Month-to-month,True,Bank transfer (automatic),20.4,745.3,No,0,37-48
0106-GHRQR,Male,0,False,False,16,True,True,DSL,False,True,True,False,False,True,Month-to-month,True,Bank transfer (automatic),71.4,1212.1,No,0,13-24
5318-IXUZF,Female,0,False,False,2,True,False,Fiber optic,False,True,False,False,True,False,Month-to-month,True,Bank transfer (automatic),87.15,183.75,Yes,1,0-12
3768-VHXQO,Male,0,True,False,67,True,True,No,No,No,No,No,No,No,Two year,False,Credit card (automatic),24.85,1583.5,No,0,61-72
8952-WCVCD,Female,0,True,False,41,True,False,Fiber optic,True,True,True,False,True,True,One year,True,Bank transfer (automatic),104.45,4162.05,No,0,37-48
2418-TPEUN,Female,0,True,True,56,True,False,No,No,No,No,No,No,No,Two year,True,Credit card (automatic),19.8,1119.9,No,0,49-60
3963-RYFNS,Female,0,False,False,72,True,True,Fiber optic,True,True,True,True,True,True,Two year,True,Bank transfer (automatic),116.45,8013.55,No,0,61-72
3198-VELRD,Female,0,True,True,3,True,True,Fiber optic,False,False,False,False,False,True,Month-to-month,True,Bank transfer (automatic),84.75,264.85,Yes,1,0-12
8540-ZQGEA,Female,0,True,False,54,True,False,No,No,No,No,No,No,No,Two year,False,Credit card (automatic),20.05,1102.4,No,0,49-60
1320-REHCS,Male,1,False,False,52,True,True,Fiber optic,False,True,True,True,True,True,Month-to-month,True,Electronic check,110.75,5832.0,No,0,49-60
4137-JOPHL,Female,0,False,False,50,True,False,Fiber optic,False,False,True,True,False,True,Two year,True,Bank transfer (automatic),89.7,4304.5,No,0,49-60
9436-ZBZCT,Male,0,False,False,14,True,True,Fiber optic,False,False,False,True,True,False,Month-to-month,True,Electronic check,89.95,1178.4,Yes,1,13-24
7801-CEDNV,Male,0,True,False,27,True,False,DSL,True,False,False,False,False,False,One year,False,Credit card (automatic),48.7,1421.75,No,0,25-36
2057-BOYKM,Female,1,True,False,72,True,True,Fiber optic,True,True,True,True,False,False,Two year,True,Bank transfer (automatic),96.6,6827.5,No,0,61-72
3658-QQJYD,Male,0,False,False,62,True,False,DSL,True,True,False,False,True,True,One year,True,Credit card (automatic),74.3,4698.05,No,0,61-72
1803-BGNBD,Female,0,False,False,12,True,False,DSL,False,True,False,True,False,False,Month-to-month,True,Electronic check,54.3,654.5,No,0,0-12
0134-XWXCE,Female,1,False,False,44,True,False,DSL,False,False,True,True,True,True,One year,False,Bank transfer (automatic),74.85,3268.05,No,0,37-48
6950-TWMYB,Male,0,True,True,54,True,False,Fiber optic,False,True,False,True,False,False,Two year,True,Bank transfer (automatic),79.95,4362.05,No,0,49-60
5848-FHRFC,Female,0,False,False,68,True,False,No,No,No,No,No,No,No,Two year,False,Bank transfer (automatic),20.05,1386.9,No,0,61-72
2243-FNMMI,Male,0,False,False,20,True,False,No,No,No,No,No,No,No,Month-to-month,False,Mailed check,19.4,415.4,No,0,13-24
2511-MORQY,Male,0,True,True,50,True,True,DSL,False,False,True,False,False,False,One year,False,Bank transfer (automatic),54.9,2614.1,No,0,49-60
5356-KZCKT,Male,0,False,False,58,True,True,No,No,No,No,No,No,No,Two year,True,Credit card (automatic),24.45,1513.6,No,0,49-60
9470-XCCEM,Male,0,True,True,35,True,True,Fiber optic,False,True,False,False,True,False,Month-to-month,True,Bank transfer (automatic),89.65,3161.6,No,0,25-36
6519-CFDBX,Female,0,False,False,2,True,False,DSL,False,False,False,False,False,False,Month-to-month,True,Electronic check,45.4,80.95,No,0,0-12
3902-MIVLE,Male,0,True,True,63,True,True,DSL,True,False,True,True,False,True,Two year,False,Mailed check,75.7,4676.7,No,0,61-72
0409-WTMPL,Female,0,True,False,58,True,True,Fiber optic,True,True,True,False,True,True,One year,True,Credit card (automatic),110.65,6526.65,No,0,49-60
8763-KIAFH,Female,0,True,True,27,True,False,No,No,No,No,No,No,No,One year,True,Mailed check,20.55,583.3,No,0,25-36
3669-WHAFY,Female,0,True,False,71,True,True,Fiber optic,True,True,True,True,True,True,Two year,True,Credit card (automatic),115.15,8078.1,No,0,61-72
3055-VTCGS,Female,0,False,False,63,True,False,DSL,False,False,True,False,False,True,One year,False,Credit card (automatic),58.55,3503.5,No,0,61-72
3144-KMTWZ,Male,0,True,False,71,True,True,Fiber optic,False,True,True,False,False,True,Month-to-month,True,Bank transfer (automatic),93.25,6669.45,No,0,61-72
7279-BUYWN,Female,1,False,False,41,True,True,Fiber optic,True,True,True,False,True,True,Month-to-month,True,Electronic check,113.2,4689.5,Yes,1,37-48
7156-MHUGY,Male,1,False,False,13,True,False,Fiber optic,False,False,False,False,True,True,Month-to-month,True,Electronic check,90.5,1201.15,Yes,1,13-24
7198-GLXTC,Male,0,False,False,2,True,False,Fiber optic,False,False,False,False,True,False,Month-to-month,False,Electronic check,79.0,143.65,Yes,1,0-12
2007-QVGAW,Female,0,True,True,68,True,False,No,No,No,No,No,No,No,Two year,True,Bank transfer (automatic),19.35,1292.65,No,0,61-72
5207-PLSTK,Male,0,True,True,1,True,False,DSL,True,False,False,False,False,False,Month-to-month,True,Mailed check,48.75,48.75,No,0,0-12
2307-FYNNL,Male,1,False,False,65,True,True,Fiber optic,True,False,True,True,True,True,Two year,True,Electronic check,109.05,7108.2,No,0,61-72
5605-XNWEN,Male,1,True,False,72,True,True,No,No,No,No,No,No,No,Two year,True,Bank transfer (automatic),25.0,1802.55,No,0,61-72
2155-AMQRX,Female,0,False,False,28,True,True,DSL,False,False,False,True,False,False,Month-to-month,True,Credit card (automatic),54.9,1505.15,No,0,25-36
6181-AXXYF,Male,0,True,True,72,True,True,No,No,No,No,No,No,No,Two year,False,Credit card (automatic),24.75,1859.1,No,0,61-72
5091-HFAZW,Female,0,False,False,2,True,False,Fiber optic,True,True,False,False,True,False,Month-to-month,True,Electronic check,91.15,168.5,No,0,0-12
0516-VRYBW,Female,0,False,True,18,True,False,No,No,No,No,No,No,No,One year,False,Bank transfer (automatic),20.15,390.85,Yes,1,13-24
2519-LBNQL,Male,1,True,False,60,True,True,Fiber optic,False,True,True,False,True,True,One year,True,Electronic check,104.35,6339.45,No,0,49-60
8623-ULFNQ,Female,1,False,False,26,True,True,DSL,False,False,False,True,False,True,Month-to-month,True,Electronic check,66.05,1652.4,No,0,25-36
8380-PEFPE,Male,0,False,True,1,True,False,Fiber optic,False,False,False,False,False,False,Month-to-month,True,Electronic check,71.65,71.65,Yes,1,0-12
5687-DKDTV,Female,0,False,False,4,True,False,No,No,No,No,No,No,No,Month-to-month,False,Mailed check,20.35,77.5,Yes,1,0-12
1568-LJSZU,Male,0,True,True,68,True,True,DSL,True,True,True,True,True,True,Two year,True,Credit card (automatic),92.2,6392.85,No,0,61-72
7530-HDYDS,Female,0,False,False,38,True,False,Fiber optic,False,True,True,True,False,False,Month-to-month,True,Credit card (automatic),84.25,3264.5,Yes,1,37-48
7789-HKSBS,Female,1,True,False,42,True,True,Fiber optic,True,False,True,False,True,True,One year,True,Bank transfer (automatic),105.2,4599.15,No,0,37-48
7416-CKTEP,Female,0,True,False,57,True,False,No,No,No,No,No,No,No,Two year,True,Bank transfer (automatic),19.6,1134.25,No,0,49-60
2586-CWXVV,Male,0,True,False,54,False,No,DSL,False,True,False,False,False,False,Month-to-month,False,Electronic check,30.4,1621.35,No,0,49-60
3096-IZETN,Female,0,False,False,12,True,False,Fiber optic,False,False,False,False,False,True,Month-to-month,False,Bank transfer (automatic),78.1,947.3,Yes,1,0-12
2348-KCJLT,Female,0,True,False,44,True,False,DSL,True,True,True,False,False,False,One year,True,Mailed check,61.5,2722.2,No,0,37-48
8401-EMUWF,Male,0,True,True,42,True,True,DSL,True,True,False,False,True,False,Month-to-month,True,Bank transfer (automatic),69.4,3058.3,No,0,37-48
4193-IBKSW,Male,0,True,True,72,True,True,No,No,No,No,No,No,No,Two year,False,Bank transfer (automatic),24.75,1769.6,No,0,61-72
5377-NDTOU,Female,0,True,True,71,True,True,DSL,True,True,True,True,True,True,Two year,False,Mailed check,91.05,6293.75,No,0,61-72
5922-ABDVO,Female,0,True,False,19,True,True,Fiber optic,False,False,True,False,False,True,Month-to-month,False,Mailed check,89.65,1761.05,Yes,1,13-24
2474-LCNUE,Female,0,True,False,23,True,True,DSL,False,False,False,True,True,True,Month-to-month,True,Credit card (automatic),73.65,1642.75,No,0,13-24
0839-QNXME,Female,0,False,False,30,True,False,No,No,No,No,No,No,No,Two year,False,Credit card (automatic),19.4,578.5,No,0,25-36
3506-OVLKD,Male,0,False,False,35,True,True,No,No,No,No,No,No,No,One year,False,Bank transfer (automatic),26.2,954.9,No,0,25-36
9172-ANCRX,Female,0,False,False,10,True,True,Fiber optic,True,False,False,False,True,True,Month-to-month,True,Electronic check,98.7,973.25,Yes,1,0-12
6650-VJONK,Male,0,False,False,1,True,False,DSL,False,False,False,False,False,False,Month-to-month,True,Bank transfer (automatic),43.85,43.85,No,0,0-12
2178-PMGCJ,Male,0,False,False,22,True,False,Fiber optic,False,False,False,False,False,False,Month-to-month,True,Mailed check,69.7,1490.4,No,0,13-24
7492-TAFJD,Male,0,True,True,7,False,No,DSL,True,True,True,False,False,False,Two year,False,Mailed check,38.55,280.0,No,0,0-12
2773-MADBQ,Female,0,False,False,36,False,No,DSL,True,True,True,True,False,True,Two year,True,Mailed check,53.1,1901.25,No,0,25-36
6016-LVTJQ,Female,0,True,True,34,True,False,No,No,No,No,No,No,No,Month-to-month,False,Mailed check,20.65,716.4,No,0,25-36
7860-KSUGX,Male,0,True,True,72,True,True,DSL,True,True,True,False,False,False,Two year,False,Credit card (automatic),64.45,4720.0,No,0,61-72
8966-KZXXA,Male,0,True,True,36,True,True,No,No,No,No,No,No,No,Two year,False,Credit card (automatic),25.1,930.95,No,0,25-36
6910-HADCM,Female,0,False,False,1,True,False,Fiber optic,False,False,True,False,False,False,Month-to-month,False,Electronic check,76.35,76.35,Yes,1,0-12
4816-LXZYW,Female,0,False,False,23,True,True,Fiber optic,False,True,False,False,False,False,Month-to-month,True,Electronic check,79.15,1676.95,Yes,1,13-24
9606-PBKBQ,Male,1,True,False,32,True,True,Fiber optic,False,False,False,False,False,True,Month-to-month,True,Electronic check,85.0,2642.05,Yes,1,25-36
5149-QYTTU,Female,0,True,True,71,True,True,Fiber optic,True,True,True,True,False,False,One year,True,Credit card (automatic),95.15,6770.85,No,0,61-72
2070-XYMFH,Female,1,False,False,23,True,True,Fiber optic,False,False,True,False,False,False,Month-to-month,True,Mailed check,79.35,1835.3,No,0,13-24
2085-BOJKI,Male,0,True,False,17,True,False,Fiber optic,False,False,True,False,True,True,One year,True,Bank transfer (automatic),96.65,1588.25,No,0,13-24
0817-HSUSE,Male,0,False,False,1,True,False,DSL,False,False,True,True,True,True,Month-to-month,True,Electronic check,75.5,75.5,No,0,0-12
5442-PPTJY,Male,0,True,True,12,True,False,No,No,No,No,No,No,No,Two year,False,Mailed check,19.7,258.35,No,0,0-12
1927-QEWMY,Female,0,True,False,72,True,False,No,No,No,No,No,No,No,Two year,False,Credit card (automatic),20.5,1502.25,No,0,61-72
1663-MHLHE,Male,0,False,False,1,True,False,No,No,No,No,No,No,No,Month-to-month,False,Mailed check,19.2,19.2,No,0,0-12
5663-QBGIS,Male,1,True,False,72,True,True,Fiber optic,False,True,False,False,True,True,Two year,False,Bank transfer (automatic),98.35,6929.4,No,0,61-72
4450-MDZFX,Male,0,True,True,60,True,True,Fiber optic,False,False,False,False,False,False,Month-to-month,False,Bank transfer (automatic),74.35,4453.3,No,0,49-60
6701-DHKWQ,Female,0,True,True,61,False,No,DSL,False,True,True,True,True,False,Two year,False,Credit card (automatic),51.35,3244.4,No,0,61-72
7554-AKDQF,Female,0,True,False,6,True,False,DSL,False,False,False,False,False,False,Month-to-month,False,Mailed check,45.65,323.45,No,0,0-12
3536-IQCTX,Male,1,True,False,32,True,True,Fiber optic,False,False,False,False,False,True,Month-to-month,False,Electronic check,85.3,2661.1,Yes,1,25-36
4911-BANWH,Female,0,False,True,31,True,True,Fiber optic,False,False,False,False,True,False,Month-to-month,True,Credit card (automatic),86.55,2697.4,Yes,1,25-36
8496-EJAUI,Male,0,False,False,19,True,False,Fiber optic,False,True,False,False,False,False,Month-to-month,True,Credit card (automatic),73.85,1424.5,Yes,1,13-24
0794-YVSGE,Male,0,True,True,72,True,False,No,No,No,No,No,No,No,Two year,False,Bank transfer (automatic),20.3,1401.15,No,0,61-72
5423-BHIXO,Female,0,False,False,32,True,True,DSL,False,True,False,False,False,False,Month-to-month,True,Electronic check,54.2,1739.6,No,0,25-36
6908-VVYHM,Male,0,True,False,65,True,True,Fiber optic,False,True,False,False,False,True,Month-to-month,True,Electronic check,90.65,5931.0,No,0,61-72
2959-EEXWB,Female,0,True,True,45,False,No,DSL,True,False,False,False,True,True,Month-to-month,True,Bank transfer (automatic),50.9,2333.85,No,0,37-48
1839-UMACK,Male,0,False,False,42,True,True,No,No,No,No,No,No,No,One year,False,Electronic check,25.05,949.85,No,0,37-48
3030-YDNRM,Male,0,False,False,8,True,True,Fiber optic,False,False,False,False,False,False,Month-to-month,True,Electronic check,74.85,572.45,No,0,0-12
7321-KKSDU,Male,0,False,True,32,True,False,No,No,No,No,No,No,No,Two year,False,Mailed check,20.5,696.8,No,0,25-36
3402-XRIUO,Female,1,True,False,22,True,True,DSL,True,True,False,True,False,False,Month-to-month,True,Mailed check,63.55,1381.8,No,0,13-24
3132-TVFDZ,Male,1,True,False,57,False,No,DSL,False,False,False,False,True,True,Month-to-month,True,Electronic check,44.85,2572.95,Yes,1,49-60
8286-AFUYI,Male,0,False,False,1,True,False,DSL,True,False,False,False,False,False,Month-to-month,False,Electronic check,47.95,47.95,No,0,0-12
8080-DDEMJ,Male,1,False,False,1,True,False,DSL,False,False,False,False,False,False,Month-to-month,False,Electronic check,45.1,45.1,Yes,1,0-12
8356-WUAOJ,Female,0,True,False,1,True,False,DSL,False,False,False,False,False,False,Month-to-month,True,Electronic check,45.0,45.0,No,0,0-12
6365-MTGZX,Male,0,False,False,24,True,False,Fiber optic,False,False,False,True,True,True,Month-to-month,True,Electronic check,96.0,2122.45,Yes,1,13-24
1349-WXNGG,Male,0,False,False,1,True,False,No,No,No,No,No,No,No,Month-to-month,False,Bank transfer (automatic),20.05,20.05,Yes,1,0-12
8058-DMYRU,Male,1,False,False,54,True,True,Fiber optic,False,True,False,False,False,True,Month-to-month,True,Electronic check,90.05,4931.8,No,0,49-60
9350-ZXYJC,Female,0,False,False,4,True,True,No,No,No,No,No,No,No,Two year,True,Credit card (automatic),25.3,116.95,No,0,0-12
6990-YNRIO,Male,0,True,True,65,True,True,Fiber optic,True,False,True,True,True,True,Two year,False,Bank transfer (automatic),108.65,6937.95,Yes,1,61-72
8958-JPTRR,Female,0,True,False,56,True,True,No,No,No,No,No,No,No,One year,False,Electronic check,24.3,1261.7,No,0,49-60
6959-GQEGV,Male,0,False,False,45,True,False,DSL,True,False,True,False,True,True,Month-to-month,True,Electronic check,75.95,3273.8,No,0,37-48
3173-WSSUE,Female,0,True,True,71,True,False,No,No,No,No,No,No,No,Two year,False,Credit card (automatic),19.7,1415.85,No,0,61-72
1265-HVPZB,Male,0,True,False,59,True,False,DSL,True,True,True,False,True,False,One year,False,Credit card (automatic),66.4,3958.2,No,0,49-60
4115-UMJFQ,Male,0,False,False,69,False,No,DSL,False,True,True,False,False,False,One year,True,Bank transfer (automatic),35.75,2492.25,No,0,61-72
7369-TRPFD,Male,0,False,False,19,True,False,No,No,No,No,No,No,No,One year,False,Mailed check,18.8,279.2,No,0,13-24
1098-KFQEC,Female,0,True,True,55,True,False,No,No,No,No,No,No,No,Two year,False,Credit card (automatic),19.4,1083.0,No,0,49-60
7190-XHTWJ,Female,0,False,False,38,True,False,No,No,No,No,No,No,No,One year,False,Mailed check,19.3,755.5,No,0,37-48
0621-TWIEM,Male,0,False,False,10,True,False,DSL,False,False,False,False,False,False,Month-to-month,True,Electronic check,45.55,402.6,Yes,1,0-12
3537-RYBHH,Female,1,True,False,47,True,True,DSL,True,True,True,False,False,False,Month-to-month,True,Credit card (automatic),67.45,3252.0,No,0,37-48
2485-ITVKB,Female,0,True,False,2,False,No,DSL,False,False,False,False,False,True,Month-to-month,True,Electronic check,35.1,68.75,Yes,1,0-12
3669-OYSJI,Male,0,False,False,1,True,False,DSL,False,False,False,False,False,False,Month-to-month,False,Credit card (automatic),46.2,46.2,Yes,1,0-12
1612-EOHDH,Female,0,False,False,1,True,False,DSL,False,False,False,False,False,False,Month-to-month,False,Electronic check,45.15,45.15,Yes,1,0-12
6702-OHFWR,Male,1,False,False,1,False,No,DSL,False,True,True,False,False,True,Month-to-month,True,Electronic check,43.3,43.3,Yes,1,0-12
5296-BFCYD,Male,0,True,True,46,True,False,No,No,No,No,No,No,No,Two year,True,Mailed check,20.1,936.85,No,0,37-48
4510-PYUSH,Female,1,False,False,38,True,False,DSL,True,True,False,False,False,False,Month-to-month,True,Credit card (automatic),57.15,2250.65,Yes,1,37-48
9359-JANWS,Female,0,True,False,65,True,False,DSL,True,False,True,True,False,False,Two year,False,Credit card (automatic),58.9,3857.1,No,0,61-72
7517-SAWMO,Female,0,True,False,19,True,False,Fiber optic,True,False,False,False,False,False,Month-to-month,True,Electronic check,73.2,1441.1,Yes,1,13-24
4143-HHPMK,Male,0,False,False,52,True,False,Fiber optic,False,True,False,False,False,True,Month-to-month,True,Electronic check,85.35,4338.6,Yes,1,49-60
3279-DYZQM,Male,0,True,True,71,True,False,No,No,No,No,No,No,No,Two year,False,Mailed check,19.45,1378.45,No,0,61-72
7054-LGEQW,Female,0,False,False,1,True,False,DSL,False,False,False,False,False,False,Month-to-month,False,Mailed check,45.95,45.95,Yes,1,0-12
0523-VNGTF,Female,1,False,False,52,False,No,DSL,False,True,True,True,True,False,Month-to-month,True,Electronic check,50.5,2566.3,No,0,49-60
9575-IWCAZ,Male,0,True,False,6,True,True,No,No,No,No,No,No,No,One year,False,Mailed check,25.1,171.0,No,0,0-12
7105-MXJLL,Female,1,True,False,26,True,False,DSL,False,False,True,False,False,True,One year,False,Mailed check,60.7,1597.4,No,0,25-36
7064-FRRSW,Male,1,False,False,48,True,True,Fiber optic,False,True,False,False,True,True,One year,True,Electronic check,99.0,4744.35,No,0,37-48
7940-UQQUG,Female,0,True,True,64,True,True,Fiber optic,True,False,False,True,True,True,One year,True,Bank transfer (automatic),104.4,6721.6,No,0,61-72
0923-PNFUB,Female,0,False,False,3,True,False,Fiber optic,False,True,False,False,True,False,Month-to-month,False,Electronic check,83.75,247.25,Yes,1,0-12
3961-SXAXY,Male,0,False,False,1,True,False,DSL,False,False,False,False,False,False,Month-to-month,True,Bank transfer (automatic),44.05,44.05,No,0,0-12
7010-BRBUU,Male,0,True,True,72,True,True,No,No,No,No,No,No,No,Two year,False,Credit card (automatic),24.1,1734.65,No,0,61-72
3566-HJGPK,Male,0,False,False,1,True,False,DSL,False,False,False,False,False,False,Month-to-month,True,Mailed check,45.55,45.55,No,0,0-12
3062-ICYZQ,Female,0,True,True,51,True,True,Fiber optic,True,True,False,False,False,True,Month-to-month,True,Electronic check,93.8,4539.35,No,0,49-60
9938-PRCVK,Female,0,True,True,41,True,False,No,No,No,No,No,No,No,Two year,False,Bank transfer (automatic),19.7,804.25,No,0,37-48
0973-KYVNF,Female,0,True,True,72,True,False,DSL,True,True,True,False,True,False,Two year,True,Credit card (automatic),70.65,5011.15,No,0,61-72
5129-HHMZC,Female,0,True,False,43,True,True,DSL,True,True,False,True,True,True,Two year,False,Credit card (automatic),86.45,3574.5,No,0,37-48
9637-CDTKZ,Male,0,True,False,72,True,True,Fiber optic,True,True,True,True,True,True,Two year,True,Credit card (automatic),114.1,8086.4,No,0,61-72
3946-JEWRQ,Male,0,True,False,47,True,True,Fiber optic,False,False,False,False,True,True,One year,True,Credit card (automatic),95.2,4563.0,No,0,37-48
7873-CVMAW,Male,0,False,False,72,True,True,DSL,True,True,True,True,True,True,Two year,False,Credit card (automatic),88.55,6362.35,No,0,61-72
0463-WZZKO,Male,0,False,False,3,True,False,No,No,No,No,No,No,No,Month-to-month,True,Credit card (automatic),20.75,67.1,No,0,0-12
3494-JCHRQ,Male,0,False,False,1,True,False,Fiber optic,False,False,False,False,False,False,Month-to-month,True,Electronic check,70.05,70.05,Yes,1,0-12
6474-FVJLC,Male,0,False,False,2,True,True,Fiber optic,False,False,False,False,False,True,Month-to-month,True,Electronic check,86.0,165.45,Yes,1,0-12
4524-QCSSM,Male,0,False,False,26,False,No,DSL,True,True,False,False,False,True,Month-to-month,True,Bank transfer (automatic),44.65,1156.55,No,0,25-36
5832-EXGTT,Male,0,True,True,29,True,False,DSL,True,False,False,False,False,True,Month-to-month,True,Mailed check,60.2,1834.15,No,0,25-36
8840-DQLGN,Female,1,True,False,35,True,True,Fiber optic,True,True,False,True,True,False,Month-to-month,True,Bank transfer (automatic),100.5,3653.35,Yes,1,25-36
2039-JONDJ,Male,0,False,False,27,True,False,DSL,True,True,False,False,False,False,One year,False,Bank transfer (automatic),55.45,1477.65,No,0,25-36
7217-JYHOQ,Male,0,True,True,24,True,False,DSL,True,True,False,True,False,True,Month-to-month,True,Credit card (automatic),70.3,1706.45,No,0,13-24
6695-FRVEC,Male,0,True,True,67,True,False,DSL,True,False,True,True,False,False,Two year,True,Bank transfer (automatic),60.4,3953.7,No,0,61-72
4547-LYTDD,Female,0,False,False,16,True,True,Fiber optic,False,False,False,False,False,False,Month-to-month,False,Electronic check,72.65,1194.3,Yes,1,13-24
9894-QMIMJ,Female,0,False,False,23,True,False,DSL,False,True,True,False,False,False,One year,False,Bank transfer (automatic),55.8,1327.85,No,0,13-24
8069-YQQAJ,Male,0,False,False,14,False,No,DSL,False,True,False,False,False,False,Month-to-month,True,Mailed check,31.1,419.7,No,0,13-24
6770-XUAGN,Female,0,True,True,1,True,False,No,No,No,No,No,No,No,Month-to-month,True,Electronic check,21.0,21.0,Yes,1,0-12
4193-ORFCL,Female,1,False,False,1,True,False,DSL,False,False,False,False,False,False,Month-to-month,False,Mailed check,45.1,45.1,Yes,1,0-12
1636-NTNCO,Male,1,False,False,4,False,No,DSL,False,True,False,False,True,True,Month-to-month,True,Credit card (automatic),50.95,207.35,No,0,0-12
3466-WAESX,Male,0,False,True,16,True,True,DSL,True,True,False,False,False,True,Month-to-month,True,Electronic check,69.1,1083.7,No,0,13-24
9281-PKKZE,Female,0,True,False,46,False,No,DSL,False,False,False,False,True,True,Month-to-month,True,Electronic check,43.95,2007.85,No,0,37-48
3638-VBZTA,Male,0,False,True,68,True,True,DSL,True,True,False,True,True,True,Two year,True,Bank transfer (automatic),86.5,5882.75,No,0,61-72
7459-IMVYU,Male,0,False,False,38,True,True,DSL,True,True,True,True,False,False,Month-to-month,False,Electronic check,69.95,2657.55,No,0,37-48
7776-QWNFX,Male,1,True,False,30,True,False,DSL,False,True,False,False,False,False,Month-to-month,True,Bank transfer (automatic),50.4,1527.5,Yes,1,25-36
6689-TCZHQ,Female,1,False,False,5,True,False,Fiber optic,False,False,False,False,False,True,Month-to-month,False,Electronic check,78.95,378.4,Yes,1,0-12
8563-OYMQY,Male,0,False,False,17,True,False,Fiber optic,False,True,True,False,False,True,Month-to-month,True,Credit card (automatic),90.95,1612.2,No,0,13-24
0754-EEBDC,Male,0,True,True,4,True,False,No,No,No,No,No,No,No,Two year,False,Mailed check,19.9,76.65,No,0,0-12
5777-ZPQNC,Female,0,False,False,12,True,False,No,No,No,No,No,No,No,One year,False,Electronic check,20.15,260.7,No,0,0-12
1951-IEYXM,Male,0,True,True,72,True,True,DSL,True,True,True,True,True,True,Two year,True,Credit card (automatic),90.6,6441.85,No,0,61-72
3318-NMQXL,Male,0,False,False,3,True,False,Fiber optic,False,False,False,False,True,True,Month-to-month,True,Electronic check,92.0,266.8,No,0,0-12
3143-ILDAL,Male,0,False,False,56,True,True,Fiber optic,False,True,False,True,False,True,Month-to-month,True,Electronic check,94.45,5124.6,Yes,1,49-60
1022-RKXDR,Female,0,False,False,41,True,True,No,No,No,No,No,No,No,One year,True,Mailed check,24.85,962.25,No,0,37-48
2361-FJWNO,Male,0,False,False,40,False,No,DSL,False,True,False,True,False,False,One year,False,Credit card (automatic),36.0,1382.9,No,0,37-48
2272-UOINI,Female,0,False,False,7,True,False,DSL,True,True,False,True,True,True,Month-to-month,True,Electronic check,78.5,571.05,No,0,0-12
8232-UTFOZ,Male,0,False,False,69,True,False,No,No,No,No,No,No,No,Two year,False,Credit card (automatic),19.95,1399.35,No,0,61-72
3750-YHRYO,Male,0,True,True,7,True,False,No,No,No,No,No,No,No,One year,False,Mailed check,20.65,150.0,No,0,0-12
6637-KYRCV,Female,0,True,True,5,False,No,DSL,False,True,False,False,False,False,Month-to-month,True,Electronic check,30.5,167.2,No,0,0-12
5668-MEISB,Female,0,True,True,72,True,True,Fiber optic,True,True,True,True,True,False,Two year,False,Credit card (automatic),106.1,7657.4,No,0,61-72
0129-QMPDR,Male,0,True,True,44,True,False,No,No,No,No,No,No,No,One year,True,Bank transfer (automatic),20.5,865.05,No,0,37-48
7188-CBBBA,Female,0,False,False,65,True,True,Fiber optic,False,True,True,False,True,False,One year,True,Electronic check,95.5,6153.85,No,0,61-72
5356-CSVSQ,Female,0,False,False,3,True,True,DSL,False,False,False,True,True,False,Month-to-month,False,Electronic check,64.6,174.2,No,0,0-12
3221-CJMSG,Male,0,False,False,24,True,False,DSL,False,False,False,True,False,False,Month-to-month,True,Credit card (automatic),51.1,1269.6,No,0,13-24
4720-VSTSI,Female,0,False,False,44,True,True,Fiber optic,False,True,True,False,False,False,Month-to-month,True,Bank transfer (automatic),84.8,3862.55,Yes,1,37-48
3219-JQRSL,Female,1,True,False,72,True,True,DSL,True,True,True,True,True,True,Two year,False,Credit card (automatic),89.1,6352.4,No,0,61-72
2801-NISEI,Male,0,False,False,24,True,False,DSL,True,False,False,True,False,False,Month-to-month,False,Electronic check,54.95,1348.5,No,0,13-24
3946-MHCZW,Male,0,False,False,1,True,False,DSL,False,False,True,False,False,False,Month-to-month,False,Mailed check,50.9,50.9,Yes,1,0-12
4623-ZKHLY,Male,0,True,False,22,True,False,No,No,No,No,No,No,No,Month-to-month,True,Bank transfer (automatic),20.45,471.55,No,0,13-24
6732-VAILE,Male,0,True,True,70,True,True,DSL,False,True,True,True,True,True,Two year,True,Credit card (automatic),85.95,5931.75,No,0,61-72
8201-AAXCB,Male,0,True,True,25,True,True,DSL,False,False,False,False,True,False,Month-to-month,False,Electronic check,60.35,1404.65,No,0,25-36
7696-CFTAT,Male,0,True,True,37,True,False,No,No,No,No,No,No,No,Two year,False,Bank transfer (automatic),19.8,726.1,No,0,37-48
1845-CSBRZ,Female,1,True,True,22,True,True,Fiber optic,False,False,False,False,True,False,Month-to-month,False,Bank transfer (automatic),85.35,1961.6,No,0,13-24
2123-VSCOT,Female,0,True,True,59,True,True,DSL,False,False,True,True,True,False,Two year,True,Bank transfer (automatic),72.1,4194.85,No,0,49-60
6651-AZVTJ,Male,0,True,True,49,True,True,Fiber optic,False,False,True,False,True,True,Month-to-month,True,Electronic check,99.8,4872.45,Yes,1,49-60
4566-GOLUK,Male,0,True,True,47,True,True,Fiber optic,False,False,True,True,True,True,Month-to-month,True,Bank transfer (automatic),107.35,5118.95,Yes,1,37-48
2484-DGXPZ,Female,0,True,True,31,True,False,No,No,No,No,No,No,No,Month-to-month,True,Mailed check,19.55,658.95,Yes,1,25-36
2018-QKYGT,Male,0,True,True,1,True,False,Fiber optic,False,False,False,False,False,True,Month-to-month,True,Electronic check,81.05,81.05,No,0,0-12
2792-VPPET,Male,0,False,False,3,True,False,No,No,No,No,No,No,No,Month-to-month,True,Electronic check,20.5,76.95,No,0,0-12
7409-JURKQ,Female,0,True,False,53,True,True,Fiber optic,False,True,True,True,True,True,One year,True,Bank transfer (automatic),111.8,5809.75,No,0,49-60
3247-MHJKM,Male,0,False,False,1,True,False,No,No,No,No,No,No,No,Month-to-month,False,Mailed check,20.2,20.2,No,0,0-12
1964-SVLEA,Male,0,False,False,20,True,False,No,No,No,No,No,No,No,One year,True,Mailed check,19.7,415.9,No,0,13-24
4587-NUKOX,Female,0,False,False,3,True,False,Fiber optic,True,True,False,False,False,False,Month-to-month,True,Electronic check,79.1,246.5,Yes,1,0-12
7297-DVYGA,Female,0,False,False,51,True,False,No,No,No,No,No,No,No,One year,True,Bank transfer (automatic),19.85,996.95,No,0,49-60
2239-CGBUZ,Female,0,True,False,51,True,False,DSL,True,True,False,True,False,False,One year,True,Bank transfer (automatic),60.5,3145.15,No,0,49-60
0854-UYHZD,Female,0,True,True,13,True,False,No,No,No,No,No,No,No,Two year,False,Mailed check,19.55,265.3,No,0,13-24
7243-LCGGZ,Female,0,False,False,1,True,False,No,No,No,No,No,No,No,Month-to-month,False,Mailed check,20.9,20.9,No,0,0-12
8267-KFGYD,Male,0,False,True,1,True,False,No,No,No,No,No,No,No,Month-to-month,True,Mailed check,21.05,21.05,No,0,0-12
4890-VMUAV,Male,0,False,False,63,True,True,DSL,True,True,True,True,False,False,One year,False,Electronic check,71.5,4576.3,No,0,61-72
9261-WDCAF,Male,0,False,False,3,True,False,DSL,False,False,False,False,False,True,Month-to-month,False,Mailed check,54.65,189.1,No,0,0-12
3764-MNMOI,Male,0,False,False,46,True,False,No,No,No,No,No,No,No,Two year,False,Credit card (automatic),19.2,908.15,No,0,37-48
7442-YGZFK,Male,0,False,False,1,True,True,DSL,False,False,False,False,False,False,Month-to-month,True,Credit card (automatic),49.8,49.8,No,0,0-12
0420-BWTPW,Male,0,False,True,8,False,No,DSL,False,False,False,False,False,False,Month-to-month,False,Mailed check,25.5,215.2,Yes,1,0-12
8229-BUJHX,Female,0,True,True,71,True,False,No,No,No,No,No,No,No,Two year,False,Bank transfer (automatic),20.5,1500.95,No,0,61-72
7449-HVPIV,Male,0,True,True,55,True,True,Fiber optic,False,False,True,False,True,False,Month-to-month,True,Credit card (automatic),90.4,5099.15,No,0,49-60
5504-WSIUR,Female,0,False,False,70,True,True,Fiber optic,False,True,True,True,False,False,One year,True,Bank transfer (automatic),90.25,6385.95,No,0,61-72
8183-ONMXC,Female,0,False,False,2,True,False,Fiber optic,False,False,False,False,False,True,Month-to-month,False,Electronic check,80.75,159.45,Yes,1,0-12
8466-PZBLH,Male,0,True,True,67,True,True,Fiber optic,True,False,False,True,True,True,Two year,False,Bank transfer (automatic),104.6,6885.75,No,0,61-72
9614-RMGHA,Male,0,True,False,65,True,True,Fiber optic,False,True,False,False,True,False,Month-to-month,True,Bank transfer (automatic),91.85,5940.85,Yes,1,61-72
8735-IJJEG,Male,0,True,False,14,True,False,DSL,False,False,True,False,False,False,Month-to-month,False,Credit card (automatic),50.2,668.85,No,0,13-24
0564-MUUQK,Female,0,True,True,20,True,True,Fiber optic,False,False,True,True,False,True,Month-to-month,True,Bank transfer (automatic),95.5,1916.2,No,0,13-24
5054-IEXZT,Male,0,False,True,1,True,False,Fiber optic,False,True,False,False,False,False,Month-to-month,True,Electronic check,75.35,75.35,Yes,1,0-12
5834-ASPWA,Male,0,False,False,1,True,True,Fiber optic,False,False,False,False,False,False,Month-to-month,True,Electronic check,75.45,75.45,Yes,1,0-12
0701-RFGFI,Female,0,True,True,49,True,True,Fiber optic,False,False,False,False,True,True,Month-to-month,True,Bank transfer (automatic),95.4,4613.95,No,0,49-60
0019-EFAEP,Female,0,False,False,72,True,True,Fiber optic,True,True,True,False,True,False,Two year,True,Bank transfer (automatic),101.3,7261.25,No,0,61-72
5619-PTMIK,Female,0,True,False,46,True,True,DSL,True,False,False,False,False,False,Month-to-month,False,Electronic check,53.1,2459.8,No,0,37-48
3737-XBQDD,Male,0,False,False,24,True,True,Fiber optic,False,True,True,False,False,False,Month-to-month,True,Bank transfer (automatic),84.85,2048.8,No,0,13-24
5882-CMAZQ,Female,0,True,True,5,False,No,DSL,False,True,False,True,False,False,Month-to-month,False,Electronic check,34.25,163.55,No,0,0-12
5846-QFDFI,Female,0,True,True,33,True,True,Fiber optic,False,True,True,True,False,False,Month-to-month,False,Credit card (automatic),88.6,2888.7,No,0,25-36
4445-KWOKW,Female,0,False,False,42,True,True,DSL,True,True,False,False,False,False,One year,True,Bank transfer (automatic),60.15,2421.6,No,0,37-48
3511-APPBJ,Male,0,False,False,23,True,False,Fiber optic,True,False,True,False,True,True,One year,True,Credit card (automatic),99.95,2292.75,No,0,13-24
7967-HYCDE,Male,0,False,False,8,True,False,Fiber optic,False,False,False,False,False,False,Month-to-month,False,Bank transfer (automatic),70.7,553.4,No,0,0-12
2430-RRYUW,Male,0,False,False,66,True,False,DSL,True,True,False,False,False,False,One year,True,Mailed check,54.8,3465.7,No,0,61-72
3948-XHGNA,Male,0,False,False,24,True,False,DSL,True,False,False,False,False,False,Month-to-month,True,Bank transfer (automatic),49.55,1210.4,Yes,1,13-24
3723-BFBGR,Male,1,False,False,24,True,True,DSL,False,True,False,False,False,False,Month-to-month,False,Credit card (automatic),54.8,1291.3,No,0,13-24
0565-IYCGT,Male,0,False,False,69,True,True,DSL,True,True,True,True,False,True,One year,True,Credit card (automatic),78.6,5356.45,Yes,1,61-72
5447-WZAFP,Female,0,False,False,53,True,False,Fiber optic,False,True,True,False,True,True,One year,True,Mailed check,100.3,5200.8,No,0,49-60
5110-CHOPY,Female,0,False,False,60,False,No,DSL,True,False,True,False,True,True,Two year,False,Electronic check,53.6,3237.05,No,0,49-60
5445-UTODQ,Female,0,True,False,7,True,False,Fiber optic,False,False,False,False,True,False,Month-to-month,True,Electronic check,81.1,576.65,Yes,1,0-12
4425-OWHWB,Female,0,False,False,20,True,False,No,No,No,No,No,No,No,One year,True,Credit card (automatic),19.35,433.75,No,0,13-24
7892-QVYKW,Female,0,True,True,23,True,True,Fiber optic,False,False,False,False,False,True,Month-to-month,False,Electronic check,85.6,1868.4,No,0,13-24
9675-ICXCT,Male,0,True,True,72,True,False,DSL,True,False,True,True,True,True,Two year,True,Electronic check,80.8,5728.55,No,0,61-72
1024-VRZHF,Male,0,True,False,11,True,True,Fiber optic,False,False,False,False,False,False,Month-to-month,True,Electronic check,74.95,825.7,Yes,1,0-12
4703-MQYKT,Male,0,False,False,21,True,False,No,No,No,No,No,No,No,Two year,False,Mailed check,19.6,390.4,No,0,13-24
9497-QCMMS,Male,1,False,False,1,True,True,Fiber optic,False,False,False,False,True,True,Month-to-month,True,Electronic check,93.55,93.55,Yes,1,0-12
5692-ICXLW,Male,1,False,False,31,True,True,Fiber optic,False,True,False,False,True,False,Month-to-month,True,Electronic check,90.7,2845.15,No,0,25-36
0602-DDUML,Female,0,False,False,57,True,False,DSL,False,True,True,True,True,False,Two year,False,Mailed check,69.75,3894.4,No,0,49-60
2208-MPXIO,Female,0,True,True,45,True,False,No,No,No,No,No,No,No,Two year,True,Bank transfer (automatic),20.0,886.4,No,0,37-48
1960-UYCNN,Male,0,False,False,10,True,True,Fiber optic,False,True,True,False,False,True,Month-to-month,True,Electronic check,95.25,1021.55,No,0,0-12
0348-SDKOL,Female,0,True,False,58,True,True,Fiber optic,False,False,True,True,True,True,Month-to-month,True,Credit card (automatic),102.1,5885.4,Yes,1,49-60
3190-FZATL,Male,0,False,True,14,True,False,No,No,No,No,No,No,No,Month-to-month,False,Mailed check,19.95,268.4,No,0,13-24
7336-RLLRH,Male,0,True,False,27,True,True,DSL,True,False,False,True,True,True,One year,False,Mailed check,80.85,2204.35,No,0,25-36
4373-MAVJG,Female,0,True,True,14,True,True,Fiber optic,False,True,False,False,False,True,Month-to-month,True,Bank transfer (automatic),90.9,1259.0,Yes,1,13-24
8901-HJXTF,Female,0,True,True,12,False,No,DSL,False,True,False,False,False,False,Month-to-month,False,Mailed check,29.2,309.1,Yes,1,0-12
7710-JSYOA,Female,0,True,True,69,True,True,Fiber optic,False,True,False,True,False,True,Two year,True,Bank transfer (automatic),93.3,6398.05,No,0,61-72
5419-KLXBN,Female,0,True,True,25,True,False,Fiber optic,False,True,True,False,True,False,Month-to-month,True,Bank transfer (automatic),89.15,2257.75,Yes,1,25-36
3424-NMNBO,Male,1,True,False,58,True,True,Fiber optic,True,True,True,False,True,True,One year,True,Electronic check,108.85,6287.25,Yes,1,49-60
9885-MFVSU,Female,0,True,True,35,False,No,DSL,True,False,False,True,True,False,Two year,True,Credit card (automatic),46.35,1662.05,No,0,25-36
4514-GFCFI,Female,1,False,False,16,True,True,Fiber optic,False,False,False,False,True,False,Month-to-month,True,Electronic check,84.75,1350.15,Yes,1,13-24
0607-MVMGC,Male,0,True,True,45,True,True,DSL,False,True,True,False,True,True,One year,False,Credit card (automatic),78.75,3600.65,No,0,37-48
3365-SAIGS,Female,0,False,False,17,True,False,Fiber optic,False,True,False,False,True,False,Month-to-month,True,Electronic check,83.55,1329.15,No,0,13-24
9828-AOQLM,Female,0,True,True,1,True,False,DSL,False,False,False,False,False,False,Month-to-month,True,Electronic check,45.7,45.7,Yes,1,0-12
8022-BECSI,Male,0,False,False,22,True,False,No,No,No,No,No,No,No,One year,False,Mailed check,19.6,422.5,No,0,13-24
8000-REIQB,Female,1,False,False,1,True,False,Fiber optic,False,False,False,False,False,False,Month-to-month,True,Electronic check,69.95,69.95,Yes,1,0-12
9993-LHIEB,Male,0,True,True,67,True,False,DSL,True,False,True,True,False,True,Two year,False,Mailed check,67.85,4627.65,No,0,61-72
0266-CLZKZ,Female,0,True,True,67,True,True,Fiber optic,False,False,True,True,True,True,Two year,True,Bank transfer (automatic),105.65,6717.9,No,0,61-72
7615-ESMYF,Female,0,True,False,2,False,No,DSL,False,False,False,False,True,True,Month-to-month,False,Electronic check,44.6,97.1,Yes,1,0-12
3858-VOBET,Male,0,False,False,23,True,True,Fiber optic,False,False,False,False,False,False,Month-to-month,True,Electronic check,74.95,1710.45,Yes,1,13-24
7020-OZKXZ,Female,1,False,False,9,True,False,Fiber optic,False,False,True,False,False,False,Month-to-month,False,Credit card (automatic),75.5,637.4,No,0,0-12
3977-QCRSL,Female,0,False,False,5,True,False,No,No,No,No,No,No,No,Month-to-month,False,Mailed check,20.15,117.95,No,0,0-12
0017-DINOC,Male,0,False,False,54,False,No,DSL,True,False,False,True,True,False,Two year,False,Credit card (automatic),45.2,2460.55,No,0,49-60
1447-PJGGA,Female,0,False,False,57,True,False,Fiber optic,False,False,True,False,True,True,Two year,True,Electronic check,95.25,5464.65,Yes,1,49-60
8565-CLBZW,Male,0,False,False,24,True,True,Fiber optic,False,False,True,False,True,False,Month-to-month,True,Mailed check,89.85,2165.05,Yes,1,13-24
9139-WQQDY,Female,0,True,True,49,True,True,Fiber optic,False,True,False,False,True,True,One year,False,Mailed check,100.45,4941.8,Yes,1,49-60
0224-HJAPT,Male,0,False,False,5,True,True,DSL,False,False,False,False,False,False,Month-to-month,False,Electronic check,47.15,223.15,Yes,1,0-12
8086-OVPWV,Male,0,False,False,2,True,False,Fiber optic,False,False,False,False,False,True,Month-to-month,True,Electronic check,80.2,181.1,Yes,1,0-12
9430-FRQOC,Female,0,False,True,4,True,True,Fiber optic,False,False,True,True,False,False,Month-to-month,True,Mailed check,87.1,341.45,Yes,1,0-12
7639-OPLNG,Male,0,True,True,70,True,True,DSL,True,True,True,True,True,False,Two year,True,Bank transfer (automatic),79.25,5731.85,No,0,61-72
3074-GQWYX,Male,0,False,False,5,True,True,Fiber optic,False,False,False,False,False,False,Month-to-month,True,Bank transfer (automatic),75.9,357.75,Yes,1,0-12
1492-QGCLU,Male,0,True,True,53,True,True,DSL,True,False,True,True,True,True,Month-to-month,False,Electronic check,85.7,4616.1,No,0,49-60
6845-RGTYS,Female,0,True,False,47,True,True,Fiber optic,True,True,True,False,True,False,Month-to-month,True,Electronic check,98.75,4533.7,Yes,1,37-48
7328-OWMOM,Female,0,False,True,31,True,False,No,No,No,No,No,No,No,One year,False,Credit card (automatic),20.1,589.25,No,0,25-36
4418-LZMSV,Male,0,True,True,13,True,False,DSL,False,True,True,True,False,False,Month-to-month,False,Bank transfer (automatic),61.8,750.1,No,0,13-24
5155-AZQPB,Female,0,True,True,28,True,True,DSL,False,False,False,False,False,False,Month-to-month,False,Mailed check,49.9,1410.25,No,0,25-36
8861-HGGKB,Female,0,False,False,10,True,True,Fiber optic,False,False,False,False,False,True,Month-to-month,False,Electronic check,86.45,830.85,Yes,1,0-12
1087-GRUYI,Male,0,True,False,38,True,False,No,No,No,No,No,No,No,Two year,False,Bank transfer (automatic),20.4,743.5,No,0,37-48
7065-YUNRY,Female,0,False,False,1,True,False,DSL,False,False,False,False,False,False,Month-to-month,True,Mailed check,45.3,45.3,Yes,1,0-12
7694-VLBWQ,Male,0,True,False,67,True,True,Fiber optic,False,True,True,False,True,True,One year,False,Electronic check,104.1,7040.85,Yes,1,61-72
2546-KZAAT,Male,0,True,False,52,True,False,DSL,True,True,False,False,True,True,One year,True,Mailed check,75.4,3865.45,No,0,49-60
0181-RITDD,Male,0,True,True,62,True,False,Fiber optic,True,True,True,True,True,True,Two year,False,Mailed check,108.15,6825.65,No,0,61-72
5989-PGKJB,Female,0,False,False,16,True,False,Fiber optic,False,True,False,False,False,True,Month-to-month,True,Electronic check,86.25,1340.1,No,0,13-24
4795-KTRTH,Female,1,True,False,5,True,True,Fiber optic,False,True,False,False,False,False,Month-to-month,True,Electronic check,81.0,371.65,Yes,1,0-12
8272-ONJLV,Male,0,False,False,12,True,False,Fiber optic,False,False,True,False,True,True,One year,False,Electronic check,95.7,1184.0,No,0,0-12
1488-PBLJN,Female,0,True,True,72,True,True,Fiber optic,True,True,True,True,True,True,Two year,True,Bank transfer (automatic),116.85,8477.7,No,0,61-72
0308-GIQJT,Male,1,False,False,71,True,True,Fiber optic,False,True,False,True,True,True,One year,False,Bank transfer (automatic),105.75,7382.85,No,0,61-72
3778-FOAQW,Female,0,True,False,24,True,False,No,No,No,No,No,No,No,One year,False,Mailed check,20.15,456.85,No,0,13-24
4452-ROHMO,Female,0,False,False,15,True,False,No,No,No,No,No,No,No,Two year,False,Mailed check,19.6,331.6,No,0,13-24
6481-OGDOO,Male,0,True,False,67,True,False,Fiber optic,True,True,False,False,False,True,One year,True,Credit card (automatic),90.6,6056.15,Yes,1,61-72
3090-LETTY,Male,0,False,True,2,True,True,DSL,True,True,False,False,False,False,Month-to-month,False,Bank transfer (automatic),60.95,134.6,No,0,0-12
5349-AZPEW,Female,0,True,True,5,False,No,DSL,False,False,False,False,False,False,Month-to-month,False,Mailed check,25.05,125.5,No,0,0-12
3753-TSEMP,Female,0,True,False,15,True,False,Fiber optic,False,False,False,False,True,True,Month-to-month,False,Electronic check,88.15,1390.6,Yes,1,13-24
8305-VHZBZ,Male,0,False,False,1,True,False,No,No,No,No,No,No,No,Month-to-month,True,Mailed check,20.2,20.2,Yes,1,0-12
9720-JJJOR,Male,0,True,True,41,True,False,DSL,True,True,True,False,False,False,One year,True,Bank transfer (automatic),60.3,2511.3,No,0,37-48
8100-HZZLJ,Female,0,False,True,43,True,False,DSL,True,True,False,False,False,True,Month-to-month,True,Electronic check,63.95,2737.05,No,0,37-48
8775-ERLNB,Male,1,True,False,1,True,True,Fiber optic,False,False,False,False,False,False,Month-to-month,False,Electronic check,74.3,74.3,No,0,0-12
8309-IEYJD,Female,1,False,False,1,True,False,Fiber optic,False,False,False,False,False,False,Month-to-month,True,Mailed check,70.6,70.6,No,0,0-12
9172-JITSM,Female,0,True,True,26,True,False,Fiber optic,False,False,False,False,True,True,Month-to-month,True,Electronic check,90.8,2361.8,Yes,1,25-36
6298-QDFNH,Male,0,False,False,22,True,True,Fiber optic,False,True,False,False,False,False,Month-to-month,True,Electronic check,79.35,1730.35,Yes,1,13-24
7398-HPYZQ,Male,0,True,False,71,True,True,DSL,True,True,True,True,True,True,Two year,False,Bank transfer (automatic),90.55,6404.0,No,0,61-72
3546-GHEAE,Male,0,False,False,7,True,False,No,No,No,No,No,No,No,Two year,False,Mailed check,19.45,165.35,No,0,0-12
7361-YPXFS,Female,1,False,False,28,True,True,DSL,False,True,True,True,False,False,Month-to-month,False,Bank transfer (automatic),64.45,1867.6,No,0,25-36
6557-BZXLQ,Male,1,False,False,16,True,False,Fiber optic,False,False,False,False,False,False,Month-to-month,False,Electronic check,69.65,1043.3,No,0,13-24
2550-QHZGP,Male,0,False,False,7,True,False,No,No,No,No,No,No,No,One year,False,Mailed check,19.5,128.6,No,0,0-12
7519-JTWQH,Female,0,False,False,69,True,True,Fiber optic,False,True,True,True,True,True,Two year,True,Bank transfer (automatic),110.5,7455.45,No,0,61-72
2538-OIMXF,Female,0,False,True,1,False,No,DSL,False,False,False,False,False,False,Month-to-month,False,Mailed check,24.7,24.7,No,0,0-12
8543-MSDMF,Male,0,False,False,3,True,False,DSL,True,False,True,False,True,True,Month-to-month,True,Electronic check,77.4,206.15,No,0,0-12
9961-JBNMK,Male,1,False,False,21,True,False,Fiber optic,False,False,True,False,True,True,Month-to-month,True,Bank transfer (automatic),96.8,2030.3,Yes,1,13-24
1170-SASML,Female,0,True,False,69,True,True,Fiber optic,False,True,True,False,False,False,Month-to-month,True,Bank transfer (automatic),85.4,5869.4,No,0,61-72
4872-JCVCA,Female,0,True,False,71,False,No,DSL,True,True,True,True,False,False,Two year,True,Bank transfer (automatic),47.6,3377.8,No,0,61-72
5346-BZCHP,Female,0,True,True,69,True,False,No,No,No,No,No,No,No,Two year,False,Mailed check,19.4,1346.2,No,0,61-72
2038-LLMLM,Female,0,False,False,48,True,True,Fiber optic,False,False,True,True,True,True,Month-to-month,True,Electronic check,103.85,4946.05,No,0,37-48
6173-ITPWD,Male,0,True,False,47,True,True,Fiber optic,False,True,True,False,False,False,Month-to-month,True,Bank transfer (automatic),83.35,4065.0,Yes,1,37-48
9734-UYXQI,Female,0,False,False,2,True,True,DSL,False,False,False,False,False,False,Month-to-month,True,Electronic check,49.4,106.55,Yes,1,0-12
1216-BGTSP,Male,0,False,False,45,True,True,Fiber optic,True,False,True,True,True,True,Month-to-month,True,Credit card (automatic),108.45,4964.7,No,0,37-48
4138-NAXED,Male,0,False,False,51,True,True,Fiber optic,False,True,False,False,False,False,Month-to-month,False,Bank transfer (automatic),81.0,4085.75,No,0,49-60
2189-UXTKY,Female,0,True,False,22,True,True,DSL,True,False,False,True,True,True,Month-to-month,True,Electronic check,79.2,1742.75,Yes,1,13-24
0744-BIKKF,Male,0,False,False,72,True,True,DSL,True,True,True,True,True,True,Two year,False,Bank transfer (automatic),86.65,6224.8,No,0,61-72
7483-IQWIB,Male,0,True,True,37,True,True,Fiber optic,False,True,True,False,True,False,Month-to-month,True,Electronic check,92.95,3415.25,No,0,37-48
5248-KWLAR,Male,0,True,True,71,True,True,DSL,True,True,True,True,True,True,Two year,False,Electronic check,90.35,6325.25,No,0,61-72
4958-GZWIY,Male,0,True,True,7,True,False,DSL,False,False,True,False,False,False,Month-to-month,False,Electronic check,48.7,340.25,Yes,1,0-12
7996-MHXLW,Female,0,False,False,66,True,True,No,No,No,No,No,No,No,Two year,True,Credit card (automatic),25.15,1683.6,No,0,61-72
7833-PKIHD,Male,0,True,True,51,True,False,DSL,True,False,False,True,True,True,One year,True,Bank transfer (automatic),76.4,3966.3,No,0,49-60
7061-OVMIM,Female,0,True,True,30,True,False,No,No,No,No,No,No,No,One year,False,Bank transfer (automatic),19.55,608.5,No,0,25-36
5153-RTHKF,Female,0,False,False,34,True,True,Fiber optic,False,False,False,False,True,False,Month-to-month,False,Electronic check,85.35,2896.6,No,0,25-36
1852-QSWCD,Male,0,True,True,64,True,True,No,No,No,No,No,No,No,Two year,True,Mailed check,24.8,1514.85,No,0,61-72
4832-VRBMR,Male,1,True,False,65,True,True,Fiber optic,False,True,True,False,True,True,One year,True,Bank transfer (automatic),103.15,6792.45,No,0,61-72
9079-LWTFD,Male,0,False,False,47,True,True,Fiber optic,True,True,False,True,True,False,Month-to-month,False,Mailed check,100.75,4669.2,No,0,37-48
6356-ELRKD,Female,0,False,False,1,True,False,Fiber optic,True,False,False,False,True,True,Month-to-month,True,Electronic check,95.6,95.6,Yes,1,0-12
8624-GIOUT,Female,0,False,False,49,True,True,DSL,True,True,False,False,False,False,Month-to-month,True,Credit card (automatic),59.75,2934.3,Yes,1,49-60
3392-EHMNK,Female,0,True,True,67,True,True,Fiber optic,False,True,False,True,True,False,Two year,False,Credit card (automatic),94.1,6302.8,No,0,61-72
5986-WWXDV,Male,0,False,True,39,True,False,No,No,No,No,No,No,No,One year,False,Bank transfer (automatic),19.35,779.2,No,0,37-48
3061-BCKYI,Male,0,False,False,14,True,False,No,No,No,No,No,No,No,Month-to-month,False,Mailed check,19.9,283.75,No,0,13-24
6179-GJPSO,Female,1,False,False,43,True,False,Fiber optic,True,True,False,True,True,True,Month-to-month,True,Credit card (automatic),108.15,4600.7,Yes,1,37-48
7901-TBKJX,Male,1,False,False,56,True,True,Fiber optic,False,False,True,False,True,True,Month-to-month,True,Electronic check,101.05,5594.0,No,0,49-60
7228-PAQPD,Female,0,False,False,14,True,False,DSL,False,False,False,True,False,True,One year,False,Credit card (automatic),59.1,772.85,No,0,13-24
3177-LASXD,Female,0,False,False,1,True,False,Fiber optic,False,False,False,False,False,False,Month-to-month,False,Electronic check,71.35,71.35,Yes,1,0-12
7746-QYVCO,Male,0,True,True,16,True,False,DSL,True,True,False,False,False,False,One year,True,Mailed check,55.85,857.8,No,0,13-24
5804-HYIEZ,Male,0,True,True,70,True,True,Fiber optic,True,True,False,False,True,True,Month-to-month,True,Electronic check,106.05,7554.05,No,0,61-72
9919-FZDED,Male,1,True,False,72,True,True,DSL,True,True,True,False,True,True,Two year,True,Credit card (automatic),84.1,5981.65,No,0,61-72
5934-TSSAU,Female,0,True,True,23,True,False,Fiber optic,False,False,True,False,False,False,Month-to-month,True,Credit card (automatic),75.3,1702.9,No,0,13-24
3486-KHMLI,Male,0,False,True,21,True,True,No,No,No,No,No,No,No,Month-to-month,False,Mailed check,24.7,467.15,No,0,13-24
4897-QSUYC,Female,0,False,False,1,True,False,No,No,No,No,No,No,No,Month-to-month,True,Mailed check,20.15,20.15,Yes,1,0-12
1084-UQCHV,Male,0,False,True,1,True,False,Fiber optic,False,False,False,False,False,False,Month-to-month,False,Bank transfer (automatic),69.75,69.75,Yes,1,0-12
8290-YWKHZ,Female,1,True,False,32,True,True,Fiber optic,False,False,False,False,True,True,Month-to-month,True,Electronic check,93.2,2931.0,Yes,1,25-36
2955-BJZHG,Male,0,True,True,17,True,False,Fiber optic,False,False,False,False,True,False,Month-to-month,False,Electronic check,80.85,1400.85,Yes,1,13-24
3806-DXQOM,Female,0,False,False,4,False,No,DSL,True,True,False,False,False,False,Month-to-month,True,Electronic check,33.65,137.85,Yes,1,0-12
6784-XYJAE,Female,0,False,False,36,True,True,DSL,False,False,True,False,False,False,One year,False,Electronic check,55.8,1941.5,No,0,25-36
3933-DQPWX,Female,0,False,False,50,False,No,DSL,False,True,True,True,False,False,Two year,False,Credit card (automatic),39.7,1932.75,No,0,49-60
6661-EIPZC,Female,0,True,True,48,False,No,DSL,False,False,False,True,False,False,Month-to-month,True,Credit card (automatic),29.5,1423.05,No,0,37-48
8957-THMOA,Female,0,False,True,50,True,False,No,No,No,No,No,No,No,Two year,False,Credit card (automatic),20.15,970.85,No,0,49-60
2251-PYLPB,Male,0,True,False,72,True,True,DSL,True,True,True,True,False,True,Two year,False,Credit card (automatic),79.55,5810.9,No,0,61-72
5555-RNPGT,Male,0,False,True,10,True,True,No,No,No,No,No,No,No,Month-to-month,False,Credit card (automatic),24.8,223.9,No,0,0-12
1057-FOGLZ,Female,0,False,False,18,True,False,No,No,No,No,No,No,No,Month-to-month,False,Mailed check,19.65,391.7,No,0,13-24
9300-RENDD,Male,0,False,False,1,True,False,Fiber optic,False,False,False,False,True,False,Month-to-month,True,Electronic check,79.95,79.95,Yes,1,0-12
0761-AETCS,Female,0,False,False,1,True,False,No,No,No,No,No,No,No,Month-to-month,False,Electronic check,19.3,19.3,Yes,1,0-12
8087-LGYHQ,Male,0,False,False,9,True,False,Fiber optic,False,False,True,False,True,True,Month-to-month,True,Electronic check,94.05,811.65,No,0,0-12
4137-BTIKL,Male,0,False,False,2,True,True,Fiber optic,True,False,False,False,False,True,Month-to-month,False,Mailed check,90.75,174.75,No,0,0-12
2190-BCXEC,Female,0,True,False,40,True,True,Fiber optic,False,False,False,True,False,False,Month-to-month,True,Credit card (automatic),78.85,3126.85,No,0,37-48
6227-FBDXH,Male,0,True,False,69,True,True,Fiber optic,False,False,True,False,True,True,One year,False,Bank transfer (automatic),99.5,6841.45,No,0,61-72
2153-MREFK,Female,0,True,False,37,True,True,Fiber optic,True,False,True,True,False,True,One year,True,Electronic check,99.2,3754.6,Yes,1,37-48
2911-WDXMV,Male,0,False,True,18,True,True,Fiber optic,False,False,True,False,False,False,Month-to-month,True,Credit card (automatic),80.55,1406.65,No,0,13-24
7206-PQBBZ,Male,1,True,False,11,True,False,Fiber optic,False,False,False,False,False,False,Month-to-month,True,Electronic check,70.2,834.7,No,0,0-12
3106-ULWFW,Female,0,True,False,8,True,True,Fiber optic,False,False,False,False,False,True,Month-to-month,True,Credit card (automatic),85.2,627.4,Yes,1,0-12
0925-VYDLG,Female,0,False,False,3,True,True,Fiber optic,False,False,False,False,False,False,Month-to-month,False,Electronic check,75.25,242.0,Yes,1,0-12
4547-FZJWE,Male,0,True,True,55,True,False,DSL,True,False,False,False,False,True,One year,False,Credit card (automatic),59.45,3157.0,No,0,49-60
7422-WNBTY,Male,0,True,False,33,True,True,Fiber optic,False,True,True,False,False,True,Month-to-month,True,Electronic check,93.35,3092.0,No,0,25-36
0842-IWYCP,Female,0,False,False,46,True,False,DSL,False,False,False,False,False,False,Month-to-month,False,Bank transfer (automatic),44.95,2168.9,No,0,37-48
3521-HTQTV,Male,0,False,False,34,True,True,No,No,No,No,No,No,No,Two year,False,Bank transfer (automatic),26.1,980.35,No,0,25-36
3744-ZBHON,Female,0,False,False,3,True,False,No,No,No,No,No,No,No,Month-to-month,False,Electronic check,20.2,65.95,No,0,0-12
3373-DIUUN,Male,0,True,True,30,True,False,No,No,No,No,No,No,No,Two year,False,Mailed check,21.25,711.9,No,0,25-36
8383-SGHJU,Female,0,False,False,33,True,True,DSL,True,False,False,True,False,False,One year,False,Electronic check,59.4,1952.8,No,0,25-36
7607-QKKTJ,Male,0,True,True,45,True,True,Fiber optic,False,True,True,False,False,True,One year,True,Credit card (automatic),95.0,4368.85,No,0,37-48
7707-PYBBH,Male,0,False,False,40,True,False,DSL,True,True,False,True,False,False,Month-to-month,True,Mailed check,61.9,2647.1,No,0,37-48
8984-HPEMB,Female,0,False,False,71,True,True,Fiber optic,True,True,True,True,True,True,Two year,True,Electronic check,118.65,8477.6,No,0,61-72
4349-GFQHK,Male,0,False,False,1,True,True,DSL,False,False,True,False,False,False,Month-to-month,False,Electronic check,54.35,54.35,Yes,1,0-12
4139-DETXS,Female,0,True,True,72,False,No,DSL,True,True,True,True,True,True,Two year,False,Bank transfer (automatic),64.45,4528.0,No,0,61-72
9779-DPNEJ,Female,0,True,True,22,True,False,Fiber optic,False,False,False,False,False,True,Month-to-month,True,Electronic check,80.15,1790.65,No,0,13-24
9805-FILKB,Male,0,True,True,46,True,False,No,No,No,No,No,No,No,One year,True,Bank transfer (automatic),20.2,845.6,No,0,37-48
5793-YOLJN,Female,0,True,True,55,True,False,No,No,No,No,No,No,No,Two year,False,Mailed check,21.0,1210.3,No,0,49-60
0673-IGUQO,Male,0,False,False,1,True,False,No,No,No,No,No,No,No,Month-to-month,False,Mailed check,20.45,20.45,No,0,0-12
4123-FCVCB,Female,0,False,False,12,True,True,DSL,False,False,False,True,True,True,One year,True,Mailed check,75.85,854.45,No,0,0-12
8819-IMISP,Male,0,False,False,31,True,True,Fiber optic,False,True,False,False,False,False,Month-to-month,True,Electronic check,80.45,2429.1,No,0,25-36
7802-EFKNY,Male,0,True,False,5,False,No,DSL,False,False,False,False,False,False,Month-to-month,True,Electronic check,24.95,100.4,Yes,1,0-12
8311-UEUAB,Female,0,True,True,67,True,True,DSL,True,False,False,False,True,True,Two year,True,Electronic check,75.5,5229.45,No,0,61-72
5858-EAFCZ,Male,0,False,False,1,True,False,DSL,False,False,False,False,False,False,Month-to-month,False,Mailed check,44.45,44.45,No,0,0-12
8035-BUYVG,Male,0,True,False,40,False,No,DSL,True,True,True,False,False,False,One year,True,Electronic check,42.35,1716.45,Yes,1,37-48
1163-ONYEY,Male,0,True,True,41,True,True,DSL,True,True,True,False,True,False,Month-to-month,True,Credit card (automatic),74.55,3023.55,No,0,37-48
9787-XVQIU,Male,0,False,False,1,True,True,Fiber optic,False,False,False,False,False,False,Month-to-month,True,Electronic check,75.3,75.3,Yes,1,0-12
8945-MUQUF,Male,0,False,False,51,True,True,Fiber optic,True,True,False,False,True,False,One year,True,Electronic check,94.8,4837.6,Yes,1,49-60
5656-MJEFC,Male,0,True,True,42,False,No,DSL,True,False,True,True,True,False,Two year,False,Credit card (automatic),48.15,2032.3,No,0,37-48
6082-OQFBA,Male,0,True,True,23,True,False,No,No,No,No,No,No,No,One year,False,Mailed check,19.65,436.9,No,0,13-24
8051-HJRLT,Female,1,False,False,1,True,False,Fiber optic,False,False,False,False,False,False,Month-to-month,True,Electronic check,70.55,70.55,Yes,1,0-12
8974-OVACP,Female,0,False,False,1,True,False,No,No,No,No,No,No,No,Month-to-month,False,Mailed check,20.15,20.15,No,0,0-12
4010-YLMVT,Female,0,False,False,56,True,True,Fiber optic,True,True,False,False,True,True,Month-to-month,True,Credit card (automatic),106.6,5893.95,No,0,49-60
1379-FRVEB,Male,0,False,True,15,True,True,Fiber optic,False,True,False,False,True,False,Month-to-month,True,Electronic check,91.0,1430.05,No,0,13-24
8612-GXIDD,Male,0,True,True,12,True,True,No,No,No,No,No,No,No,Two year,True,Bank transfer (automatic),25.4,313.0,No,0,0-12
6288-CHQJB,Female,0,True,True,54,True,False,DSL,True,False,True,True,False,True,Two year,False,Bank transfer (automatic),69.95,3871.85,No,0,49-60
8160-HOWOX,Female,0,False,False,7,True,False,DSL,False,False,False,False,True,True,Month-to-month,True,Electronic check,66.85,458.1,No,0,0-12
3023-GFLBR,Female,0,True,True,33,True,True,Fiber optic,False,False,False,False,False,True,Month-to-month,False,Credit card (automatic),86.15,2745.7,Yes,1,25-36
6648-INWPS,Male,0,True,True,16,True,False,No,No,No,No,No,No,No,Month-to-month,False,Electronic check,20.15,341.35,No,0,13-24
4223-BKEOR,Female,0,False,True,21,True,False,DSL,True,False,True,False,False,True,One year,False,Mailed check,64.85,1336.8,No,0,13-24
4079-VTGLK,Male,1,True,False,30,True,True,DSL,False,False,True,False,True,True,Two year,False,Electronic check,74.85,2181.75,No,0,25-36
1763-WQFUK,Male,0,False,False,3,True,False,DSL,False,False,False,True,False,False,Month-to-month,True,Mailed check,50.5,147.75,No,0,0-12
1391-UBDAR,Male,0,False,False,11,True,False,Fiber optic,False,False,True,False,False,False,Month-to-month,False,Electronic check,72.9,818.45,No,0,0-12
8894-JVDCV,Female,0,False,False,62,True,True,Fiber optic,True,True,True,True,True,True,One year,True,Credit card (automatic),115.05,7133.45,No,0,61-72
2023-VQFDL,Male,0,False,False,18,True,False,No,No,No,No,No,No,No,Month-to-month,False,Electronic check,19.0,348.8,No,0,13-24
1345-GKDZZ,Male,0,False,True,6,True,False,No,No,No,No,No,No,No,Month-to-month,False,Mailed check,19.55,128.6,No,0,0-12
2014-MKGMH,Female,0,False,False,46,True,True,Fiber optic,False,False,True,False,True,True,One year,True,Electronic check,101.1,4674.4,No,0,37-48
5628-FCGYG,Male,0,False,False,21,True,True,Fiber optic,False,False,False,False,False,True,Month-to-month,True,Electronic check,84.1,1737.45,No,0,13-24
2560-WBWXF,Male,0,False,False,68,True,True,No,No,No,No,No,No,No,Two year,True,Bank transfer (automatic),24.15,1498.85,No,0,61-72
0248-IPDFW,Female,0,False,False,1,True,True,DSL,False,False,False,False,False,False,Month-to-month,True,Electronic check,50.1,50.1,No,0,0-12
7978-DKUQH,Female,0,True,False,25,True,False,Fiber optic,False,False,True,False,False,False,Month-to-month,True,Electronic check,74.6,1797.75,No,0,25-36
4335-UPJSI,Female,0,False,True,24,True,False,No,No,No,No,No,No,No,Two year,False,Mailed check,19.75,498.1,No,0,13-24
0524-IAVZO,Female,0,True,False,30,True,True,Fiber optic,False,False,False,False,False,True,Month-to-month,True,Electronic check,85.0,2624.25,Yes,1,25-36
2737-YNGYW,Female,0,False,False,2,True,False,Fiber optic,False,False,False,False,False,True,Month-to-month,False,Electronic check,80.55,184.1,Yes,1,0-12
1784-EZDKJ,Male,0,True,False,51,True,True,Fiber optic,False,True,True,False,True,True,One year,True,Bank transfer (automatic),106.8,5498.8,No,0,49-60
9297-FVVDH,Female,0,True,True,57,True,True,DSL,True,False,True,True,True,True,Two year,True,Electronic check,84.5,4845.4,No,0,49-60
8007-YYPWD,Female,0,False,False,15,True,True,No,No,No,No,No,No,No,Two year,False,Bank transfer (automatic),25.05,369.1,No,0,13-24
7101-HRBLJ,Female,0,True,True,72,True,False,DSL,True,True,True,True,True,True,Two year,True,Bank transfer (automatic),83.7,6096.9,No,0,61-72
5159-YFPKQ,Female,0,False,False,2,True,False,Fiber optic,False,False,True,False,False,False,Month-to-month,True,Electronic check,75.8,160.75,Yes,1,0-12
6635-CPNUN,Male,0,True,False,28,True,True,Fiber optic,False,True,True,False,True,False,Month-to-month,False,Credit card (automatic),96.6,2684.35,No,0,25-36
4021-RQSNY,Male,1,True,False,29,True,True,Fiber optic,False,False,True,False,True,True,Month-to-month,True,Electronic check,98.5,3004.15,Yes,1,25-36
5453-YBTWV,Male,0,True,True,70,True,False,Fiber optic,True,True,True,True,True,False,Two year,True,Credit card (automatic),101.1,6994.8,No,0,61-72
5039-LZRQT,Female,0,False,False,13,True,False,No,No,No,No,No,No,No,One year,False,Mailed check,20.2,273.25,No,0,13-24
2931-VUVJN,Female,1,True,False,59,True,True,Fiber optic,True,True,True,True,False,False,One year,True,Electronic check,94.05,5483.9,No,0,49-60
9061-TIHDA,Male,1,True,False,13,True,True,Fiber optic,False,False,False,False,True,True,Month-to-month,True,Electronic check,95.25,1233.65,Yes,1,13-24
8699-ASUFO,Male,1,True,False,7,True,True,Fiber optic,False,False,False,False,False,False,Month-to-month,True,Mailed check,74.4,527.9,Yes,1,0-12
6418-PIQSP,Female,0,True,False,62,True,False,DSL,True,False,True,True,True,True,Two year,False,Mailed check,81.0,4985.9,No,0,61-72
8220-OCUFY,Female,0,False,False,21,True,False,DSL,True,False,True,True,False,False,One year,True,Electronic check,60.25,1258.35,No,0,13-24
3995-WFCSM,Female,0,False,False,2,True,False,DSL,False,False,True,False,False,True,Month-to-month,False,Electronic check,60.85,111.4,No,0,0-12
1895-QTKDO,Female,0,False,False,1,True,False,DSL,False,False,False,False,False,False,Month-to-month,False,Credit card (automatic),43.95,43.95,No,0,0-12
2038-OEQZH,Male,0,False,False,4,True,False,Fiber optic,False,False,True,False,False,True,Month-to-month,False,Electronic check,86.05,308.1,No,0,0-12
1178-PZGAB,Female,0,False,False,19,True,False,No,No,No,No,No,No,No,One year,False,Credit card (automatic),20.25,383.65,No,0,13-24
7927-AUXBZ,Female,0,False,False,30,True,False,Fiber optic,False,False,False,True,True,False,Month-to-month,False,Electronic check,85.15,2555.9,Yes,1,25-36
2626-VEEWG,Male,0,True,True,67,True,False,No,No,No,No,No,No,No,Two year,True,Credit card (automatic),19.4,1284.2,No,0,61-72
2878-RMWXY,Male,1,True,False,72,True,True,Fiber optic,True,True,True,False,False,True,Two year,True,Credit card (automatic),102.65,7550.3,No,0,61-72
1657-DYMBM,Male,0,True,False,53,True,False,No,No,No,No,No,No,No,Two year,False,Credit card (automatic),19.9,1110.05,No,0,49-60
7311-MQJCH,Female,0,False,False,5,True,False,No,No,No,No,No,No,No,One year,False,Electronic check,19.55,99.6,No,0,0-12
7375-WMVMT,Male,1,True,False,71,True,False,Fiber optic,False,True,True,True,False,True,Two year,True,Credit card (automatic),95.5,6707.15,No,0,61-72
1136-XGEQU,Female,0,True,True,50,True,True,DSL,False,True,True,True,True,True,One year,True,Credit card (automatic),84.15,4164.4,No,0,49-60
2530-FMFXO,Male,0,True,True,56,True,True,Fiber optic,False,False,True,True,True,True,Two year,True,Electronic check,103.2,5873.75,No,0,49-60
6844-DZKRF,Male,0,False,False,2,True,False,DSL,False,False,False,True,False,False,Month-to-month,True,Credit card (automatic),50.2,109.25,No,0,0-12
4695-WJZUE,Female,1,False,False,2,True,True,Fiber optic,False,False,True,False,False,True,Month-to-month,True,Electronic check,88.55,179.25,Yes,1,0-12
7619-ODSGN,Male,0,True,True,24,True,True,DSL,True,False,False,False,False,False,Month-to-month,False,Electronic check,54.75,1338.15,Yes,1,13-24
5970-GHJAW,Male,0,True,True,46,True,False,No,No,No,No,No,No,No,Two year,False,Credit card (automatic),19.95,862.4,No,0,37-48
8879-XUAHX,Male,0,True,False,71,True,True,Fiber optic,True,True,True,True,True,True,Two year,True,Electronic check,116.25,8564.75,No,0,61-72
3689-MOZGR,Female,0,False,False,29,False,No,DSL,False,False,False,True,False,False,Month-to-month,True,Electronic check,31.2,926.2,No,0,25-36
4195-PNGZS,Male,0,True,True,69,True,True,No,No,No,No,No,No,No,Two year,False,Bank transfer (automatic),24.45,1718.2,No,0,61-72
5003-XZWWO,Male,0,True,False,71,True,True,DSL,False,True,True,True,True,True,Two year,False,Credit card (automatic),84.2,5956.85,No,0,61-72
3988-RQIXO,Female,1,False,False,1,True,False,Fiber optic,False,False,False,False,True,True,Month-to-month,True,Electronic check,91.3,91.3,Yes,1,0-12
7622-FWGEW,Male,1,True,False,56,True,False,DSL,True,True,True,True,True,True,Two year,True,Bank transfer (automatic),85.65,4824.45,No,0,49-60
6922-NCEDI,Male,0,False,True,56,True,False,No,No,No,No,No,No,No,One year,True,Mailed check,21.2,1238.65,No,0,49-60
2514-GINMM,Male,0,False,False,1,True,False,Fiber optic,False,False,False,False,True,False,Month-to-month,True,Electronic check,79.5,79.5,Yes,1,0-12
9891-NQDBD,Female,0,True,False,28,True,True,No,No,No,No,No,No,No,One year,False,Mailed check,25.55,672.2,No,0,25-36
6131-IUNXN,Female,0,True,True,19,True,False,No,No,No,No,No,No,No,Month-to-month,False,Mailed check,20.2,382.2,No,0,13-24
8548-AWOFC,Male,0,True,False,66,True,True,DSL,False,False,False,True,False,True,Month-to-month,False,Electronic check,63.85,4264.6,No,0,61-72
9798-DRYDS,Female,0,True,True,17,True,True,DSL,False,False,True,True,False,False,One year,True,Mailed check,61.95,1070.7,No,0,13-24
8532-UEFWH,Male,0,True,True,52,True,True,No,No,No,No,No,No,No,Two year,False,Mailed check,25.75,1345.85,No,0,49-60
6296-DDOOR,Female,0,False,False,19,True,False,DSL,False,True,False,False,True,False,One year,False,Electronic check,58.2,1045.25,No,0,13-24
7951-VRDVK,Female,0,False,False,36,True,False,DSL,True,True,True,True,True,True,One year,False,Bank transfer (automatic),85.85,3003.55,No,0,25-36
5931-FLJJF,Male,1,True,False,7,True,False,Fiber optic,False,False,False,False,False,False,Month-to-month,True,Mailed check,70.1,467.55,Yes,1,0-12
4815-YOSUK,Male,0,True,True,72,True,True,Fiber optic,True,True,True,True,False,True,One year,True,Credit card (automatic),104.9,7537.5,No,0,61-72
2659-VXMWZ,Male,0,True,True,67,True,True,Fiber optic,True,True,True,False,True,True,One year,True,Electronic check,111.3,7482.1,Yes,1,61-72
0380-NEAVX,Male,1,False,False,34,True,False,Fiber optic,False,True,True,False,True,True,One year,True,Electronic check,99.85,3343.15,No,0,25-36
3207-OYBWH,Male,1,True,False,57,True,True,Fiber optic,False,True,True,False,False,True,Month-to-month,True,Bank transfer (automatic),95.25,5427.05,Yes,1,49-60
4285-GYRQC,Female,0,True,False,7,True,False,Fiber optic,False,False,True,False,True,False,Month-to-month,True,Electronic check,86.25,587.1,Yes,1,0-12
7216-EWTRS,Female,1,True,False,1,True,True,Fiber optic,False,False,True,False,True,True,Month-to-month,True,Electronic check,100.8,100.8,Yes,1,0-12
4365-MSDYN,Male,0,True,False,8,True,False,No,No,No,No,No,No,No,Month-to-month,True,Bank transfer (automatic),19.55,161.15,No,0,0-12
7036-TYDEC,Female,0,False,False,69,True,True,Fiber optic,False,False,True,True,True,True,Two year,False,Electronic check,104.0,7028.5,No,0,61-72
5802-ADBRC,Female,0,True,False,50,True,True,Fiber optic,True,False,True,False,True,True,One year,True,Mailed check,104.4,5232.9,No,0,49-60
8076-FEZKJ,Male,0,False,False,10,True,False,No,No,No,No,No,No,No,One year,False,Mailed check,19.5,225.85,No,0,0-12
5197-YPYBZ,Female,0,True,True,12,True,True,No,No,No,No,No,No,No,Two year,False,Credit card (automatic),25.25,274.7,No,0,0-12
8337-MSSXB,Female,0,False,False,14,True,False,Fiber optic,False,True,False,False,False,True,Month-to-month,True,Electronic check,86.3,1180.95,Yes,1,13-24
4312-GVYNH,Female,0,True,False,70,False,No,DSL,True,False,True,True,False,True,Two year,True,Bank transfer (automatic),49.85,3370.2,No,0,61-72
8495-LJDFO,Female,1,False,False,64,True,True,Fiber optic,True,False,True,True,True,True,Month-to-month,True,Bank transfer (automatic),108.95,7111.3,No,0,61-72
0839-JTCUD,Female,0,True,True,66,True,True,DSL,True,True,True,True,True,True,Two year,False,Credit card (automatic),89.9,5958.85,No,0,61-72
5494-WOZRZ,Female,0,True,True,71,True,False,DSL,True,False,True,True,True,True,Two year,True,Credit card (automatic),82.0,5999.85,No,0,61-72
1302-UHBDD,Male,1,False,False,20,True,False,Fiber optic,False,False,False,False,True,True,Month-to-month,False,Electronic check,89.95,1648.45,No,0,13-24
2234-EOFPT,Male,0,True,False,72,True,False,DSL,True,True,False,True,True,True,Two year,True,Bank transfer (automatic),79.35,5753.25,No,0,61-72
8619-IJNDK,Female,0,True,True,71,True,False,DSL,True,True,True,True,False,False,Two year,False,Credit card (automatic),64.05,4492.9,No,0,61-72
8378-LKJAF,Male,0,True,True,38,True,True,Fiber optic,False,False,True,False,True,True,Month-to-month,True,Credit card (automatic),101.15,3956.7,No,0,37-48
8182-BJDSI,Female,0,False,False,28,True,True,Fiber optic,False,True,False,False,False,True,Month-to-month,True,Electronic check,89.95,2625.55,Yes,1,25-36
2528-HFYZX,Male,1,True,False,17,True,False,Fiber optic,False,True,False,False,False,False,Month-to-month,True,Electronic check,76.45,1233.4,Yes,1,13-24
1153-GNOLC,Male,0,False,False,33,False,No,DSL,False,True,False,False,True,False,One year,True,Electronic check,39.1,1309.0,No,0,25-36
3298-QEICA,Female,0,True,True,23,False,No,DSL,True,False,False,True,False,False,Two year,False,Mailed check,34.6,813.45,No,0,13-24
0788-DXBFY,Male,0,True,True,58,True,False,No,No,No,No,No,No,No,One year,True,Electronic check,19.55,1108.8,No,0,49-60
3597-YASZG,Female,1,True,False,70,True,True,Fiber optic,False,True,False,True,True,True,Two year,True,Bank transfer (automatic),104.45,7349.35,No,0,61-72
3496-LFSZU,Male,0,True,False,4,True,False,Fiber optic,False,False,False,False,False,False,Month-to-month,False,Electronic check,70.5,294.2,No,0,0-12
5242-UOWHD,Male,0,True,True,45,True,False,No,No,No,No,No,No,No,Two year,False,Mailed check,20.35,929.2,No,0,37-48
2482-CZGBB,Male,0,False,False,10,True,False,Fiber optic,False,False,False,False,False,False,Month-to-month,True,Electronic check,70.0,740.0,Yes,1,0-12
6479-SZPLM,Male,0,True,True,36,True,False,No,No,No,No,No,No,No,Two year,False,Credit card (automatic),19.45,754.5,No,0,25-36
8097-VBQTZ,Male,0,False,False,54,True,False,DSL,True,True,False,True,True,False,Month-to-month,True,Mailed check,69.9,3883.3,No,0,49-60
4500-HKANN,Male,0,True,True,23,True,True,DSL,False,True,False,True,False,False,Two year,False,Mailed check,59.7,1414.2,No,0,13-24
9917-KWRBE,Female,0,True,True,41,True,True,DSL,True,True,True,False,True,False,One year,True,Credit card (automatic),78.35,3211.2,No,0,37-48
3420-ZDBMA,Male,1,False,False,5,True,False,Fiber optic,False,False,False,False,False,False,Month-to-month,True,Mailed check,71.45,371.6,No,0,0-12
2212-LYASK,Male,0,True,True,27,False,No,DSL,False,True,True,False,False,True,One year,True,Credit card (automatic),45.85,1246.4,No,0,25-36
1393-IMKZG,Female,0,False,False,1,True,False,Fiber optic,False,False,False,True,True,True,Month-to-month,True,Electronic check,95.85,95.85,No,0,0-12
8069-RHUXK,Female,0,True,True,67,False,No,DSL,True,False,False,True,False,False,Two year,False,Credit card (automatic),35.7,2545.7,No,0,61-72
3398-GCPMU,Female,1,True,True,72,True,True,DSL,True,True,True,True,True,True,Two year,True,Credit card (automatic),89.55,6448.85,No,0,61-72
2908-WGAXL,Female,0,True,True,56,True,True,No,No,No,No,No,No,No,Two year,True,Credit card (automatic),24.95,1468.9,No,0,49-60
3378-AJRAO,Male,0,True,True,44,True,True,No,No,No,No,No,No,No,One year,False,Electronic check,24.85,1013.6,No,0,37-48
1013-QCWAM,Female,1,True,False,66,True,True,Fiber optic,False,True,False,False,True,True,Month-to-month,True,Electronic check,100.8,6690.75,No,0,61-72
0866-QLSIR,Female,0,False,False,34,True,True,DSL,True,True,False,True,False,False,One year,True,Mailed check,64.4,2088.75,Yes,1,25-36
6050-FFXES,Female,0,True,False,69,True,True,Fiber optic,False,False,True,True,True,True,Two year,False,Bank transfer (automatic),105.35,7240.65,No,0,61-72
7181-BQYBV,Female,0,True,True,1,True,True,Fiber optic,True,False,True,False,True,True,Month-to-month,True,Electronic check,102.45,102.45,Yes,1,0-12
0362-RAOQO,Female,0,False,False,40,True,False,No,No,No,No,No,No,No,Two year,False,Credit card (automatic),19.65,830.25,No,0,37-48
9554-DFKIC,Male,0,True,True,30,True,True,DSL,True,False,False,False,False,False,Month-to-month,True,Bank transfer (automatic),54.45,1588.7,No,0,25-36
5527-ACHSO,Female,0,False,False,11,True,False,DSL,False,False,False,True,True,True,Month-to-month,False,Mailed check,70.5,829.3,No,0,0-12
0829-DDVLK,Female,0,False,False,15,True,False,No,No,No,No,No,No,No,One year,False,Credit card (automatic),20.1,302.45,No,0,13-24
1399-UBQIU,Male,0,False,False,11,True,False,DSL,False,False,True,False,True,True,Month-to-month,True,Electronic check,69.35,712.25,No,0,0-12
1813-JLKWR,Female,0,True,True,64,True,False,No,No,No,No,No,No,No,One year,False,Bank transfer (automatic),19.8,1336.65,No,0,61-72
0336-PIKEI,Male,1,True,False,72,True,False,DSL,True,True,True,True,True,False,Two year,False,Bank transfer (automatic),74.4,5360.75,No,0,61-72
7322-OCWHC,Male,1,True,False,72,True,True,Fiber optic,True,True,True,True,False,False,Two year,True,Bank transfer (automatic),93.05,6735.05,No,0,61-72
9537-VHDTA,Female,0,False,True,1,True,False,DSL,True,False,False,False,False,False,Month-to-month,False,Mailed check,51.2,51.2,No,0,0-12
4957-TIALW,Female,0,False,True,15,True,False,DSL,True,True,True,True,False,False,One year,False,Credit card (automatic),65.6,1010.0,No,0,13-24
2054-PJOCK,Female,0,False,False,60,True,True,DSL,False,False,True,True,True,True,One year,False,Credit card (automatic),80.55,4847.05,No,0,49-60
9150-HEPMB,Male,0,False,False,56,True,False,DSL,True,False,True,False,False,False,One year,False,Mailed check,52.7,3019.7,No,0,49-60
9030-QGZNL,Female,0,False,False,8,True,False,No,No,No,No,No,No,No,Two year,False,Mailed check,20.85,161.65,No,0,0-12
6204-IEUXJ,Female,0,False,False,3,True,False,Fiber optic,False,False,True,True,False,False,Month-to-month,False,Credit card (automatic),80.1,217.55,Yes,1,0-12
3126-WQMGH,Female,0,True,False,49,True,True,DSL,False,False,False,False,False,False,Month-to-month,True,Credit card (automatic),52.15,2583.75,No,0,49-60
4529-CKBCL,Female,0,False,False,2,True,False,Fiber optic,False,False,False,False,True,False,Month-to-month,True,Electronic check,80.2,146.05,Yes,1,0-12
2506-CLAKW,Female,0,False,False,6,True,False,Fiber optic,True,True,True,True,False,True,Month-to-month,True,Bank transfer (automatic),98.15,567.45,Yes,1,0-12
7176-WRTNX,Male,0,False,False,70,True,True,Fiber optic,True,True,True,True,True,True,Two year,True,Bank transfer (automatic),114.95,7711.25,No,0,61-72
1583-IHQZE,Male,0,False,False,12,True,True,Fiber optic,False,True,True,True,True,True,Month-to-month,True,Mailed check,112.95,1384.75,Yes,1,0-12
5732-IKGQH,Male,1,True,False,52,True,False,Fiber optic,True,False,True,True,True,True,One year,True,Bank transfer (automatic),104.45,5481.25,No,0,49-60
9239-GZHZE,Female,0,True,False,72,True,True,Fiber optic,True,True,True,True,True,True,Two year,True,Credit card (automatic),113.65,8124.2,No,0,61-72
7205-BAIAD,Female,0,False,False,40,True,False,No,No,No,No,No,No,No,Two year,True,Bank transfer (automatic),20.6,827.3,No,0,37-48
0151-ONTOV,Female,0,False,False,1,True,False,Fiber optic,False,False,False,False,False,False,Month-to-month,False,Mailed check,70.9,70.9,Yes,1,0-12
4140-MUHUG,Female,1,False,False,3,True,False,Fiber optic,False,False,True,False,True,False,Month-to-month,True,Electronic check,86.85,220.95,Yes,1,0-12
0093-EXYQL,Female,1,False,False,40,True,False,Fiber optic,False,False,False,False,True,True,Month-to-month,True,Electronic check,91.55,3673.6,No,0,37-48
8064-RAVOH,Male,0,False,True,1,True,False,DSL,False,False,True,False,False,False,Month-to-month,True,Electronic check,49.85,49.85,No,0,0-12
0219-QAERP,Male,0,True,False,30,True,False,No,No,No,No,No,No,No,One year,False,Credit card (automatic),19.8,576.65,No,0,25-36
0320-JDNQG,Male,0,True,True,23,True,False,Fiber optic,True,False,False,True,True,True,Month-to-month,True,Electronic check,99.85,2331.3,Yes,1,13-24
7180-PISOG,Male,0,True,True,1,True,True,Fiber optic,False,False,False,False,False,False,Month-to-month,True,Electronic check,74.5,74.5,Yes,1,0-12
9168-INPSZ,Female,1,True,False,44,True,True,Fiber optic,False,False,True,True,True,True,Month-to-month,False,Electronic check,104.15,4495.65,No,0,37-48
3571-RFHAR,Male,0,False,False,65,True,True,Fiber optic,False,True,True,True,True,True,Month-to-month,True,Electronic check,109.15,6941.2,Yes,1,61-72
0015-UOCOJ,Female,1,False,False,7,True,False,DSL,True,False,False,False,False,False,Month-to-month,True,Electronic check,48.2,340.35,No,0,0-12
5334-AFQJB,Male,1,False,False,72,True,True,No,No,No,No,No,No,No,Two year,True,Credit card (automatic),25.1,1789.9,No,0,61-72
2754-SDJRD,Female,1,False,False,8,True,True,Fiber optic,False,False,False,True,True,True,Month-to-month,True,Credit card (automatic),100.15,908.55,No,0,0-12
9578-VRMNM,Female,0,False,False,16,True,True,DSL,False,False,True,False,False,True,Month-to-month,True,Credit card (automatic),65.2,1043.35,Yes,1,13-24
1587-FKLZB,Male,1,True,True,66,True,True,Fiber optic,False,False,True,False,True,True,Month-to-month,True,Credit card (automatic),99.5,6822.15,Yes,1,61-72
6140-QNRQQ,Male,0,False,False,1,True,False,Fiber optic,False,False,False,False,False,False,Month-to-month,True,Mailed check,71.55,71.55,Yes,1,0-12
8963-JLGJT,Male,0,False,True,3,True,False,DSL,True,False,True,False,False,False,Month-to-month,False,Mailed check,55.9,157.55,No,0,0-12
4307-KTUMW,Male,0,True,False,53,True,True,Fiber optic,True,False,True,False,False,True,Month-to-month,False,Electronic check,93.9,5029.2,Yes,1,49-60
1465-LNTLJ,Male,1,True,False,8,True,False,DSL,False,False,True,True,False,True,Month-to-month,True,Credit card (automatic),64.4,581.7,No,0,0-12
5440-FLBQG,Male,1,True,False,69,True,True,Fiber optic,False,True,True,True,True,True,Two year,True,Bank transfer (automatic),108.4,7318.2,Yes,1,61-72
2135-DQWAQ,Female,0,False,False,5,True,False,Fiber optic,False,True,False,False,True,False,Month-to-month,True,Mailed check,85.3,420.45,No,0,0-12
4056-QHXHZ,Female,0,True,True,72,True,True,Fiber optic,True,False,True,True,True,True,Two year,False,Mailed check,107.45,7576.7,No,0,61-72
7470-MCQTK,Female,0,True,False,13,False,No,DSL,False,False,True,False,True,True,Month-to-month,True,Bank transfer (automatic),48.75,633.4,Yes,1,13-24
7488-MXJIV,Female,0,False,False,4,True,True,Fiber optic,False,False,False,False,True,False,Month-to-month,True,Electronic check,85.65,321.65,Yes,1,0-12
7401-JIXNM,Female,0,True,True,54,True,True,DSL,True,True,True,True,True,True,Two year,False,Credit card (automatic),91.3,4965.0,No,0,49-60
9339-FIIJL,Male,0,True,False,72,True,True,DSL,False,True,True,True,True,True,Two year,False,Bank transfer (automatic),85.95,6151.9,No,0,61-72
2027-FECZV,Male,0,False,False,12,True,True,Fiber optic,False,True,True,False,True,True,Month-to-month,True,Electronic check,106.7,1253.9,Yes,1,0-12
2672-DZUOY,Male,0,False,False,1,False,No,DSL,False,False,False,False,False,False,Month-to-month,True,Electronic check,25.15,25.15,Yes,1,0-12
4706-DGAHW,Male,1,False,False,1,True,False,DSL,False,False,False,False,False,False,Month-to-month,False,Electronic check,45.2,45.2,No,0,0-12
3870-MQAMG,Female,0,True,False,54,True,True,Fiber optic,False,True,True,True,True,True,One year,False,Electronic check,110.35,5893.15,Yes,1,49-60
6670-MFRPK,Male,0,True,True,69,True,True,Fiber optic,False,False,True,False,False,False,Two year,True,Credit card (automatic),79.2,5420.65,No,0,61-72
6177-PEVRA,Female,0,False,False,48,True,False,DSL,True,True,False,False,False,False,Two year,False,Credit card (automatic),55.5,2627.35,No,0,37-48
4800-CZMPC,Female,0,True,True,48,True,True,Fiber optic,True,True,False,False,True,True,One year,True,Credit card (automatic),103.25,5037.55,Yes,1,37-48
4813-HQMGZ,Female,0,True,False,8,True,True,Fiber optic,False,False,False,True,False,True,Month-to-month,True,Electronic check,90.25,743.75,No,0,0-12
7579-KKLOE,Male,0,True,True,71,True,True,DSL,True,True,True,True,True,True,Two year,True,Mailed check,91.25,6589.6,No,0,61-72
7377-DMMRI,Male,0,False,False,2,True,False,DSL,True,False,False,False,False,False,Month-to-month,True,Electronic check,47.8,92.45,Yes,1,0-12
8402-EIVQS,Male,0,True,False,67,True,False,Fiber optic,True,True,False,False,True,True,One year,True,Credit card (automatic),100.9,6733.15,No,0,61-72
4947-DSMXK,Male,0,True,True,34,True,True,Fiber optic,False,True,False,False,True,True,Month-to-month,True,Bank transfer (automatic),97.7,3410.0,No,0,25-36
7245-NIIWQ,Female,0,False,False,3,True,False,Fiber optic,False,False,False,False,False,False,Month-to-month,True,Electronic check,69.85,199.85,No,0,0-12
0002-ORFBO,Female,0,True,True,9,True,False,DSL,False,True,False,True,True,False,One year,True,Mailed check,65.6,593.3,No,0,0-12
3324-OIRTO,Male,0,True,True,71,True,False,Fiber optic,True,True,True,False,True,True,One year,True,Bank transfer (automatic),104.65,7288.4,No,0,61-72
5414-OFQCB,Male,0,False,False,57,True,True,Fiber optic,False,False,False,True,True,False,Two year,True,Credit card (automatic),90.45,5229.8,No,0,49-60
4967-WPNCF,Male,0,False,False,72,False,No,DSL,True,True,True,True,True,True,Two year,True,Bank transfer (automatic),63.7,4464.8,No,0,61-72
8552-OBVRU,Female,1,True,True,48,True,False,Fiber optic,True,False,True,True,True,True,Month-to-month,True,Electronic check,104.5,5068.05,No,0,37-48
8499-BRXTD,Male,0,False,False,18,True,False,No,No,No,No,No,No,No,One year,False,Mailed check,20.1,401.85,No,0,13-24
9154-QDGTH,Male,0,True,True,43,True,True,Fiber optic,False,False,True,True,True,True,One year,True,Credit card (automatic),104.3,4451.85,No,0,37-48
8197-BFWVU,Female,0,True,True,72,True,True,DSL,True,True,True,True,True,True,Two year,True,Bank transfer (automatic),93.25,6688.95,No,0,61-72
2577-GVSIL,Male,0,True,True,35,True,True,DSL,False,False,False,True,True,True,One year,True,Bank transfer (automatic),73.45,2661.1,No,0,25-36
9367-OIUXP,Male,0,False,False,4,True,False,No,No,No,No,No,No,No,Month-to-month,False,Mailed check,20.7,73.05,No,0,0-12
6770-UAYGJ,Female,0,True,True,49,True,True,No,No,No,No,No,No,No,Two year,False,Mailed check,25.25,1211.65,No,0,49-60
6463-HHXJR,Female,0,True,True,71,True,True,Fiber optic,True,True,True,False,True,False,Two year,False,Bank transfer (automatic),100.5,7030.65,No,0,61-72
7928-VJYAB,Male,0,True,True,11,True,False,Fiber optic,False,False,False,False,True,True,Month-to-month,False,Electronic check,90.6,1020.2,No,0,0-12
1187-WILMM,Male,0,True,True,63,True,True,DSL,True,True,True,True,True,True,Two year,True,Credit card (automatic),89.4,5597.65,No,0,61-72
9776-OJUZI,Female,1,False,False,65,True,True,Fiber optic,False,True,True,False,True,False,Month-to-month,True,Bank transfer (automatic),95.45,6223.3,No,0,61-72
1306-RPWXZ,Female,0,False,True,49,True,False,No,No,No,No,No,No,No,Two year,False,Credit card (automatic),20.45,1024.65,No,0,49-60
8949-JTMAY,Female,0,False,False,29,True,True,Fiber optic,False,False,True,False,True,True,Month-to-month,True,Credit card (automatic),98.6,2933.2,Yes,1,25-36
2774-LVQUS,Female,1,True,False,15,True,True,Fiber optic,False,False,True,True,False,False,Month-to-month,True,Electronic check,83.05,1258.3,Yes,1,13-24
3097-PYWXL,Female,0,True,True,4,True,False,No,No,No,No,No,No,No,Month-to-month,True,Electronic check,19.95,82.9,No,0,0-12
2266-SJNAT,Female,0,True,False,72,True,True,Fiber optic,False,True,True,True,True,True,One year,False,Credit card (automatic),109.15,7789.6,No,0,61-72
0869-PAPRP,Female,1,True,False,26,True,False,Fiber optic,False,False,True,False,True,False,Month-to-month,True,Credit card (automatic),85.7,2067.0,No,0,25-36
4238-JSSWH,Female,1,True,False,35,True,True,Fiber optic,False,False,True,False,True,True,Month-to-month,False,Bank transfer (automatic),102.05,3452.55,No,0,25-36
2972-YDYUW,Female,0,False,False,57,True,True,Fiber optic,False,True,False,True,False,True,One year,False,Electronic check,94.7,5468.95,No,0,49-60
1104-FEJAM,Male,0,True,True,28,True,True,DSL,False,True,False,False,False,True,Month-to-month,False,Electronic check,64.4,1802.15,No,0,25-36
2809-ILCYT,Female,0,True,False,25,True,True,No,No,No,No,No,No,No,One year,True,Mailed check,26.8,733.55,No,0,25-36
5499-ECUTN,Female,0,True,False,47,True,False,DSL,True,False,True,False,True,False,One year,True,Credit card (automatic),66.05,3021.45,No,0,37-48
4981-FLTMF,Female,0,True,True,57,True,True,DSL,True,True,False,True,False,False,Month-to-month,False,Bank transfer (automatic),65.2,3687.85,No,0,49-60
9121-PHQSR,Male,1,True,False,16,True,True,Fiber optic,False,False,False,False,True,False,Month-to-month,True,Credit card (automatic),85.05,1391.15,No,0,13-24
3113-IWHLC,Male,0,False,False,5,True,False,DSL,True,False,True,False,False,False,Month-to-month,True,Mailed check,55.8,274.35,No,0,0-12
3211-ILJTT,Male,0,True,False,17,True,False,Fiber optic,False,False,False,False,False,False,Month-to-month,True,Bank transfer (automatic),70.4,1214.05,Yes,1,13-24
4612-THJBS,Female,1,False,False,56,True,True,Fiber optic,False,True,True,False,True,True,One year,True,Bank transfer (automatic),104.75,5510.65,Yes,1,49-60
4277-BWBML,Male,0,True,True,72,True,False,No,No,No,No,No,No,No,Two year,False,Bank transfer (automatic),19.95,1322.85,No,0,61-72
4094-NSEDU,Female,1,False,False,21,True,True,Fiber optic,False,False,False,False,True,True,Month-to-month,True,Electronic check,94.25,1973.75,Yes,1,13-24
0234-TEVTT,Female,0,True,True,48,False,No,DSL,True,False,True,False,False,True,One year,False,Credit card (automatic),45.0,2196.3,No,0,37-48
4304-TSPVK,Female,0,True,False,68,True,True,Fiber optic,True,True,True,True,True,True,Two year,False,Bank transfer (automatic),114.9,7843.55,No,0,61-72
1552-AAGRX,Female,0,False,False,30,True,True,Fiber optic,True,False,False,True,True,True,Month-to-month,False,Bank transfer (automatic),106.4,3211.9,No,0,25-36
2637-FKFSY,Female,0,True,False,3,True,False,DSL,False,False,False,False,False,False,Month-to-month,True,Mailed check,46.1,130.15,No,0,0-12
9796-MVYXX,Female,1,False,False,14,False,No,DSL,True,False,True,True,False,False,Two year,False,Mailed check,39.7,692.35,No,0,13-24
7874-ECPQJ,Female,0,False,True,4,True,False,No,No,No,No,No,No,No,Month-to-month,True,Bank transfer (automatic),20.05,85.5,No,0,0-12
0020-INWCK,Female,0,True,True,71,True,True,Fiber optic,False,True,True,False,False,True,Two year,True,Credit card (automatic),95.75,6849.4,No,0,61-72
7089-RKVSZ,Male,0,True,True,8,True,True,No,No,No,No,No,No,No,One year,False,Mailed check,24.4,203.95,No,0,0-12
2683-JXWQQ,Male,0,True,True,61,False,No,DSL,True,False,True,False,False,False,Month-to-month,False,Bank transfer (automatic),33.6,2117.2,No,0,61-72
9548-ZMVTX,Male,0,True,True,72,True,True,Fiber optic,False,True,True,True,False,False,Two year,False,Bank transfer (automatic),90.45,6565.85,No,0,61-72
8739-XNIKG,Female,0,False,False,5,True,True,Fiber optic,False,False,False,False,True,False,Month-to-month,True,Electronic check,84.0,424.75,No,0,0-12
9755-JHNMN,Female,0,False,False,49,True,False,DSL,True,True,True,True,False,False,Two year,False,Bank transfer (automatic),67.4,3306.85,No,0,49-60
3981-QSVQI,Male,0,False,False,8,True,False,No,No,No,No,No,No,No,Month-to-month,True,Bank transfer (automatic),19.7,168.9,No,0,0-12
2789-HQBOU,Male,0,False,False,3,True,False,Fiber optic,False,False,False,False,False,True,Month-to-month,True,Electronic check,80.35,253.8,No,0,0-12
9424-CMPOG,Male,0,True,True,9,True,False,No,No,No,No,No,No,No,Two year,False,Mailed check,19.6,197.4,No,0,0-12
5067-WJEUN,Male,0,True,True,67,True,False,DSL,True,True,False,False,False,False,Two year,True,Bank transfer (automatic),54.2,3838.2,No,0,61-72
3450-WXOAT,Male,0,False,False,46,True,False,DSL,False,False,False,False,False,False,Month-to-month,True,Credit card (automatic),45.2,2065.15,No,0,37-48
9251-WNSOD,Female,0,True,False,67,True,True,DSL,True,True,True,False,False,True,One year,False,Mailed check,75.1,5064.45,No,0,61-72
6974-DAFLI,Female,0,True,False,55,True,False,No,No,No,No,No,No,No,One year,False,Electronic check,19.7,1140.05,No,0,49-60
2616-UUTFK,Male,0,True,False,33,True,True,DSL,True,True,True,False,True,False,Month-to-month,True,Bank transfer (automatic),72.75,2447.45,No,0,25-36
7064-JHXCE,Male,0,True,True,62,True,False,No,No,No,No,No,No,No,Two year,False,Credit card (automatic),20.05,1263.9,No,0,61-72
5103-MHMHY,Female,0,False,True,1,True,False,DSL,False,False,False,False,False,False,Month-to-month,False,Mailed check,45.95,45.95,Yes,1,0-12
7989-AWGEH,Male,0,True,True,49,False,No,DSL,True,False,False,False,False,True,Month-to-month,True,Electronic check,39.2,1838.15,No,0,49-60
4373-VVHQL,Male,0,False,False,1,True,False,DSL,False,False,False,False,False,False,Month-to-month,True,Electronic check,44.75,44.75,No,0,0-12
4559-UWIHT,Male,0,True,False,14,True,True,Fiber optic,False,True,True,False,False,False,Month-to-month,True,Electronic check,82.65,1185.0,No,0,13-24
7268-IGMFD,Male,1,False,False,18,True,True,Fiber optic,False,False,True,True,True,False,Month-to-month,False,Bank transfer (automatic),93.9,1743.9,No,0,13-24
1846-XWOQN,Female,1,False,False,1,True,False,Fiber optic,False,False,False,False,False,False,Month-to-month,True,Electronic check,70.15,70.15,Yes,1,0-12
0235-KGSLC,Female,0,False,False,1,True,False,Fiber optic,False,False,True,False,True,False,Month-to-month,True,Credit card (automatic),85.55,85.55,Yes,1,0-12
6650-BWFRT,Female,0,True,False,72,True,True,Fiber optic,True,True,True,True,True,True,Two year,True,Credit card (automatic),117.15,8529.5,No,0,61-72
9570-KYEUA,Male,0,False,False,64,True,True,Fiber optic,True,False,True,True,False,True,Two year,False,Credit card (automatic),99.25,6549.45,No,0,61-72
6993-YGFJV,Male,0,True,False,69,True,True,Fiber optic,True,True,True,True,True,True,Two year,True,Bank transfer (automatic),112.55,7806.5,No,0,61-72
2712-SYWAY,Female,0,False,False,1,True,True,No,No,No,No,No,No,No,Month-to-month,True,Electronic check,25.7,25.7,No,0,0-12
0730-BGQGF,Male,0,True,True,71,True,True,DSL,True,True,True,True,True,True,Two year,False,Credit card (automatic),90.3,6287.3,No,0,61-72
5498-IBWPI,Female,0,True,True,66,True,False,DSL,False,False,False,True,False,False,One year,True,Credit card (automatic),49.4,3251.85,No,0,61-72
9101-NTIXF,Male,0,False,False,2,True,False,No,No,No,No,No,No,No,Month-to-month,False,Mailed check,19.4,50.6,No,0,0-12
0013-SMEOE,Female,1,True,False,71,True,False,Fiber optic,True,True,True,True,True,True,Two year,True,Bank transfer (automatic),109.7,7904.25,No,0,61-72
9314-QDMDW,Male,0,False,False,11,True,False,DSL,False,True,False,False,True,False,One year,True,Electronic check,61.25,729.95,No,0,0-12
9308-ANMVE,Male,0,False,True,47,True,False,DSL,True,True,False,False,False,False,Month-to-month,True,Electronic check,55.3,2654.05,No,0,37-48
2884-GBPFB,Female,0,True,False,35,True,False,Fiber optic,False,False,False,False,False,False,Month-to-month,True,Electronic check,70.3,2416.55,Yes,1,25-36
3757-NJYBX,Male,1,True,False,32,True,True,Fiber optic,False,True,True,False,True,True,Month-to-month,False,Bank transfer (automatic),106.35,3520.75,Yes,1,25-36
3413-DHLPB,Male,0,True,True,60,True,True,Fiber optic,False,True,False,True,True,True,Month-to-month,True,Bank transfer (automatic),103.75,5969.95,No,0,49-60
7649-PHJVR,Male,0,False,False,11,True,False,No,No,No,No,No,No,No,One year,False,Mailed check,19.5,226.8,No,0,0-12
6114-TCFID,Female,0,False,False,29,False,No,DSL,True,True,False,True,False,False,One year,False,Credit card (automatic),39.5,1082.75,No,0,25-36
3787-TRIAL,Male,0,True,True,21,False,No,DSL,False,False,False,False,False,False,Month-to-month,True,Electronic check,26.05,565.75,No,0,13-24
2573-GYRUU,Male,1,True,False,48,True,True,Fiber optic,False,False,True,False,False,True,Month-to-month,True,Credit card (automatic),91.05,4370.75,No,0,37-48
5156-UMKOW,Female,0,False,True,3,False,No,DSL,False,True,False,False,False,False,Month-to-month,False,Mailed check,29.65,90.05,No,0,0-12
1247-QBVSH,Female,0,True,True,43,True,False,DSL,False,True,False,False,False,False,Month-to-month,False,Mailed check,50.2,2169.4,No,0,37-48
6734-GMPVK,Male,0,False,False,5,True,True,Fiber optic,False,True,True,False,True,True,Month-to-month,False,Electronic check,105.3,550.6,No,0,0-12
9822-OAOVB,Female,0,False,False,1,True,False,DSL,False,False,False,False,False,True,Month-to-month,True,Electronic check,55.45,55.45,No,0,0-12
6161-ERDGD,Male,0,True,True,71,True,True,DSL,True,False,True,True,True,True,One year,False,Electronic check,85.45,6300.85,No,0,61-72
1226-JZNKR,Female,0,True,True,8,True,False,No,No,No,No,No,No,No,One year,False,Electronic check,19.8,160.05,No,0,0-12
7318-EIVKO,Male,0,False,False,8,True,True,DSL,False,False,False,False,True,False,Month-to-month,True,Electronic check,59.25,436.6,No,0,0-12
3771-PZOBW,Male,0,False,False,20,True,True,Fiber optic,False,False,True,False,True,False,Month-to-month,True,Credit card (automatic),90.7,1781.35,No,0,13-24
5136-KCKGI,Female,0,True,True,33,True,True,Fiber optic,True,False,True,False,True,True,One year,True,Mailed check,103.7,3467.0,Yes,1,25-36
8231-BSWXX,Male,0,False,False,71,True,True,Fiber optic,False,True,False,False,False,False,One year,True,Credit card (automatic),79.05,5552.5,No,0,61-72
6486-LHTMA,Female,1,True,False,31,True,True,Fiber optic,False,False,True,False,True,False,One year,True,Electronic check,90.7,2835.5,No,0,25-36
4083-BFNYK,Female,1,True,False,38,True,True,Fiber optic,True,True,False,False,False,True,One year,False,Credit card (automatic),95.0,3591.25,No,0,37-48
3722-WPXTK,Male,0,False,False,1,True,False,Fiber optic,False,False,False,False,True,True,Month-to-month,True,Electronic check,88.35,88.35,Yes,1,0-12
7389-KBFIT,Female,0,True,True,2,False,No,DSL,False,True,False,False,False,False,Month-to-month,True,Mailed check,30.25,63.75,No,0,0-12
7176-WIONM,Female,0,True,False,12,False,No,DSL,False,False,True,False,True,True,Month-to-month,True,Bank transfer (automatic),49.85,617.15,No,0,0-12
5141-ZUVBH,Female,0,False,True,9,True,False,Fiber optic,True,False,True,True,False,True,Month-to-month,False,Bank transfer (automatic),93.0,870.25,No,0,0-12
1089-HDMKP,Male,1,False,True,11,True,False,DSL,False,True,False,True,False,False,Month-to-month,True,Electronic check,54.55,601.25,No,0,0-12
7623-HKYRK,Male,0,False,True,6,True,False,No,No,No,No,No,No,No,Month-to-month,False,Mailed check,19.7,111.65,No,0,0-12
0310-SUCIN,Female,0,True,False,71,True,False,DSL,True,True,True,True,True,True,One year,True,Bank transfer (automatic),84.8,6046.1,No,0,61-72
5197-PYEPU,Female,0,True,True,42,True,True,Fiber optic,True,True,False,False,True,False,One year,True,Credit card (automatic),94.45,3923.8,No,0,37-48
2929-ERCFZ,Female,0,True,True,8,True,False,Fiber optic,False,False,True,False,True,True,Month-to-month,True,Electronic check,94.2,777.3,Yes,1,0-12
7548-SEPYI,Female,0,False,False,5,True,False,Fiber optic,False,True,False,False,True,True,Month-to-month,True,Electronic check,96.25,512.45,Yes,1,0-12
8835-VSDSE,Female,0,True,False,2,True,False,Fiber optic,False,False,False,False,False,False,Month-to-month,True,Electronic check,70.7,141.45,Yes,1,0-12
6619-RPLQZ,Female,0,True,True,45,True,False,No,No,No,No,No,No,No,Two year,False,Mailed check,20.85,892.15,No,0,37-48
3275-RHRNE,Male,0,True,True,28,False,No,DSL,False,True,True,True,True,True,One year,True,Credit card (automatic),60.0,1682.05,No,0,25-36
3503-TYDAY,Female,0,True,False,43,True,True,Fiber optic,False,True,False,False,False,False,Month-to-month,False,Electronic check,80.45,3398.9,No,0,37-48
6901-GOGZG,Male,0,False,True,60,True,True,DSL,True,False,True,True,True,True,Two year,True,Electronic check,84.95,4984.85,No,0,49-60
1623-NLDOT,Female,0,True,False,42,False,No,DSL,False,True,False,True,False,False,One year,False,Mailed check,33.55,1445.3,Yes,1,37-48
7021-XSNYE,Male,0,True,True,7,False,No,DSL,True,False,True,True,False,True,Two year,False,Credit card (automatic),49.65,305.55,No,0,0-12
9621-OUPYD,Female,0,True,False,25,True,False,No,No,No,No,No,No,No,One year,True,Bank transfer (automatic),20.2,507.9,No,0,25-36
9898-KZQDZ,Female,1,True,True,40,True,True,Fiber optic,False,False,False,False,True,True,Month-to-month,True,Credit card (automatic),94.55,3640.45,Yes,1,37-48
8982-NHAVY,Male,0,False,False,27,True,True,Fiber optic,False,False,True,False,True,True,One year,True,Bank transfer (automatic),100.5,2673.45,No,0,25-36
4307-KWMXE,Male,0,False,False,10,False,No,DSL,False,True,False,True,False,False,Month-to-month,False,Electronic check,35.75,389.8,No,0,0-12
0141-YEAYS,Female,1,False,False,27,True,True,Fiber optic,False,True,True,False,False,False,Month-to-month,True,Bank transfer (automatic),86.45,2401.05,No,0,25-36
2450-ZKEED,Female,0,False,False,11,True,False,DSL,False,False,True,True,False,False,One year,False,Bank transfer (automatic),53.8,651.55,No,0,0-12
3694-DELSO,Male,0,True,True,4,False,No,DSL,True,False,False,False,True,False,Month-to-month,False,Credit card (automatic),38.55,156.1,No,0,0-12
3893-JRNFS,Male,0,False,False,68,False,No,DSL,False,False,True,False,False,True,Month-to-month,True,Bank transfer (automatic),39.9,2796.35,No,0,61-72
9603-OAIHC,Male,1,False,False,1,True,False,Fiber optic,False,False,False,False,False,False,Month-to-month,True,Electronic check,70.05,70.05,No,0,0-12
1133-KXCGE,Female,0,False,False,18,True,False,No,No,No,No,No,No,No,One year,False,Mailed check,20.1,407.05,No,0,13-24
5236-PERKL,Female,0,False,False,57,True,True,Fiber optic,True,True,True,False,True,True,Two year,True,Bank transfer (automatic),112.95,6465.0,Yes,1,49-60
0142-GVYSN,Male,0,False,False,26,True,False,No,No,No,No,No,No,No,Month-to-month,True,Electronic check,20.3,511.25,No,0,25-36
1049-FYSYG,Female,0,True,False,17,False,No,DSL,False,True,True,False,False,False,Month-to-month,True,Credit card (automatic),35.65,646.05,No,0,13-24
7854-FOKSF,Male,0,False,False,1,False,No,DSL,False,False,False,False,False,True,Month-to-month,False,Electronic check,35.9,35.9,Yes,1,0-12
2519-FAKOD,Male,0,False,True,38,True,True,Fiber optic,False,False,True,False,True,True,Month-to-month,True,Bank transfer (automatic),99.25,3777.15,Yes,1,37-48
8406-LNMHF,Male,1,True,False,59,True,False,Fiber optic,True,True,True,False,False,False,One year,True,Credit card (automatic),82.95,4903.15,No,0,49-60
1821-BUCWY,Male,0,False,False,30,True,False,DSL,True,False,True,False,False,False,Two year,True,Mailed check,55.65,1653.85,No,0,25-36
8263-JQAIK,Male,1,False,False,2,False,No,DSL,False,False,False,False,False,False,Month-to-month,True,Mailed check,24.45,47.5,Yes,1,0-12
0023-UYUPN,Female,1,True,False,50,True,True,No,No,No,No,No,No,No,One year,False,Electronic check,25.2,1306.3,No,0,49-60
8314-DPQHL,Male,0,False,False,9,False,No,DSL,True,False,True,True,False,True,One year,False,Mailed check,50.8,463.6,No,0,0-12
1465-WCZVT,Female,0,True,True,3,True,False,No,No,No,No,No,No,No,Month-to-month,False,Mailed check,19.65,60.65,No,0,0-12
9481-SFCQY,Female,0,False,True,14,True,False,DSL,False,False,True,False,True,False,Month-to-month,True,Credit card (automatic),59.8,824.85,No,0,13-24
6360-SVNWV,Female,1,False,False,31,True,False,Fiber optic,True,False,False,False,False,False,Month-to-month,True,Credit card (automatic),73.55,2094.65,No,0,25-36
0567-GGCAC,Female,0,False,False,7,True,False,DSL,True,True,True,False,False,False,Month-to-month,False,Electronic check,61.4,438.9,No,0,0-12
7089-IVVAZ,Female,0,False,False,8,True,True,Fiber optic,True,False,False,True,True,True,Month-to-month,True,Bank transfer (automatic),103.35,847.3,Yes,1,0-12
8884-MRNSU,Male,0,True,True,17,True,False,No,No,No,No,No,No,No,One year,False,Bank transfer (automatic),19.9,329.75,No,0,13-24
2171-UDMFD,Male,0,True,True,32,True,False,No,No,No,No,No,No,No,Month-to-month,True,Credit card (automatic),19.45,674.55,No,0,25-36
9050-IKDZA,Female,1,False,False,2,True,False,Fiber optic,False,False,False,False,True,False,Month-to-month,False,Mailed check,81.5,162.55,No,0,0-12
2205-YMZZJ,Male,1,False,False,7,True,True,Fiber optic,False,False,False,False,True,False,Month-to-month,True,Electronic check,84.8,546.95,Yes,1,0-12
9802-CAQUT,Female,0,True,True,72,True,True,Fiber optic,True,True,True,False,True,True,Two year,False,Credit card (automatic),109.55,7887.25,No,0,61-72
1254-IZEYF,Female,1,False,False,31,True,True,Fiber optic,False,True,False,False,True,True,Month-to-month,True,Electronic check,99.95,3186.65,Yes,1,25-36
0187-WZNAB,Female,0,True,True,27,True,False,Fiber optic,True,False,False,False,False,False,Month-to-month,False,Mailed check,74.4,1972.35,No,0,25-36
9492-TOKRI,Female,0,False,False,18,True,True,Fiber optic,False,True,False,False,True,False,Month-to-month,True,Credit card (automatic),90.0,1527.35,Yes,1,13-24
1475-VWVDO,Male,0,False,False,7,True,False,Fiber optic,False,False,True,False,False,False,Month-to-month,True,Electronic check,74.9,490.55,No,0,0-12
9221-OTIVJ,Female,1,False,False,14,True,True,Fiber optic,False,True,True,False,True,True,Month-to-month,True,Electronic check,104.85,1531.4,Yes,1,13-24
1357-MVDOZ,Male,0,True,True,11,True,False,DSL,False,False,True,False,True,False,Month-to-month,True,Bank transfer (automatic),59.65,683.25,No,0,0-12
7602-MVRMB,Female,0,True,True,72,True,True,Fiber optic,True,False,True,True,True,True,Two year,True,Bank transfer (automatic),110.45,8058.85,No,0,61-72
3325-FUYCG,Male,0,True,True,28,True,True,Fiber optic,True,True,False,False,True,True,One year,False,Electronic check,106.1,2847.4,Yes,1,25-36
5908-QMGOE,Male,1,False,False,15,True,True,Fiber optic,False,False,False,False,False,False,Month-to-month,True,Credit card (automatic),74.2,1133.9,Yes,1,13-24
1197-BVMVG,Female,1,False,False,4,True,True,Fiber optic,False,False,False,False,False,False,Month-to-month,True,Electronic check,74.45,294.45,No,0,0-12
5406-KGRMX,Female,0,False,False,71,True,True,No,No,No,No,No,No,No,Two year,False,Electronic check,24.55,1719.15,No,0,61-72
8481-YYXWG,Female,0,False,False,5,True,False,Fiber optic,False,True,False,True,False,True,Month-to-month,True,Electronic check,89.35,461.7,Yes,1,0-12
5968-HYJRZ,Male,0,True,True,47,True,True,No,No,No,No,No,No,No,Two year,False,Mailed check,24.55,1160.45,No,0,37-48
5198-EFNBM,Male,1,True,False,57,True,False,Fiber optic,False,True,True,False,True,False,One year,True,Electronic check,90.65,5199.8,No,0,49-60
7516-GMHUV,Male,1,True,False,50,True,True,Fiber optic,True,False,True,False,True,True,Two year,True,Credit card (automatic),105.05,5163.3,No,0,49-60
7140-ADSMJ,Male,0,False,False,8,True,False,No,No,No,No,No,No,No,Month-to-month,True,Credit card (automatic),20.45,162.3,No,0,0-12
2230-XTUWL,Female,0,True,True,48,True,False,No,No,No,No,No,No,No,Two year,False,Mailed check,19.55,883.35,No,0,37-48
7706-YLMQA,Female,0,False,False,70,True,False,No,No,No,No,No,No,No,One year,False,Bank transfer (automatic),19.7,1341.5,No,0,61-72
2585-KTFRE,Male,0,False,True,1,True,False,DSL,True,True,False,True,False,True,Month-to-month,True,Bank transfer (automatic),70.45,70.45,No,0,0-12
7994-UYIVZ,Male,0,True,False,8,True,True,Fiber optic,False,False,False,False,False,True,Month-to-month,True,Bank transfer (automatic),85.65,659.45,No,0,0-12
2609-IAICY,Female,0,False,False,1,True,True,Fiber optic,False,False,False,False,False,False,Month-to-month,True,Electronic check,77.15,77.15,Yes,1,0-12
1740-CSDJP,Male,0,False,False,1,False,No,DSL,False,False,False,False,False,True,Month-to-month,True,Bank transfer (automatic),35.25,35.25,Yes,1,0-12
7717-BICXI,Male,0,True,True,60,True,False,No,No,No,No,No,No,No,Two year,False,Mailed check,20.55,1205.05,No,0,49-60
6559-RAKOZ,Male,0,True,True,49,True,True,Fiber optic,False,False,False,True,True,True,One year,True,Electronic check,97.95,4917.9,No,0,49-60
2636-OHFMN,Male,0,True,False,4,False,No,DSL,False,True,False,False,True,True,Month-to-month,True,Electronic check,48.55,201.0,Yes,1,0-12
4716-MRVEN,Female,0,False,False,29,True,False,No,No,No,No,No,No,No,One year,False,Mailed check,20.0,599.3,No,0,25-36
2143-LJULT,Female,0,True,False,67,True,True,No,No,No,No,No,No,No,Two year,True,Credit card (automatic),25.25,1733.15,No,0,61-72
1323-OOEPC,Female,0,True,False,53,True,True,Fiber optic,False,True,False,False,True,True,Month-to-month,True,Credit card (automatic),98.4,5149.5,Yes,1,49-60
3200-MNQTF,Male,0,True,False,67,True,True,DSL,True,True,True,True,False,False,Two year,False,Credit card (automatic),70.9,4677.1,No,0,61-72
6164-HXUGH,Female,0,True,True,6,True,False,No,No,No,No,No,No,No,Month-to-month,False,Mailed check,19.85,119.3,No,0,0-12
5630-IXDXV,Female,0,False,False,47,True,True,Fiber optic,False,True,True,False,True,True,Month-to-month,True,Electronic check,106.35,4849.1,No,0,37-48
0320-DWVTU,Female,0,False,False,53,True,False,Fiber optic,True,True,True,True,False,True,Two year,False,Mailed check,99.5,5424.25,No,0,49-60
9135-MGVPY,Male,0,True,False,69,True,False,DSL,True,True,True,True,True,True,Two year,True,Mailed check,84.7,5878.9,No,0,61-72
1212-GLHMD,Male,0,False,False,3,True,False,Fiber optic,True,False,False,False,False,True,Month-to-month,True,Mailed check,86.05,244.85,No,0,0-12
7878-JGDKK,Male,0,False,False,4,True,False,DSL,False,False,False,False,False,False,Month-to-month,False,Mailed check,44.55,220.75,No,0,0-12
1088-AUUZZ,Male,0,True,True,56,True,True,DSL,True,True,False,True,False,True,Two year,True,Credit card (automatic),75.85,4261.2,No,0,49-60
0397-GZBBC,Male,1,True,False,59,True,True,Fiber optic,False,False,False,False,True,True,Month-to-month,True,Bank transfer (automatic),93.85,5574.75,Yes,1,49-60
6614-YWYSC,Male,1,True,False,61,True,True,No,No,No,No,No,No,No,Two year,False,Bank transfer (automatic),25.0,1501.75,No,0,61-72
9588-OZDMQ,Female,0,True,False,2,True,False,DSL,False,False,False,False,False,False,Month-to-month,True,Electronic check,45.0,89.75,No,0,0-12
7641-EUYET,Male,1,True,True,46,True,True,Fiber optic,True,True,True,False,True,False,Month-to-month,True,Electronic check,100.7,4541.2,Yes,1,37-48
6476-EPYZR,Male,0,True,True,12,True,False,No,No,No,No,No,No,No,Month-to-month,False,Mailed check,20.5,255.5,No,0,0-12
9921-ZVRHG,Female,0,False,False,14,True,True,Fiber optic,False,False,True,False,False,False,Month-to-month,True,Electronic check,80.45,1072.0,Yes,1,13-24
1174-FGIFN,Female,0,True,True,28,True,True,Fiber optic,False,False,False,True,False,True,One year,True,Electronic check,90.45,2509.25,No,0,25-36
6620-HVDUJ,Male,0,False,False,24,True,False,DSL,True,True,False,True,False,False,Month-to-month,False,Bank transfer (automatic),60.45,1440.75,No,0,13-24
4701-MLJPN,Male,0,False,False,31,True,False,DSL,False,False,True,True,False,False,Month-to-month,True,Electronic check,55.25,1715.65,Yes,1,25-36
1032-MAELW,Female,0,True,True,68,True,True,DSL,True,True,True,True,False,True,One year,True,Electronic check,78.45,5333.35,No,0,61-72
7641-TQFHN,Male,0,False,True,39,True,True,Fiber optic,False,False,False,True,True,True,Two year,False,Mailed check,100.55,3895.35,No,0,37-48
1552-TKMXS,Female,0,True,False,42,True,False,No,No,No,No,No,No,No,Month-to-month,False,Credit card (automatic),20.35,869.9,No,0,37-48
9206-GVPEQ,Male,0,True,False,13,False,No,DSL,True,False,False,True,True,True,Month-to-month,True,Electronic check,54.45,706.85,Yes,1,13-24
8622-ZLFKO,Female,0,True,False,6,True,True,Fiber optic,False,True,False,False,False,True,Month-to-month,True,Electronic check,90.75,512.25,No,0,0-12
1596-BBVTG,Male,0,False,False,35,True,True,Fiber optic,False,False,False,False,False,False,Month-to-month,False,Credit card (automatic),75.35,2636.05,Yes,1,25-36
6188-UXBBR,Female,0,True,False,38,True,False,No,No,No,No,No,No,No,One year,True,Credit card (automatic),20.25,814.75,No,0,37-48
2333-KWEWW,Male,0,False,False,18,True,False,No,No,No,No,No,No,No,Two year,False,Credit card (automatic),20.05,388.6,No,0,13-24
5702-SKUOB,Female,0,True,False,4,True,False,No,No,No,No,No,No,No,Month-to-month,False,Mailed check,19.6,93.45,No,0,0-12
1134-YWTYF,Male,0,True,False,27,True,False,DSL,False,True,False,True,False,False,Month-to-month,True,Electronic check,53.8,1389.85,No,0,25-36
6061-GWWAV,Male,0,False,True,41,True,False,DSL,True,True,True,False,True,False,One year,False,Mailed check,70.2,2894.55,No,0,37-48
0679-TDGAK,Male,0,True,True,50,True,False,DSL,True,False,False,True,True,True,One year,False,Electronic check,75.5,4025.6,No,0,49-60
6585-WCEWR,Male,0,True,True,72,True,False,No,No,No,No,No,No,No,Two year,False,Electronic check,20.35,1354.4,No,0,61-72
9067-YGSCA,Female,0,False,False,70,True,True,No,No,No,No,No,No,No,One year,False,Credit card (automatic),26.05,1856.4,No,0,61-72
9067-SQTNS,Male,0,True,True,44,True,False,No,No,No,No,No,No,No,One year,False,Bank transfer (automatic),20.6,926.0,No,0,37-48
8433-WXGNA,Male,0,False,False,2,True,False,Fiber optic,True,False,False,False,False,False,Month-to-month,True,Electronic check,75.7,189.2,Yes,1,0-12
1776-SPBWV,Female,0,True,True,34,True,False,No,No,No,No,No,No,No,One year,True,Bank transfer (automatic),20.1,682.1,No,0,25-36
8735-SDUFN,Female,1,True,False,72,True,True,No,No,No,No,No,No,No,Two year,False,Bank transfer (automatic),24.3,1778.7,No,0,61-72
9668-PUGNU,Male,0,True,False,71,True,True,No,No,No,No,No,No,No,Two year,True,Electronic check,24.5,1816.2,No,0,61-72
9405-GPBBG,Female,0,False,False,64,True,True,Fiber optic,False,True,True,True,True,True,Two year,True,Credit card (automatic),110.5,7069.25,No,0,61-72
1926-QUZNN,Female,0,True,False,72,True,True,No,No,No,No,No,No,No,Two year,True,Bank transfer (automatic),25.25,1841.2,No,0,61-72
3707-GNWHM,Male,0,False,False,1,True,True,Fiber optic,False,False,False,False,False,False,Month-to-month,True,Mailed check,74.25,74.25,Yes,1,0-12
7016-NVRIC,Male,1,True,False,29,True,False,Fiber optic,True,False,True,False,False,True,One year,False,Bank transfer (automatic),90.1,2656.7,No,0,25-36
5829-NVSQN,Female,0,True,False,23,True,False,DSL,True,False,True,True,False,True,One year,True,Bank transfer (automatic),68.75,1689.45,No,0,13-24
9565-AXSMR,Male,0,True,True,52,True,False,No,No,No,No,No,No,No,Two year,False,Mailed check,19.2,1054.75,No,0,49-60
8922-LIEGH,Female,1,False,False,25,True,True,Fiber optic,False,True,False,False,False,True,Month-to-month,True,Electronic check,89.7,2187.55,Yes,1,25-36
8869-LIHMK,Female,0,False,False,64,True,True,Fiber optic,True,True,True,True,True,True,Two year,True,Bank transfer (automatic),115.1,7334.05,No,0,61-72
8245-UMPYT,Female,1,False,False,16,True,True,Fiber optic,False,False,False,False,True,True,Month-to-month,True,Electronic check,96.4,1581.2,Yes,1,13-24
5186-SAMNZ,Male,1,False,False,1,True,False,Fiber optic,False,False,False,False,False,False,Month-to-month,True,Bank transfer (automatic),69.5,69.5,Yes,1,0-12
0447-RXSGD,Male,0,False,False,24,True,True,Fiber optic,False,True,False,False,True,True,Month-to-month,True,Bank transfer (automatic),99.65,2404.85,No,0,13-24
4927-WWOOZ,Male,0,True,False,2,True,True,Fiber optic,False,False,True,False,True,False,Month-to-month,True,Electronic check,91.45,171.45,No,0,0-12
5788-YPOEG,Female,0,True,True,34,True,False,DSL,True,True,True,True,True,True,Two year,False,Mailed check,84.75,2839.45,No,0,25-36
5373-SFODM,Male,1,True,False,36,True,True,Fiber optic,False,False,False,False,False,True,Month-to-month,True,Credit card (automatic),85.25,3132.75,Yes,1,25-36
0661-KBKPA,Male,0,True,True,53,True,True,DSL,False,False,True,True,True,True,One year,True,Mailed check,78.75,3942.45,No,0,49-60
9081-WWXKP,Female,0,True,True,47,True,False,No,No,No,No,No,No,No,Two year,False,Credit card (automatic),20.25,873.4,No,0,37-48
0784-ZQJZX,Male,0,False,True,72,True,False,No,No,No,No,No,No,No,Two year,False,Credit card (automatic),19.9,1529.65,No,0,61-72
3133-PZNSR,Male,0,True,True,72,True,True,Fiber optic,True,True,False,True,False,True,Two year,True,Credit card (automatic),97.75,6991.6,No,0,61-72
5766-ZJYBB,Male,0,False,False,1,True,False,No,No,No,No,No,No,No,Month-to-month,False,Mailed check,19.4,19.4,Yes,1,0-12
8931-GJJIQ,Female,0,False,False,9,True,True,Fiber optic,False,False,False,False,False,True,Month-to-month,True,Electronic check,83.3,803.3,Yes,1,0-12
4277-PVRAN,Female,0,False,False,8,True,False,Fiber optic,False,False,False,False,True,False,Month-to-month,True,Bank transfer (automatic),80.1,679.3,Yes,1,0-12
0022-TCJCI,Male,1,False,False,45,True,False,DSL,True,False,True,False,False,True,One year,False,Credit card (automatic),62.7,2791.5,Yes,1,37-48
0722-SVSFK,Female,0,False,False,7,True,False,Fiber optic,False,False,True,True,True,True,Month-to-month,True,Electronic check,100.4,715.0,No,0,0-12
3612-YVGSJ,Female,0,True,False,71,True,True,No,No,No,No,No,No,No,Two year,True,Credit card (automatic),24.45,1681.6,No,0,61-72
9825-YCXWZ,Female,1,False,False,41,True,False,Fiber optic,False,False,True,True,True,True,One year,True,Bank transfer (automatic),101.1,4016.2,No,0,37-48
5397-NSKQG,Male,0,True,True,67,False,No,DSL,True,False,False,False,True,True,Two year,False,Credit card (automatic),50.9,3281.65,No,0,61-72
8565-HBFNN,Male,0,True,False,69,True,True,Fiber optic,True,True,True,True,False,True,One year,True,Credit card (automatic),107.2,7317.1,No,0,61-72
2000-DHJUY,Female,1,True,False,70,True,True,DSL,True,True,True,True,True,True,Two year,True,Bank transfer (automatic),92.2,6474.45,No,0,61-72
0203-HHYIJ,Male,0,False,False,25,True,True,No,No,No,No,No,No,No,One year,False,Bank transfer (automatic),25.3,676.35,Yes,1,25-36
8670-ERCJH,Male,0,False,False,72,True,True,Fiber optic,True,True,True,True,True,True,Two year,False,Bank transfer (automatic),113.4,8164.1,No,0,61-72
7758-UJWYS,Male,0,True,True,34,False,No,DSL,False,False,False,True,True,False,Two year,True,Electronic check,40.55,1325.85,No,0,25-36
2050-ONYDQ,Female,0,True,True,65,True,True,No,No,No,No,No,No,No,Two year,False,Credit card (automatic),26.0,1654.85,No,0,61-72
7055-JCGNI,Female,0,False,False,70,True,True,Fiber optic,True,True,True,True,True,True,Two year,True,Credit card (automatic),111.95,7795.95,No,0,61-72
0739-UUAJR,Female,0,True,True,72,False,No,DSL,True,False,True,False,True,True,Two year,True,Credit card (automatic),53.8,3952.45,No,0,61-72
4826-DXMUP,Male,0,False,True,35,True,False,DSL,False,False,False,True,True,True,One year,True,Mailed check,72.1,2495.15,No,0,25-36
0952-KMEEH,Male,0,False,False,13,True,True,Fiber optic,True,False,False,False,True,True,Month-to-month,False,Mailed check,98.15,1230.25,Yes,1,13-24
7285-KLOTR,Female,0,True,False,12,True,True,DSL,True,False,True,False,True,True,One year,False,Electronic check,78.85,876.75,No,0,0-12
0654-PQKDW,Female,0,True,True,62,True,False,DSL,True,False,True,True,True,False,One year,True,Bank transfer (automatic),70.75,4263.45,No,0,61-72
7175-NTIXE,Female,0,False,False,25,True,False,DSL,True,False,False,True,True,True,Month-to-month,True,Credit card (automatic),76.15,1992.95,No,0,25-36
7963-SHNDT,Female,0,False,False,52,False,No,DSL,True,True,False,True,False,False,Two year,False,Mailed check,39.1,1982.1,No,0,49-60
9796-BPKIW,Male,1,False,False,8,True,False,Fiber optic,False,False,False,False,False,False,Month-to-month,True,Credit card (automatic),69.95,562.7,No,0,0-12
0188-GWFLE,Male,0,False,False,2,True,False,No,No,No,No,No,No,No,Month-to-month,False,Mailed check,20.05,33.7,No,0,0-12
8129-GMVGI,Female,0,True,True,56,True,False,No,No,No,No,No,No,No,Two year,False,Mailed check,20.05,1090.1,No,0,49-60
2882-DDZPG,Female,0,False,False,12,True,False,No,No,No,No,No,No,No,Month-to-month,False,Bank transfer (automatic),19.45,227.45,No,0,0-12
3547-LQRIK,Female,0,True,False,47,True,True,No,No,No,No,No,No,No,One year,False,Electronic check,26.9,1250.85,No,0,37-48
9137-NOQKA,Male,1,False,False,2,True,False,No,No,No,No,No,No,No,Month-to-month,False,Electronic check,19.2,37.2,No,0,0-12
5843-TTHGI,Female,0,False,False,18,True,False,DSL,False,False,True,False,False,False,Month-to-month,True,Mailed check,50.0,892.7,No,0,13-24
1849-RJYIG,Female,0,False,False,8,True,False,DSL,True,False,False,False,True,False,Month-to-month,True,Electronic check,60.0,487.75,No,0,0-12
8868-GAGIO,Male,0,True,False,45,True,True,Fiber optic,True,False,True,False,False,False,Month-to-month,True,Mailed check,84.55,3713.95,No,0,37-48
4061-UKJWL,Male,0,False,False,3,True,False,DSL,False,False,False,False,False,False,Month-to-month,False,Mailed check,45.45,141.7,No,0,0-12
5380-XPJNZ,Female,0,False,False,38,True,False,No,No,No,No,No,No,No,One year,False,Mailed check,20.05,678.2,No,0,37-48
8263-QMNTJ,Male,0,True,False,72,True,True,Fiber optic,True,True,True,True,True,True,Two year,True,Electronic check,115.55,8425.3,No,0,61-72
8178-EYZUO,Male,0,False,False,46,True,True,Fiber optic,True,True,False,False,False,True,Month-to-month,True,Electronic check,93.7,4154.8,Yes,1,37-48
3230-JCNZS,Female,0,True,True,71,True,True,Fiber optic,True,True,True,False,True,False,Two year,True,Credit card (automatic),99.0,7061.65,No,0,61-72
0277-ORXQS,Male,0,True,True,66,False,No,DSL,False,False,False,True,True,True,Two year,False,Bank transfer (automatic),50.55,3364.55,No,0,61-72
5130-IEKQT,Male,1,False,False,25,True,True,Fiber optic,False,True,True,False,True,True,Month-to-month,False,Mailed check,105.95,2655.25,Yes,1,25-36
3230-WYKIR,Male,0,False,False,18,True,True,DSL,False,False,True,True,True,True,One year,True,Credit card (automatic),82.0,1425.45,Yes,1,13-24
7996-BPXHY,Female,0,True,True,13,True,True,No,No,No,No,No,No,No,Two year,True,Bank transfer (automatic),25.0,332.5,No,0,13-24
3227-WLKLI,Female,0,True,True,65,True,True,DSL,True,True,True,True,True,True,Two year,False,Bank transfer (automatic),91.55,5963.95,No,0,61-72
0407-BDJKB,Male,0,True,False,60,True,True,Fiber optic,False,True,True,False,True,False,Month-to-month,True,Electronic check,95.75,5742.9,Yes,1,49-60
2266-FUBDZ,Male,0,True,True,15,True,False,No,No,No,No,No,No,No,Two year,False,Mailed check,19.35,278.85,No,0,13-24
8237-ULIXL,Female,0,True,False,72,True,True,No,No,No,No,No,No,No,Two year,False,Credit card (automatic),24.85,1871.85,No,0,61-72
9600-UDOPK,Male,0,True,False,30,True,True,Fiber optic,False,False,False,False,True,True,Month-to-month,True,Credit card (automatic),94.05,2866.45,Yes,1,25-36
8216-AZUUZ,Female,0,True,True,42,True,False,Fiber optic,False,False,True,True,True,True,Two year,True,Electronic check,100.4,4303.65,No,0,37-48
9153-BTBVV,Female,0,True,False,71,True,True,No,No,No,No,No,No,No,Two year,False,Bank transfer (automatic),25.0,1753.0,No,0,61-72
4074-SJFFA,Female,0,False,False,1,True,False,DSL,False,False,False,False,False,True,Month-to-month,True,Mailed check,54.75,54.75,Yes,1,0-12
3269-ATYWD,Male,1,False,False,39,True,True,Fiber optic,False,False,False,False,True,True,Month-to-month,True,Bank transfer (automatic),95.65,3759.05,Yes,1,37-48
5186-PEIZU,Female,0,False,False,35,True,False,No,No,No,No,No,No,No,Month-to-month,False,Bank transfer (automatic),19.25,617.65,No,0,25-36
1074-AMIOH,Female,0,True,True,53,True,False,Fiber optic,False,True,True,True,True,True,Month-to-month,True,Bank transfer (automatic),108.25,5935.1,No,0,49-60
4910-GMJOT,Female,0,False,False,1,True,True,Fiber optic,False,False,False,False,True,True,Month-to-month,True,Electronic check,94.6,94.6,Yes,1,0-12
0354-WYROK,Female,1,True,True,31,True,False,Fiber optic,False,False,True,True,True,True,Month-to-month,True,Electronic check,98.9,2911.3,Yes,1,25-36
4361-FEBGN,Male,0,False,False,48,True,False,No,No,No,No,No,No,No,Two year,False,Credit card (automatic),20.15,982.95,No,0,37-48
7748-UMTRK,Female,1,False,True,30,True,True,Fiber optic,False,False,False,True,True,True,Month-to-month,True,Electronic check,101.3,2974.5,No,0,25-36
0380-ZCSBI,Male,0,False,False,10,True,False,No,No,No,No,No,No,No,Month-to-month,False,Credit card (automatic),20.0,198.7,No,0,0-12
7145-FEJWU,Female,0,False,True,12,True,True,Fiber optic,False,True,True,False,True,True,Month-to-month,True,Electronic check,105.3,1275.65,No,0,0-12
6463-MVYRY,Female,1,False,False,57,True,False,DSL,True,False,True,True,True,False,Two year,False,Bank transfer (automatic),69.85,4003.0,No,0,49-60
3969-JQABI,Female,0,True,False,58,True,False,DSL,True,True,False,False,True,False,Month-to-month,True,Credit card (automatic),65.25,3791.6,No,0,49-60
9624-EGDEQ,Female,0,False,False,37,True,False,No,No,No,No,No,No,No,Two year,False,Mailed check,19.8,813.3,No,0,37-48
1051-EQPZR,Female,0,True,True,44,True,False,No,No,No,No,No,No,No,Month-to-month,False,Mailed check,19.6,780.25,No,0,37-48
5849-ASHZJ,Male,0,False,True,27,True,False,No,No,No,No,No,No,No,One year,False,Credit card (automatic),20.05,552.9,No,0,25-36
5780-INQIK,Female,0,False,False,8,True,False,DSL,False,False,False,True,False,False,Month-to-month,False,Electronic check,49.4,408.25,No,0,0-12
7576-OYWBN,Male,1,False,False,3,True,True,Fiber optic,False,False,False,False,False,False,Month-to-month,True,Electronic check,76.05,231.8,Yes,1,0-12
4526-ZJJTM,Female,1,True,False,25,True,False,Fiber optic,False,True,True,False,False,True,Month-to-month,False,Bank transfer (automatic),88.4,2191.15,No,0,25-36
8384-FZBJK,Female,0,True,True,57,True,True,Fiber optic,False,True,False,False,True,True,Month-to-month,True,Electronic check,100.6,5611.7,No,0,49-60
3750-RNQKR,Female,0,False,False,12,True,False,No,No,No,No,No,No,No,Month-to-month,False,Mailed check,19.45,246.25,No,0,0-12
0962-CQPWQ,Female,0,True,True,62,True,False,No,No,No,No,No,No,No,Two year,False,Bank transfer (automatic),20.3,1296.15,No,0,61-72
3096-YXENJ,Female,0,True,False,65,True,True,Fiber optic,False,True,True,True,True,True,Two year,True,Bank transfer (automatic),107.65,7082.85,No,0,61-72
1265-BCFEO,Female,0,True,False,71,True,True,DSL,False,False,True,True,True,True,Two year,True,Bank transfer (automatic),80.45,5662.25,No,0,61-72
5837-LXSDN,Female,0,True,True,21,True,False,DSL,False,True,False,False,True,False,One year,True,Credit card (automatic),58.85,1215.45,No,0,13-24
5945-AZYHT,Male,0,True,False,71,True,True,Fiber optic,True,True,True,False,True,True,One year,True,Electronic check,109.6,7854.15,No,0,61-72
8325-QRPZR,Female,0,False,False,7,True,False,Fiber optic,False,False,True,False,False,False,Month-to-month,True,Electronic check,75.15,525.0,No,0,0-12
6384-VMJHP,Female,0,False,False,72,True,False,DSL,True,True,True,True,False,True,Two year,True,Credit card (automatic),73.0,5265.2,No,0,61-72
2262-SLNVK,Female,0,False,False,1,True,False,Fiber optic,False,False,False,False,False,False,Month-to-month,False,Electronic check,70.1,70.1,No,0,0-12
7730-CLDSV,Female,0,True,True,72,True,True,Fiber optic,False,True,True,True,False,True,Two year,True,Bank transfer (automatic),98.65,7129.45,No,0,61-72
1135-HIORI,Female,0,True,True,64,True,True,Fiber optic,False,True,True,True,True,True,One year,True,Electronic check,111.45,7266.95,No,0,61-72
0164-APGRB,Female,0,False,False,72,True,True,Fiber optic,True,True,True,True,True,True,Two year,True,Electronic check,114.9,8496.7,No,0,61-72
6481-ESCNL,Female,0,False,False,29,True,True,Fiber optic,False,False,True,False,True,True,Month-to-month,False,Bank transfer (automatic),100.55,2878.75,No,0,25-36
1790-NESIO,Female,0,False,False,13,True,False,No,No,No,No,No,No,No,Two year,True,Mailed check,20.4,261.3,No,0,13-24
1550-EENBN,Female,0,False,False,31,True,True,Fiber optic,True,True,False,False,True,True,Month-to-month,False,Electronic check,104.35,3205.6,No,0,25-36
5539-TMZLF,Male,1,False,False,1,True,False,Fiber optic,False,False,False,False,False,False,Month-to-month,True,Electronic check,69.75,69.75,Yes,1,0-12
4323-SADQS,Male,0,True,True,7,False,No,DSL,True,False,False,True,False,False,Month-to-month,True,Electronic check,34.5,279.25,Yes,1,0-12
4446-BZKHU,Male,0,True,False,61,True,True,Fiber optic,False,True,True,False,True,True,Month-to-month,True,Electronic check,105.55,6281.45,Yes,1,61-72
5202-IVJNU,Female,0,False,True,39,False,No,DSL,False,False,True,False,False,False,Month-to-month,False,Credit card (automatic),30.1,1131.3,Yes,1,37-48
5976-JCJRH,Male,0,True,False,10,True,False,Fiber optic,False,False,False,False,False,False,Month-to-month,True,Electronic check,70.3,738.2,Yes,1,0-12
8198-RKSZG,Female,0,True,True,14,True,True,DSL,False,True,False,True,True,True,Month-to-month,False,Credit card (automatic),80.45,1137.05,No,0,13-24
0137-OCGAB,Female,0,False,False,1,True,True,Fiber optic,False,True,False,False,False,False,Month-to-month,True,Mailed check,80.2,80.2,Yes,1,0-12
3351-NQLDI,Female,0,True,True,67,True,True,Fiber optic,True,False,False,True,False,True,One year,True,Credit card (automatic),94.35,6341.45,Yes,1,61-72
9297-EONCV,Female,0,False,False,72,True,True,DSL,True,True,True,True,True,True,Two year,True,Bank transfer (automatic),91.35,6697.2,No,0,61-72
7593-JNWRU,Male,0,True,True,6,True,False,DSL,False,False,False,False,False,False,Month-to-month,True,Bank transfer (automatic),44.6,260.8,Yes,1,0-12
4588-YBNIB,Female,0,False,False,1,True,False,No,No,No,No,No,No,No,Month-to-month,True,Mailed check,19.6,19.6,Yes,1,0-12
1069-QJOEE,Male,0,True,True,25,True,False,No,No,No,No,No,No,No,One year,False,Electronic check,19.9,505.45,No,0,25-36
3336-JORSO,Female,1,False,False,33,True,True,Fiber optic,False,True,True,True,True,True,Month-to-month,True,Electronic check,110.45,3655.45,Yes,1,25-36
7799-DSEWS,Male,0,False,False,18,True,False,DSL,True,False,True,True,True,False,Month-to-month,True,Electronic check,68.35,1299.8,No,0,13-24
8766-PAFNE,Male,0,True,False,71,True,False,DSL,False,True,True,True,True,True,Two year,True,Credit card (automatic),79.1,5564.85,No,0,61-72
5315-CKEQK,Male,1,True,True,28,True,True,DSL,False,False,False,False,False,False,One year,True,Electronic check,51.0,1381.8,No,0,25-36
3130-ICDUP,Female,0,False,True,2,True,True,Fiber optic,True,False,False,False,False,False,Month-to-month,False,Credit card (automatic),80.55,188.1,No,0,0-12
0820-FNRNX,Male,0,True,True,17,True,True,DSL,False,True,True,True,False,False,Month-to-month,True,Mailed check,66.7,1077.05,No,0,13-24
0880-FVFWF,Male,0,False,False,56,True,True,Fiber optic,True,True,False,False,False,False,Month-to-month,True,Electronic check,86.4,4922.4,No,0,49-60
4611-ANLQC,Female,0,True,False,60,False,No,DSL,True,True,True,False,False,True,One year,False,Electronic check,50.05,2911.5,No,0,49-60
4213-HKBJO,Female,0,False,False,33,True,True,No,No,No,No,No,No,No,Two year,False,Credit card (automatic),25.7,826.1,No,0,25-36
2792-LSHWX,Female,0,False,False,1,True,False,Fiber optic,True,True,False,True,False,False,Month-to-month,True,Mailed check,83.4,83.4,No,0,0-12
5028-GZLDO,Male,0,False,False,2,True,False,Fiber optic,False,False,False,False,False,False,Month-to-month,False,Credit card (automatic),70.7,140.7,Yes,1,0-12
0014-BMAQU,Male,0,True,False,63,True,True,Fiber optic,True,False,False,True,False,False,Two year,True,Credit card (automatic),84.65,5377.8,No,0,61-72
6861-XWTWQ,Male,1,True,False,7,True,True,Fiber optic,False,False,True,False,True,True,Month-to-month,True,Electronic check,99.25,665.45,Yes,1,0-12
9018-PCIOK,Female,0,False,False,55,True,False,DSL,False,True,True,False,False,True,Two year,True,Mailed check,64.75,3617.1,No,0,49-60
4837-QUSFT,Female,0,True,False,65,True,True,Fiber optic,True,True,False,True,True,False,One year,True,Bank transfer (automatic),100.15,6643.5,No,0,61-72
6877-TJMBR,Male,0,True,False,1,True,False,Fiber optic,False,False,False,True,True,False,Month-to-month,True,Electronic check,84.8,84.8,Yes,1,0-12
9953-ZMKSM,Male,0,False,False,63,True,True,No,No,No,No,No,No,No,Two year,False,Mailed check,25.25,1559.3,No,0,61-72
0907-HQNTS,Female,1,True,False,70,True,True,Fiber optic,True,True,True,True,True,True,Two year,True,Credit card (automatic),113.0,7987.6,No,0,61-72
7665-NKLAV,Female,0,True,True,36,False,No,DSL,True,False,True,True,False,False,Two year,False,Credit card (automatic),40.65,1547.35,No,0,25-36
6769-DCQLI,Male,0,False,False,52,True,False,Fiber optic,False,True,True,True,True,True,One year,True,Bank transfer (automatic),105.0,5426.85,Yes,1,49-60
2433-KMEAS,Male,0,False,False,22,True,True,DSL,True,False,False,False,False,False,Month-to-month,True,Electronic check,54.45,1127.35,Yes,1,13-24
4391-LNRXK,Male,0,False,False,22,True,False,Fiber optic,False,True,True,True,False,True,Month-to-month,True,Bank transfer (automatic),94.95,2142.8,No,0,13-24
8250-ZNGGW,Female,1,False,False,5,True,False,DSL,True,True,False,True,False,False,Month-to-month,False,Credit card (automatic),59.9,287.85,No,0,0-12
2195-ZRVAX,Female,0,True,False,47,True,False,Fiber optic,False,False,True,False,False,True,Month-to-month,True,Electronic check,85.3,4045.65,Yes,1,37-48
3550-SAHFP,Female,0,False,False,33,True,True,Fiber optic,False,False,False,False,False,True,Month-to-month,True,Electronic check,83.35,2757.85,Yes,1,25-36
2011-TRQYE,Male,0,False,False,18,False,No,DSL,False,True,True,False,False,False,Month-to-month,True,Credit card (automatic),33.5,600.0,Yes,1,13-24
8562-GHPPI,Female,0,False,False,1,True,False,No,No,No,No,No,No,No,Month-to-month,False,Credit card (automatic),19.8,19.8,No,0,0-12
5893-PYOLZ,Male,0,False,False,56,True,False,DSL,False,True,True,True,True,True,Two year,True,Credit card (automatic),81.8,4534.45,No,0,49-60
4986-MXSFP,Female,0,False,False,2,True,False,No,No,No,No,No,No,No,Month-to-month,True,Mailed check,20.0,40.9,No,0,0-12
6131-FOYAS,Male,0,False,False,35,True,True,DSL,True,False,True,False,False,False,Month-to-month,True,Electronic check,59.6,2094.9,No,0,25-36
3027-YNWZU,Female,0,True,False,64,True,True,No,No,No,No,No,No,No,Two year,False,Credit card (automatic),25.0,1584.8,No,0,61-72
5609-IMCGG,Female,0,False,False,15,True,True,Fiber optic,True,False,True,False,False,False,Month-to-month,True,Credit card (automatic),84.35,1302.65,No,0,13-24
4873-ILOLJ,Male,0,False,False,24,True,False,Fiber optic,False,False,False,False,True,True,Month-to-month,True,Electronic check,90.35,2238.5,Yes,1,13-24
4727-MCYZG,Male,0,False,False,1,True,False,DSL,False,False,False,False,False,True,Month-to-month,False,Mailed check,55.55,55.55,No,0,0-12
9481-WHGWY,Female,0,True,True,70,True,False,DSL,True,False,False,True,True,True,Two year,False,Credit card (automatic),75.35,5437.75,No,0,61-72
2725-KXXWT,Male,0,True,False,1,True,False,Fiber optic,False,False,False,False,True,True,Month-to-month,True,Electronic check,90.75,90.75,Yes,1,0-12
9565-DJPIB,Female,0,False,True,4,True,True,Fiber optic,False,True,False,False,True,False,Month-to-month,False,Mailed check,89.6,365.65,Yes,1,0-12
4328-VUFWD,Female,0,False,False,39,True,False,DSL,False,False,False,True,False,True,One year,False,Electronic check,59.3,2209.15,No,0,37-48
3301-LSLWQ,Female,0,False,False,29,True,True,DSL,True,False,False,False,False,True,Month-to-month,True,Electronic check,66.1,1912.15,No,0,25-36
7473-ZBDSN,Female,0,True,True,14,True,False,No,No,No,No,No,No,No,Two year,False,Mailed check,18.8,255.55,No,0,13-24
3166-PNEOF,Female,0,False,False,61,True,True,DSL,True,False,True,True,True,True,Two year,False,Credit card (automatic),86.45,5175.3,No,0,61-72
5639-NTUPK,Male,0,False,True,13,True,False,DSL,True,False,False,False,False,False,Month-to-month,True,Credit card (automatic),52.1,670.65,No,0,13-24
8780-YRMTT,Female,0,False,False,66,False,No,DSL,True,True,True,True,False,False,Two year,True,Mailed check,47.4,3177.25,No,0,61-72
8348-HFYIV,Male,0,False,False,2,False,No,DSL,False,False,True,False,True,True,Month-to-month,True,Electronic check,49.25,90.35,Yes,1,0-12
5140-FOMCQ,Female,0,True,False,59,True,True,Fiber optic,True,True,True,False,True,True,One year,True,Credit card (automatic),109.15,6557.75,No,0,49-60
6242-SGYTS,Male,0,True,True,62,True,True,Fiber optic,True,True,False,False,True,False,One year,True,Credit card (automatic),94.95,5791.85,No,0,61-72
8166-ORCHU,Male,1,True,False,33,True,False,Fiber optic,True,True,False,True,False,True,One year,True,Electronic check,93.55,3055.5,No,0,25-36
8414-OOEEL,Male,0,False,True,66,True,False,DSL,False,True,True,True,True,True,Two year,True,Credit card (automatic),79.5,5196.1,No,0,61-72
8454-AATJP,Female,0,False,False,72,True,True,Fiber optic,True,True,True,True,True,True,Two year,False,Credit card (automatic),115.05,8405.0,No,0,61-72
6849-WLEYG,Male,0,False,True,1,True,False,No,No,No,No,No,No,No,Month-to-month,False,Mailed check,19.75,19.75,Yes,1,0-12
4659-NZRUF,Female,0,False,False,19,True,True,Fiber optic,True,True,False,False,False,True,Month-to-month,True,Electronic check,95.15,1789.25,Yes,1,13-24
4531-AUZNK,Female,0,True,True,51,True,True,Fiber optic,True,False,False,True,True,False,One year,True,Mailed check,95.15,5000.05,No,0,49-60
4191-XOVOM,Male,0,False,False,63,True,True,Fiber optic,False,True,False,True,True,True,Month-to-month,False,Electronic check,105.4,6713.2,No,0,61-72
2150-OEGBV,Male,0,False,False,27,True,False,No,No,No,No,No,No,No,One year,False,Bank transfer (automatic),20.1,562.6,No,0,25-36
8429-XIBUM,Male,0,False,False,22,True,True,Fiber optic,True,False,False,False,True,True,Month-to-month,True,Bank transfer (automatic),101.35,2317.1,Yes,1,13-24
1855-CFULU,Female,1,False,False,4,True,False,No,No,No,No,No,No,No,Month-to-month,False,Mailed check,20.05,91.45,No,0,0-12
4878-BUNFV,Male,0,True,True,42,True,False,No,No,No,No,No,No,No,Two year,False,Mailed check,20.7,828.85,No,0,37-48
1872-EBWSC,Female,0,False,False,29,True,False,No,No,No,No,No,No,No,One year,False,Mailed check,20.35,617.35,No,0,25-36
2608-BHKFN,Female,0,False,False,4,True,False,Fiber optic,False,False,False,False,False,False,Month-to-month,True,Credit card (automatic),70.05,266.9,Yes,1,0-12
7026-YMSBE,Male,0,False,False,30,True,False,No,No,No,No,No,No,No,One year,False,Mailed check,19.7,625.05,No,0,25-36
7341-LXCAF,Male,0,True,False,4,True,True,Fiber optic,False,False,False,False,False,False,Month-to-month,True,Electronic check,74.65,301.4,Yes,1,0-12
6997-UVGOX,Male,0,True,True,71,True,False,DSL,True,True,True,True,True,True,Two year,False,Bank transfer (automatic),85.45,6029.9,No,0,61-72
9674-EHPPG,Male,0,True,False,46,False,No,DSL,True,False,True,True,False,False,Two year,False,Credit card (automatic),40.4,1842.7,No,0,37-48
9462-MJUAW,Male,0,False,False,4,True,True,DSL,False,False,False,False,False,False,Month-to-month,False,Mailed check,50.4,206.6,Yes,1,0-12
8128-YVJRG,Female,0,False,False,7,True,True,Fiber optic,True,False,False,False,False,False,Month-to-month,True,Mailed check,79.65,604.7,Yes,1,0-12
5440-VHLUL,Male,0,False,False,69,True,True,Fiber optic,False,True,False,True,True,True,One year,True,Bank transfer (automatic),105.2,7386.05,No,0,61-72
5781-BKHOP,Female,0,True,False,72,True,True,Fiber optic,True,True,True,False,True,False,Two year,False,Bank transfer (automatic),100.65,7334.05,No,0,61-72
4283-FUTGF,Male,1,False,False,19,True,True,Fiber optic,False,False,True,False,False,False,Month-to-month,True,Electronic check,79.85,1471.75,Yes,1,13-24
5213-TWWJU,Male,0,False,False,28,True,False,Fiber optic,False,False,True,True,False,True,Month-to-month,False,Electronic check,91.0,2626.15,No,0,25-36
1569-TTNYJ,Male,0,True,False,5,True,True,Fiber optic,False,True,False,False,False,False,Month-to-month,True,Electronic check,78.75,412.1,Yes,1,0-12
8628-MFKAX,Female,1,True,False,72,True,True,Fiber optic,True,True,True,True,True,True,Two year,True,Credit card (automatic),116.75,8277.05,No,0,61-72
2397-BRLOM,Male,1,True,True,8,True,False,Fiber optic,False,False,False,False,True,False,Month-to-month,True,Credit card (automatic),80.45,583.45,Yes,1,0-12
7629-WIXZF,Female,0,False,False,7,True,False,DSL,True,False,False,False,False,True,One year,True,Electronic check,59.1,369.25,No,0,0-12
5445-GLVOT,Female,0,False,False,22,True,False,DSL,True,False,False,False,False,False,Month-to-month,True,Electronic check,49.8,1049.05,No,0,13-24
3976-HXHCE,Male,0,False,False,72,True,False,No,No,No,No,No,No,No,Two year,False,Bank transfer (automatic),19.3,1414.8,No,0,61-72
2466-NEJOJ,Male,0,True,True,8,True,False,No,No,No,No,No,No,No,Month-to-month,False,Credit card (automatic),19.65,169.75,No,0,0-12
0254-KCJGT,Male,0,True,False,52,True,True,DSL,True,True,True,True,False,True,One year,True,Credit card (automatic),81.4,4354.45,No,0,49-60
5472-CVMDX,Female,0,False,False,68,False,No,DSL,True,False,True,True,False,False,Two year,False,Mailed check,38.9,2719.2,No,0,61-72
6461-SZMCV,Female,0,True,False,71,True,True,DSL,True,True,True,True,True,True,Two year,False,Bank transfer (automatic),87.95,6365.35,No,0,61-72
8150-QUDFX,Male,0,False,False,2,True,False,No,No,No,No,No,No,No,Month-to-month,False,Mailed check,19.85,51.6,No,0,0-12
9508-ILZDG,Female,1,False,False,34,True,True,Fiber optic,False,True,False,True,True,False,Month-to-month,True,Electronic check,96.35,3190.25,No,0,25-36
2346-DJQTB,Female,0,False,False,35,False,No,DSL,False,False,False,False,False,False,Month-to-month,False,Electronic check,24.15,812.5,No,0,25-36
1697-LYYYX,Female,0,True,True,61,True,False,No,No,No,No,No,No,No,One year,False,Credit card (automatic),19.1,1143.8,No,0,61-72
1942-OQFRW,Male,0,False,False,1,True,False,DSL,False,False,False,False,False,False,Month-to-month,False,Electronic check,44.0,44.0,No,0,0-12
4749-VFKVB,Female,0,False,False,1,True,True,DSL,False,False,False,False,False,False,Month-to-month,True,Mailed check,50.1,50.1,Yes,1,0-12
9640-ZSLDC,Female,0,True,True,53,True,False,DSL,False,False,True,False,False,True,One year,False,Credit card (automatic),60.6,3297.0,No,0,49-60
4231-LZUYM,Female,0,True,False,72,True,True,No,No,No,No,No,No,No,Two year,False,Bank transfer (automatic),25.65,1887.0,No,0,61-72
7598-UAASY,Male,0,True,False,2,True,False,Fiber optic,False,False,True,False,False,False,Month-to-month,False,Electronic check,76.4,151.8,Yes,1,0-12
7938-OUHIO,Male,0,False,False,3,True,False,Fiber optic,False,False,True,True,True,True,Month-to-month,True,Electronic check,98.7,293.65,Yes,1,0-12
8510-AWCXC,Female,1,False,False,13,True,True,Fiber optic,True,False,False,False,True,True,Month-to-month,True,Electronic check,100.8,1308.1,Yes,1,13-24
6128-AQBMT,Male,1,True,False,41,False,No,DSL,False,True,True,False,True,True,Month-to-month,True,Electronic check,53.95,2215.4,No,0,37-48
3594-BDSOA,Female,0,True,False,24,True,False,No,No,No,No,No,No,No,One year,False,Credit card (automatic),20.4,482.8,No,0,13-24
0431-APWVY,Female,0,True,True,28,True,False,Fiber optic,False,False,False,False,True,True,One year,True,Bank transfer (automatic),90.1,2598.95,Yes,1,25-36
5133-VRSAB,Male,0,False,False,8,False,No,DSL,True,False,False,False,False,False,Month-to-month,False,Mailed check,29.35,216.45,No,0,0-12
5996-DAOQL,Male,0,False,False,1,True,False,No,No,No,No,No,No,No,Month-to-month,True,Mailed check,20.45,20.45,No,0,0-12
6838-YAUVY,Female,0,False,False,54,True,True,Fiber optic,False,False,True,True,False,True,Two year,True,Bank transfer (automatic),95.1,5064.85,No,0,49-60
0484-JPBRU,Male,0,False,False,41,True,True,No,No,No,No,No,No,No,Month-to-month,True,Bank transfer (automatic),25.25,996.45,No,0,37-48
7883-ROJOC,Female,0,True,False,19,True,False,DSL,False,False,False,False,False,False,Month-to-month,False,Mailed check,44.9,839.65,No,0,13-24
0244-LGNFY,Female,0,True,True,72,True,True,DSL,True,True,True,True,True,True,Two year,False,Bank transfer (automatic),92.65,6733.0,No,0,61-72
7274-CGTOD,Male,0,False,False,62,False,No,DSL,True,True,True,True,False,False,Two year,True,Bank transfer (automatic),43.7,2618.3,No,0,61-72
4295-YURET,Female,1,True,True,56,True,False,DSL,True,False,False,True,True,True,Two year,True,Credit card (automatic),72.6,4084.35,No,0,49-60
3426-NIYYL,Male,0,False,False,15,True,True,DSL,False,False,False,False,False,False,Month-to-month,False,Electronic check,51.55,765.5,Yes,1,13-24
8225-BTJAU,Male,1,False,False,10,True,False,Fiber optic,False,False,False,False,False,True,Month-to-month,True,Electronic check,79.25,793.55,Yes,1,0-12
4635-EJYPD,Male,0,True,True,32,True,False,No,No,No,No,No,No,No,Two year,False,Mailed check,18.95,613.95,No,0,25-36
1866-ZSLJM,Male,0,False,False,21,True,False,No,No,No,No,No,No,No,Month-to-month,False,Credit card (automatic),20.5,402.85,No,0,13-24
4636-TVXVG,Male,0,True,True,62,True,False,No,No,No,No,No,No,No,One year,False,Bank transfer (automatic),19.95,1244.8,No,0,61-72
4236-UJPWO,Female,0,False,False,2,False,No,DSL,False,False,False,False,False,False,Month-to-month,False,Electronic check,24.5,46.4,No,0,0-12
9392-XBGTD,Male,0,False,True,27,True,False,No,No,No,No,No,No,No,Two year,False,Mailed check,20.6,581.85,No,0,25-36
3387-VATUS,Male,0,False,False,5,True,True,Fiber optic,False,False,False,False,True,True,Month-to-month,True,Bank transfer (automatic),94.85,462.8,Yes,1,0-12
6402-SSEJG,Female,0,False,False,25,False,No,DSL,True,True,True,False,True,True,One year,False,Electronic check,61.05,1540.2,No,0,25-36
1143-NMNQJ,Female,0,False,False,2,True,True,Fiber optic,False,False,False,False,False,True,Month-to-month,True,Electronic check,85.7,169.8,Yes,1,0-12
1169-SAOCL,Male,0,False,False,49,True,True,Fiber optic,False,True,False,True,True,True,One year,True,Bank transfer (automatic),106.65,5168.1,No,0,49-60
1110-KYLGQ,Female,0,False,False,63,True,True,Fiber optic,True,True,True,False,True,True,Month-to-month,False,Credit card (automatic),108.25,6780.1,No,0,61-72
9929-PLVPA,Female,0,False,True,4,True,False,No,No,No,No,No,No,No,Month-to-month,False,Credit card (automatic),20.4,94.5,No,0,0-12
3518-PZXZQ,Female,0,True,False,1,True,False,DSL,False,False,False,False,True,False,Month-to-month,True,Mailed check,55.3,55.3,No,0,0-12
2371-JUNGC,Male,0,False,False,11,True,False,No,No,No,No,No,No,No,Month-to-month,False,Mailed check,20.25,208.0,No,0,0-12
7693-QPEFS,Male,1,False,False,52,True,True,Fiber optic,False,False,False,False,False,False,Month-to-month,True,Bank transfer (automatic),72.95,3829.75,No,0,49-60
0924-BJCRC,Female,1,True,False,60,True,True,Fiber optic,False,True,False,False,False,True,Month-to-month,False,Electronic check,89.45,5294.6,No,0,49-60
5074-FBGHB,Male,0,False,False,64,True,True,Fiber optic,False,False,True,True,True,True,One year,True,Credit card (automatic),104.65,6889.8,No,0,61-72
2351-BKRZW,Female,0,True,True,43,True,False,DSL,True,False,True,False,True,True,Two year,False,Bank transfer (automatic),75.2,3254.35,No,0,37-48
4455-BFSPD,Female,0,True,False,61,True,True,Fiber optic,False,False,False,True,True,True,One year,False,Bank transfer (automatic),101.15,6383.9,No,0,61-72
0415-MOSGF,Female,0,False,False,1,True,False,DSL,False,False,False,False,False,False,Month-to-month,False,Mailed check,44.4,44.4,Yes,1,0-12
1724-BQUHA,Male,1,False,False,5,True,False,Fiber optic,False,False,False,False,True,True,Month-to-month,True,Electronic check,89.5,477.7,Yes,1,0-12
3948-KXDUF,Male,0,False,False,66,True,True,DSL,True,True,True,True,False,False,Two year,False,Bank transfer (automatic),68.75,4447.55,No,0,61-72
2323-ARSVR,Male,0,True,False,67,True,False,Fiber optic,True,True,True,True,True,True,Two year,True,Electronic check,111.05,7321.05,No,0,61-72
0815-MFZGM,Female,0,True,False,42,True,False,Fiber optic,False,False,True,True,True,True,Two year,True,Credit card (automatic),99.0,4135.0,No,0,37-48
4826-XTSOH,Male,1,True,False,1,True,True,Fiber optic,False,False,False,False,True,False,Month-to-month,True,Electronic check,86.05,86.05,Yes,1,0-12
5480-XTFFL,Female,0,True,True,31,True,False,No,No,No,No,No,No,No,Two year,False,Mailed check,21.0,697.7,No,0,25-36
8295-FHIVV,Male,0,False,False,7,True,False,No,No,No,No,No,No,No,Month-to-month,True,Mailed check,19.4,168.65,No,0,0-12
2495-INZWQ,Male,0,False,False,4,False,No,DSL,False,False,False,False,True,True,Month-to-month,True,Electronic check,44.55,174.3,Yes,1,0-12
9086-YJYXS,Male,0,True,True,34,True,True,DSL,False,False,True,False,True,True,One year,False,Bank transfer (automatic),77.2,2753.8,No,0,25-36
1179-INLAT,Male,0,False,False,3,True,False,No,No,No,No,No,No,No,One year,True,Mailed check,19.45,69.25,No,0,0-12
7909-FIOIY,Female,0,True,True,19,False,No,DSL,False,False,False,False,False,False,Month-to-month,True,Mailed check,24.85,434.8,No,0,13-24
4139-SUGLD,Male,0,True,True,31,False,No,DSL,True,False,False,True,False,False,Month-to-month,False,Bank transfer (automatic),35.4,1077.5,Yes,1,25-36
6857-VWJDT,Female,0,False,False,1,True,True,Fiber optic,False,False,False,False,True,True,Month-to-month,False,Mailed check,95.65,95.65,Yes,1,0-12
6351-SCJKT,Male,0,False,False,3,False,No,DSL,True,False,True,True,False,False,Month-to-month,False,Mailed check,41.35,107.25,No,0,0-12
5468-BPMMO,Male,0,True,False,46,True,False,No,No,No,No,No,No,No,Month-to-month,False,Electronic check,19.6,851.2,No,0,37-48
5624-BQSSA,Female,0,False,False,1,True,False,No,No,No,No,No,No,No,Month-to-month,False,Mailed check,20.95,20.95,Yes,1,0-12
0197-PNKNK,Female,0,True,True,69,True,True,Fiber optic,True,False,True,False,False,False,One year,False,Bank transfer (automatic),84.45,5848.6,No,0,61-72
2439-QKJUL,Male,0,False,False,5,True,False,No,No,No,No,No,No,No,Month-to-month,False,Mailed check,20.25,109.8,No,0,0-12
1194-SPVSP,Male,0,False,False,1,True,False,No,No,No,No,No,No,No,Month-to-month,False,Bank transfer (automatic),19.65,19.65,No,0,0-12
9534-NSXEM,Male,0,False,False,26,True,False,No,No,No,No,No,No,No,One year,True,Credit card (automatic),20.65,595.5,No,0,25-36
2408-WITXK,Female,1,False,False,10,False,No,DSL,False,False,False,False,False,True,Month-to-month,True,Electronic check,34.7,329.8,Yes,1,0-12
8929-KSWIH,Male,0,False,False,25,True,False,Fiber optic,False,False,True,True,True,True,Two year,False,Bank transfer (automatic),99.3,2513.5,No,0,25-36
2250-IVBWA,Male,0,True,True,64,True,False,Fiber optic,True,True,False,False,False,False,Month-to-month,False,Electronic check,81.05,5135.35,No,0,61-72
1810-MVMAI,Male,0,True,True,30,True,True,DSL,True,True,True,True,False,False,Month-to-month,False,Electronic check,67.6,2000.2,No,0,25-36
9506-UXUSK,Male,0,False,False,13,True,False,Fiber optic,False,False,False,False,False,False,Month-to-month,True,Electronic check,70.15,931.75,No,0,13-24
1229-RCALF,Female,0,True,False,64,True,True,Fiber optic,True,True,True,True,True,True,One year,True,Electronic check,115.0,7396.15,No,0,61-72
3572-UOLYZ,Female,0,False,True,46,True,True,Fiber optic,False,False,True,True,False,False,Month-to-month,True,Bank transfer (automatic),84.8,3958.85,No,0,37-48
1429-UYJSV,Female,0,False,False,12,True,False,No,No,No,No,No,No,No,One year,False,Mailed check,19.7,260.9,No,0,0-12
5577-OTWWW,Female,0,False,False,15,True,False,No,No,No,No,No,No,No,Month-to-month,False,Bank transfer (automatic),19.75,297.3,Yes,1,13-24
6100-QQHEB,Male,0,True,True,17,True,True,Fiber optic,False,False,False,False,True,True,Month-to-month,True,Electronic check,92.55,1515.1,Yes,1,13-24
6366-XIVKZ,Female,0,True,True,13,True,False,DSL,True,False,True,False,False,True,Month-to-month,True,Mailed check,63.15,816.8,No,0,13-24
3470-OBUET,Female,0,True,True,67,True,True,DSL,True,True,False,True,True,False,Two year,False,Credit card (automatic),74.0,4868.4,No,0,61-72
2770-NSVDG,Male,0,True,False,24,False,No,DSL,False,False,True,False,False,False,Month-to-month,False,Electronic check,29.1,688.0,No,0,13-24
9375-MHRRS,Male,0,False,False,6,True,False,DSL,False,False,False,True,False,False,Month-to-month,False,Mailed check,50.05,288.35,No,0,0-12
2634-HCZGT,Male,1,True,False,53,True,True,DSL,True,False,False,True,False,False,One year,True,Electronic check,60.05,3229.65,Yes,1,49-60
7503-QQRVF,Male,1,True,False,16,True,False,Fiber optic,False,True,False,False,False,False,Month-to-month,True,Credit card (automatic),74.3,1178.25,Yes,1,13-24
4860-YZGZM,Male,0,False,False,10,True,False,No,No,No,No,No,No,No,Month-to-month,False,Electronic check,20.0,185.4,No,0,0-12
6599-GZWCM,Female,0,False,False,13,True,False,Fiber optic,False,True,False,False,False,False,One year,True,Mailed check,74.65,966.25,No,0,13-24
2691-NZETQ,Male,0,False,False,9,True,True,Fiber optic,False,False,False,False,True,False,Month-to-month,True,Electronic check,85.35,758.6,Yes,1,0-12
4404-HIBDJ,Female,0,False,False,25,True,False,DSL,True,True,True,True,True,False,One year,False,Mailed check,74.3,1863.8,Yes,1,25-36
5533-NHFRF,Male,1,False,False,7,False,No,DSL,False,True,False,True,False,True,Month-to-month,True,Electronic check,44.4,265.8,No,0,0-12
7037-MTYVW,Male,0,True,True,38,True,True,DSL,True,False,True,True,True,True,Two year,True,Bank transfer (automatic),85.4,3297.0,No,0,37-48
4760-THGOT,Female,0,True,False,43,True,True,Fiber optic,True,True,False,False,False,True,Month-to-month,True,Electronic check,94.1,4107.3,No,0,37-48
7295-JOMMD,Female,0,False,True,4,True,False,Fiber optic,False,False,True,True,True,True,Month-to-month,True,Bank transfer (automatic),98.1,396.3,Yes,1,0-12
4016-BJKTZ,Female,0,False,False,25,True,True,Fiber optic,False,True,True,True,True,True,Two year,False,Electronic check,108.9,2809.05,No,0,25-36
6584-VQMYT,Male,0,False,True,27,True,False,DSL,True,True,False,False,False,False,One year,False,Mailed check,56.2,1567.55,No,0,25-36
9838-BFCQT,Male,0,True,True,72,True,True,No,No,No,No,No,No,No,Two year,False,Mailed check,26.1,1851.45,No,0,61-72
2790-XUYMV,Male,0,False,True,71,True,True,Fiber optic,True,True,False,False,False,False,One year,True,Credit card (automatic),85.45,6028.95,No,0,61-72
0581-MDMPW,Female,0,False,False,24,True,True,Fiber optic,False,False,True,False,True,False,Month-to-month,True,Credit card (automatic),88.95,2072.75,No,0,13-24
5013-SBUIH,Female,0,False,False,50,True,True,Fiber optic,True,True,False,True,True,True,Two year,True,Electronic check,109.65,5551.15,Yes,1,49-60
1023-BQXZE,Male,0,False,False,57,True,False,DSL,True,False,True,False,True,True,Two year,True,Bank transfer (automatic),74.35,4317.35,No,0,49-60
9163-GHAYE,Female,0,False,False,15,True,False,DSL,False,True,False,False,False,False,Month-to-month,False,Electronic check,48.85,736.8,No,0,13-24
3904-UKFRE,Male,0,False,False,4,True,True,Fiber optic,True,False,False,False,False,False,Month-to-month,True,Electronic check,80.1,336.15,No,0,0-12
5353-WILCI,Female,0,False,False,28,True,False,DSL,True,True,False,False,False,False,Month-to-month,False,Electronic check,56.05,1522.65,No,0,25-36
0709-TVGUR,Female,1,False,False,9,True,True,Fiber optic,False,False,False,False,False,False,Month-to-month,True,Electronic check,74.55,622.9,Yes,1,0-12
0058-EVZWM,Female,0,True,False,55,True,True,Fiber optic,True,False,False,False,True,False,Month-to-month,True,Bank transfer (automatic),89.8,4959.6,No,0,49-60
6023-YEBUP,Male,0,False,False,3,True,True,Fiber optic,False,False,True,False,True,True,Month-to-month,True,Electronic check,100.95,329.95,Yes,1,0-12
7209-JCUDS,Male,0,False,False,10,True,False,Fiber optic,False,False,True,False,True,True,Month-to-month,True,Electronic check,94.9,1048.85,Yes,1,0-12
7009-PCARS,Male,0,False,True,55,True,False,No,No,No,No,No,No,No,One year,False,Bank transfer (automatic),19.1,1001.5,No,0,49-60
0519-DRGTI,Female,0,True,True,20,True,False,No,No,No,No,No,No,No,Month-to-month,False,Mailed check,20.35,442.6,No,0,13-24
1017-FBQMM,Female,0,True,True,62,True,True,Fiber optic,False,True,False,True,True,True,One year,True,Credit card (automatic),106.05,6703.5,No,0,61-72
3001-CBHLQ,Male,1,True,False,32,True,True,Fiber optic,False,False,True,True,True,True,Month-to-month,True,Electronic check,104.9,3351.55,Yes,1,25-36
1985-MBRYP,Female,0,False,False,43,True,False,No,No,No,No,No,No,No,Two year,True,Bank transfer (automatic),19.65,779.25,No,0,37-48
6158-DWPZT,Male,0,True,False,9,False,No,DSL,False,False,False,False,False,False,One year,False,Bank transfer (automatic),24.1,259.8,Yes,1,0-12
9372-TXXPS,Female,0,True,False,60,True,False,DSL,True,True,False,True,False,False,Two year,False,Bank transfer (automatic),59.85,3483.45,No,0,49-60
3259-QMXUN,Male,0,True,False,58,True,True,DSL,True,True,True,False,True,True,Two year,True,Electronic check,86.1,4890.5,No,0,49-60
1015-JPFYW,Male,0,False,True,7,True,False,No,No,No,No,No,No,No,One year,False,Mailed check,19.45,136.75,No,0,0-12
6645-MXQJT,Male,0,True,True,2,True,False,Fiber optic,True,False,False,False,True,True,Month-to-month,False,Electronic check,97.1,184.15,No,0,0-12
4360-QRAVE,Male,1,False,False,37,False,No,DSL,False,True,True,False,False,False,Month-to-month,False,Electronic check,36.65,1315.0,No,0,37-48
8433-WPJTV,Female,1,True,True,65,True,True,Fiber optic,False,False,True,True,True,True,One year,True,Bank transfer (automatic),103.9,6767.1,No,0,61-72
5804-JMYIO,Female,0,True,True,39,True,False,No,No,No,No,No,No,No,Two year,False,Mailed check,19.75,757.95,No,0,37-48
3763-GCZHZ,Male,0,True,False,66,True,True,Fiber optic,False,True,False,True,True,True,One year,True,Electronic check,104.05,6890.0,Yes,1,61-72
6484-LATFU,Male,0,False,False,68,True,True,No,No,No,No,No,No,No,Two year,False,Mailed check,24.55,1657.4,No,0,61-72
7599-NTMDP,Female,0,True,True,62,False,No,DSL,True,True,False,True,True,False,Two year,False,Bank transfer (automatic),48.7,3008.55,No,0,61-72
0772-GYEQQ,Male,0,False,False,3,True,False,Fiber optic,False,False,True,True,True,False,Month-to-month,True,Mailed check,88.35,262.05,Yes,1,0-12
0536-ACXIP,Female,0,True,False,72,True,True,Fiber optic,True,True,True,False,True,True,Two year,True,Electronic check,109.55,8165.1,No,0,61-72
0936-NQLJU,Female,0,True,False,41,True,False,No,No,No,No,No,No,No,Two year,False,Credit card (automatic),20.65,875.55,No,0,37-48
4831-EOBFE,Male,0,True,True,29,True,False,Fiber optic,True,False,False,False,True,True,Month-to-month,False,Credit card (automatic),94.65,2649.15,Yes,1,25-36
1575-KRZZE,Female,0,False,False,4,True,False,DSL,True,True,False,False,False,False,Month-to-month,False,Electronic check,55.2,220.65,No,0,0-12
3251-YMVWZ,Male,0,False,False,53,True,True,No,No,No,No,No,No,No,One year,False,Bank transfer (automatic),24.05,1301.9,No,0,49-60
4102-OQUPX,Male,1,True,False,1,True,True,Fiber optic,False,False,False,False,False,False,Month-to-month,True,Electronic check,74.4,74.4,Yes,1,0-12
9170-GYZJC,Female,0,True,True,41,True,True,DSL,True,True,True,True,False,True,Month-to-month,False,Credit card (automatic),79.9,3326.2,Yes,1,37-48
4884-LEVMQ,Male,0,True,False,39,True,False,No,No,No,No,No,No,No,Two year,True,Bank transfer (automatic),20.45,790.0,No,0,37-48
8857-CUPFQ,Male,0,True,False,63,True,False,No,No,No,No,No,No,No,Two year,False,Mailed check,19.25,1237.65,No,0,61-72
7610-TVOPG,Male,0,False,False,15,True,True,No,No,No,No,No,No,No,Month-to-month,True,Electronic check,26.35,378.6,No,0,13-24
3638-DIMPH,Female,0,True,False,13,True,False,DSL,False,False,False,False,False,False,One year,False,Electronic check,43.8,592.65,No,0,13-24
1845-ZLLIG,Male,0,False,False,1,True,False,DSL,False,True,False,False,False,False,Month-to-month,True,Mailed check,50.15,50.15,No,0,0-12
8559-WNQZS,Male,0,False,False,1,True,False,No,No,No,No,No,No,No,Two year,False,Mailed check,20.45,20.45,No,0,0-12
3999-QGRJH,Male,1,False,False,8,True,False,Fiber optic,False,False,False,False,False,False,Month-to-month,True,Electronic check,69.7,560.85,Yes,1,0-12
1699-UOTXU,Male,0,False,False,60,True,False,DSL,True,True,True,False,False,False,Two year,False,Electronic check,61.4,3638.25,No,0,49-60
2454-RPBRZ,Female,1,True,False,12,True,True,Fiber optic,False,True,True,False,True,False,Month-to-month,True,Electronic check,98.1,1060.2,Yes,1,0-12
0635-WKOLD,Male,0,True,False,40,True,True,DSL,False,True,False,True,True,False,One year,False,Credit card (automatic),70.75,2921.75,No,0,37-48
5993-JSUWV,Female,0,False,False,66,True,False,DSL,True,True,True,False,False,False,Two year,True,Bank transfer (automatic),61.15,4017.45,No,0,61-72
4518-FZBSX,Male,0,True,True,42,True,False,No,No,No,No,No,No,No,One year,False,Mailed check,20.25,854.9,No,0,37-48
5387-ASZNZ,Female,1,False,False,66,True,True,DSL,True,True,False,True,False,False,One year,True,Credit card (automatic),63.85,4174.35,No,0,61-72
6988-CJEYV,Male,0,False,False,49,True,True,Fiber optic,False,True,False,False,True,True,Month-to-month,False,Electronic check,98.7,4920.55,No,0,49-60
2002-MZHWP,Female,0,False,False,1,True,False,No,No,No,No,No,No,No,Month-to-month,False,Mailed check,20.5,20.5,Yes,1,0-12
3097-FQTVJ,Female,0,False,False,41,True,False,No,No,No,No,No,No,No,Two year,False,Mailed check,20.0,810.3,No,0,37-48
5465-BUBFA,Female,0,True,True,41,True,False,No,No,No,No,No,No,No,Two year,False,Bank transfer (automatic),19.3,772.4,No,0,37-48
7299-GNVPL,Female,0,True,True,23,True,False,Fiber optic,True,True,False,True,False,False,Month-to-month,False,Mailed check,84.4,1936.85,No,0,13-24
9743-DQKQW,Male,0,False,False,3,False,No,DSL,False,False,False,False,False,False,Month-to-month,False,Electronic check,25.1,79.8,No,0,0-12
1215-VFYVK,Female,0,False,False,4,False,No,DSL,True,False,True,True,False,True,Month-to-month,False,Mailed check,48.25,202.25,No,0,0-12
9371-BITHB,Female,0,True,True,52,True,False,No,No,No,No,No,No,No,Two year,False,Mailed check,19.85,1070.5,No,0,49-60
2265-CYWIV,Female,1,True,False,4,True,True,Fiber optic,True,False,False,False,True,True,Month-to-month,True,Electronic check,99.6,347.65,Yes,1,0-12
9093-FPDLG,Female,0,False,False,11,True,False,Fiber optic,False,True,True,True,False,True,Month-to-month,True,Electronic check,94.2,999.9,No,0,0-12
0541-FITGH,Female,0,True,False,2,True,False,DSL,True,False,False,False,False,True,Month-to-month,True,Mailed check,62.15,113.1,No,0,0-12
6985-HAYWX,Female,0,True,False,26,True,True,Fiber optic,False,True,False,False,False,False,Month-to-month,False,Bank transfer (automatic),79.3,2015.8,No,0,25-36
7508-KBIMB,Male,0,True,True,24,True,False,DSL,True,False,True,False,False,False,One year,True,Credit card (automatic),56.25,1454.25,No,0,13-24
6838-HVLXG,Female,0,False,False,12,True,False,No,No,No,No,No,No,No,Month-to-month,False,Mailed check,20.3,246.7,No,0,0-12
2277-DJJDL,Male,1,True,False,60,True,True,Fiber optic,False,False,False,True,True,True,Month-to-month,True,Electronic check,99.0,6017.9,No,0,49-60
1897-OKVMW,Female,0,True,True,64,True,True,DSL,True,True,True,True,True,True,Two year,True,Mailed check,90.6,5817.45,No,0,61-72
5485-ITNPC,Male,0,True,False,66,True,False,DSL,True,True,True,True,True,True,Two year,True,Bank transfer (automatic),85.9,5595.3,No,0,61-72
0233-FTHAV,Female,0,False,False,60,True,True,Fiber optic,False,False,True,False,False,False,One year,True,Bank transfer (automatic),79.2,4765.0,No,0,49-60
4644-PIZRT,Male,0,True,True,17,True,True,DSL,True,False,True,False,True,False,One year,True,Bank transfer (automatic),70.35,1201.65,No,0,13-24
8922-NPKBJ,Male,0,True,True,42,True,False,No,No,No,No,No,No,No,Two year,False,Mailed check,19.35,867.3,No,0,37-48
2740-TVLFN,Male,0,False,False,1,True,True,DSL,False,False,False,False,False,False,Month-to-month,True,Electronic check,50.15,50.15,No,0,0-12
7771-CFQRQ,Female,0,True,True,47,True,False,DSL,False,True,False,True,False,True,Two year,False,Bank transfer (automatic),63.8,3007.25,No,0,37-48
9512-PHSMG,Female,0,True,False,10,True,False,No,No,No,No,No,No,No,Month-to-month,True,Mailed check,20.55,252.75,No,0,0-12
6963-EZQEE,Male,1,True,False,70,True,True,DSL,True,True,True,True,True,True,Two year,True,Credit card (automatic),88.55,6306.5,No,0,61-72
2452-KDRRH,Male,1,False,False,67,True,True,Fiber optic,False,False,True,False,True,True,Month-to-month,True,Credit card (automatic),101.4,6841.05,No,0,61-72
2004-OCQXK,Female,0,False,False,1,True,False,Fiber optic,False,False,False,False,False,True,Month-to-month,True,Electronic check,81.95,81.95,Yes,1,0-12
5027-QPKTE,Male,0,True,False,7,True,False,Fiber optic,False,False,False,False,False,False,Month-to-month,True,Electronic check,69.35,451.1,Yes,1,0-12
4146-SVFUD,Male,0,False,False,1,True,False,DSL,False,False,False,False,False,False,Month-to-month,False,Mailed check,44.6,44.6,No,0,0-12
1564-HJUVY,Male,0,False,False,4,True,False,DSL,False,True,False,True,True,False,Month-to-month,True,Bank transfer (automatic),63.75,226.2,No,0,0-12
3617-XLSGQ,Female,0,True,True,66,True,True,Fiber optic,True,True,True,False,True,True,Two year,False,Bank transfer (automatic),109.25,7082.5,No,0,61-72
7517-LDMPS,Female,0,False,False,12,True,False,Fiber optic,False,True,False,False,False,True,Month-to-month,True,Electronic check,84.6,1017.35,No,0,0-12
7244-KXYZN,Female,0,False,False,24,True,False,No,No,No,No,No,No,No,One year,False,Credit card (automatic),20.45,527.35,No,0,13-24
5226-NOZFC,Male,0,False,False,26,True,False,Fiber optic,False,True,False,False,True,False,Month-to-month,True,Electronic check,85.75,2146.5,No,0,25-36
2672-HUYVI,Female,0,False,False,6,True,False,Fiber optic,False,False,False,False,True,True,Month-to-month,True,Electronic check,91.1,455.3,Yes,1,0-12
1400-WIVLL,Male,0,True,False,57,True,True,Fiber optic,False,False,True,True,True,True,Two year,False,Electronic check,107.95,5969.85,No,0,49-60
7508-MYBOG,Male,0,True,False,14,True,True,Fiber optic,False,False,False,False,True,False,Month-to-month,True,Electronic check,86.1,1235.55,Yes,1,13-24
8148-NLEGT,Female,0,True,True,42,True,True,No,No,No,No,No,No,No,Two year,False,Electronic check,22.95,1014.25,No,0,37-48
0148-DCDOS,Male,0,False,False,25,True,True,Fiber optic,False,False,False,False,True,True,Month-to-month,True,Bank transfer (automatic),94.7,2362.1,Yes,1,25-36
8347-GDTMP,Female,0,True,False,64,True,False,No,No,No,No,No,No,No,Two year,False,Credit card (automatic),19.45,1225.65,No,0,61-72
9992-RRAMN,Male,0,True,False,22,True,True,Fiber optic,False,False,False,False,False,True,Month-to-month,True,Electronic check,85.1,1873.7,Yes,1,13-24
6746-WAUWT,Male,0,False,False,19,True,False,No,No,No,No,No,No,No,One year,True,Credit card (automatic),19.7,386.5,No,0,13-24
0310-MVLET,Female,0,True,True,61,True,True,Fiber optic,False,True,False,False,True,True,Month-to-month,True,Electronic check,99.15,6010.05,Yes,1,61-72
0428-IKYCP,Male,0,True,False,22,True,False,Fiber optic,False,False,True,False,True,False,Month-to-month,True,Bank transfer (automatic),87.0,1850.65,No,0,13-24
4550-VBOFE,Male,1,True,False,70,True,True,Fiber optic,False,True,True,False,True,True,Month-to-month,True,Electronic check,102.95,7101.5,Yes,1,61-72
2187-PKZAY,Male,0,False,False,12,True,False,Fiber optic,False,False,False,False,False,True,Month-to-month,True,Bank transfer (automatic),79.95,1043.4,No,0,0-12
4003-OCTMP,Female,0,True,False,31,True,False,DSL,True,False,False,True,False,True,One year,True,Electronic check,64.0,1910.75,No,0,25-36
6652-YFFJO,Female,0,False,False,11,True,False,DSL,False,False,False,False,True,True,Month-to-month,True,Electronic check,64.9,716.1,No,0,0-12
7225-IILWY,Male,0,True,True,68,True,True,No,No,No,No,No,No,No,Two year,False,Mailed check,25.75,1686.15,No,0,61-72
5248-RPYWW,Female,1,True,True,72,True,True,DSL,True,True,True,True,True,True,Two year,True,Bank transfer (automatic),90.15,6716.45,No,0,61-72
7923-IYJWY,Male,1,False,False,67,True,True,Fiber optic,True,True,True,True,True,True,Two year,True,Credit card (automatic),116.1,7839.85,No,0,61-72
3170-GWYKC,Female,0,False,False,60,True,False,Fiber optic,True,False,True,True,True,True,Month-to-month,True,Bank transfer (automatic),104.95,6236.75,No,0,49-60
5696-QURRL,Male,0,False,False,1,True,False,DSL,False,False,False,False,False,False,Month-to-month,True,Mailed check,45.05,45.05,Yes,1,0-12
7409-KIUTL,Female,1,False,True,1,True,False,Fiber optic,False,False,False,False,False,False,Month-to-month,True,Electronic check,71.0,71.0,Yes,1,0-12
9830-ECLEN,Male,0,True,True,58,False,No,DSL,True,True,True,False,True,False,One year,False,Mailed check,50.0,2919.85,No,0,49-60
1732-VHUBQ,Female,1,True,True,47,True,False,Fiber optic,False,False,False,False,False,False,Month-to-month,False,Bank transfer (automatic),70.55,3309.25,Yes,1,37-48
0495-RVCBF,Female,0,False,False,1,True,False,Fiber optic,False,False,False,False,False,True,Month-to-month,True,Electronic check,79.7,79.7,Yes,1,0-12
2668-TZSPS,Male,0,False,False,1,True,False,No,No,No,No,No,No,No,Month-to-month,False,Mailed check,20.45,20.45,No,0,0-12
7854-EDSSA,Male,0,False,False,22,True,True,DSL,True,True,False,False,False,False,Month-to-month,False,Electronic check,59.0,1254.7,Yes,1,13-24
8869-TORSS,Female,0,False,False,48,True,False,DSL,True,False,True,True,False,False,One year,True,Credit card (automatic),60.35,2896.4,Yes,1,37-48
7446-SFAOA,Female,0,True,False,37,True,False,No,No,No,No,No,No,No,One year,True,Bank transfer (automatic),19.85,717.5,No,0,37-48
9522-ZSINC,Male,0,False,False,13,True,False,No,No,No,No,No,No,No,One year,True,Electronic check,19.95,253.8,No,0,13-24
8234-GSZYK,Male,0,False,False,43,True,True,No,No,No,No,No,No,No,Two year,False,Bank transfer (automatic),26.45,1110.05,No,0,37-48
6505-OZNPG,Female,0,False,False,6,False,No,DSL,True,True,True,True,True,True,Two year,True,Mailed check,63.4,348.8,No,0,0-12
6164-HAQTX,Male,0,False,False,71,False,No,DSL,True,True,True,True,True,False,Two year,False,Bank transfer (automatic),53.95,3888.65,No,0,61-72
0679-IDSTG,Female,1,True,True,1,True,False,Fiber optic,False,False,False,False,False,False,Month-to-month,True,Electronic check,69.25,69.25,Yes,1,0-12
7765-LWVVH,Female,0,True,True,72,True,True,Fiber optic,True,True,False,False,True,False,Two year,True,Electronic check,95.1,6843.15,No,0,61-72
1658-TJVOA,Female,1,False,False,6,True,False,Fiber optic,True,False,False,False,False,False,Month-to-month,True,Electronic check,74.1,450.9,No,0,0-12
0953-LGOVU,Male,0,True,True,12,False,No,DSL,False,True,False,True,False,False,Month-to-month,False,Mailed check,35.5,432.25,No,0,0-12
2115-BFTIW,Male,0,False,False,25,True,False,Fiber optic,False,False,False,False,False,False,Month-to-month,False,Mailed check,70.95,1767.35,Yes,1,25-36
4692-NNQRU,Female,0,True,False,21,True,False,Fiber optic,False,False,True,True,False,False,One year,False,Electronic check,79.2,1742.45,No,0,13-24
7742-MYPGI,Female,0,True,True,6,True,False,DSL,False,False,False,True,False,False,Month-to-month,True,Mailed check,48.8,297.35,No,0,0-12
0611-DFXKO,Male,0,True,False,20,True,False,Fiber optic,False,False,False,False,True,True,Month-to-month,True,Mailed check,89.0,1820.45,Yes,1,13-24
7780-OTDSO,Male,0,True,False,18,True,True,Fiber optic,True,False,False,False,True,True,Month-to-month,True,Electronic check,99.4,1742.95,Yes,1,13-24
9619-GSATL,Female,0,False,False,43,True,False,DSL,False,True,False,True,False,False,One year,False,Electronic check,55.45,2444.25,No,0,37-48
5622-UEJFI,Female,0,True,True,35,True,True,No,No,No,No,No,No,No,Two year,True,Credit card (automatic),25.4,949.8,No,0,25-36
9747-DDZOS,Female,0,False,False,1,True,False,Fiber optic,False,False,True,False,False,False,Month-to-month,False,Bank transfer (automatic),73.5,73.5,Yes,1,0-12
0674-DGMAQ,Male,1,True,False,32,True,True,Fiber optic,False,True,True,False,False,True,Month-to-month,True,Electronic check,93.5,2970.8,No,0,25-36
6203-HBZPA,Male,0,False,False,52,False,No,DSL,True,True,True,True,True,True,Two year,False,Credit card (automatic),63.9,3334.95,No,0,49-60
0484-FFVBJ,Male,0,False,False,32,True,False,DSL,False,False,False,False,True,True,One year,True,Bank transfer (automatic),64.85,2010.95,No,0,25-36
0301-FIDRB,Female,0,True,True,72,False,No,DSL,True,True,True,True,True,True,Two year,True,Bank transfer (automatic),63.8,4684.3,No,0,61-72
4139-JPIAM,Male,0,False,False,51,False,No,DSL,True,False,False,True,False,True,Month-to-month,True,Credit card (automatic),44.45,2181.55,No,0,49-60
2181-TIDSV,Male,0,True,True,68,True,False,No,No,No,No,No,No,No,Two year,True,Bank transfer (automatic),19.95,1303.25,No,0,61-72
2761-XECQW,Male,1,True,False,8,False,No,DSL,False,True,True,False,False,True,Month-to-month,True,Mailed check,43.35,371.4,No,0,0-12
1936-CZAKF,Male,0,True,False,49,False,No,DSL,False,True,False,False,True,True,Two year,False,Credit card (automatic),49.65,2409.9,No,0,49-60
9453-PATOS,Female,0,True,False,72,True,False,DSL,True,True,True,True,True,True,Two year,False,Mailed check,85.1,6155.4,No,0,61-72
0564-JJHGS,Male,0,False,False,9,True,True,Fiber optic,False,False,False,False,True,True,Month-to-month,True,Electronic check,95.5,829.1,Yes,1,0-12
3348-CFRNX,Female,0,True,False,28,True,False,Fiber optic,True,False,False,False,True,True,Month-to-month,True,Mailed check,92.35,2602.9,Yes,1,25-36
4402-FTBXC,Male,0,False,False,54,True,False,Fiber optic,True,False,True,False,True,False,Month-to-month,False,Mailed check,89.8,4667.0,No,0,49-60
1428-GTBJJ,Male,0,False,False,11,True,False,Fiber optic,False,True,False,False,False,False,Month-to-month,True,Electronic check,74.55,824.75,Yes,1,0-12
2931-XIQBR,Female,0,True,True,50,True,False,Fiber optic,False,False,True,True,True,True,One year,False,Mailed check,103.05,5153.5,No,0,49-60
0106-UGRDO,Female,0,True,False,69,True,True,Fiber optic,True,True,True,True,True,True,Two year,True,Electronic check,116.0,8182.85,No,0,61-72
5542-TBBWB,Male,0,False,False,1,True,False,Fiber optic,False,False,False,False,False,False,Month-to-month,True,Electronic check,69.9,69.9,No,0,0-12
1930-QPBVZ,Male,0,True,True,68,True,False,Fiber optic,True,True,False,True,False,True,Two year,False,Bank transfer (automatic),95.1,6683.4,No,0,61-72
2606-PKWJB,Male,0,False,True,40,False,No,DSL,True,True,False,True,False,False,One year,False,Mailed check,40.25,1564.05,No,0,37-48
5322-ZSMZY,Male,0,True,True,31,True,True,No,No,No,No,No,No,No,Two year,False,Mailed check,25.75,755.6,No,0,25-36
8059-UDZFY,Female,1,False,True,33,True,True,Fiber optic,False,True,True,False,True,True,Month-to-month,True,Bank transfer (automatic),105.35,3465.05,No,0,25-36
7740-BTPUX,Male,1,True,False,55,True,True,Fiber optic,False,True,True,True,True,True,Two year,True,Electronic check,113.6,6292.7,No,0,49-60
5220-AGAAX,Male,0,True,True,68,True,True,No,No,No,No,No,No,No,Two year,True,Bank transfer (automatic),24.0,1664.3,No,0,61-72
0208-BPQEJ,Female,0,True,True,12,True,False,No,No,No,No,No,No,No,Month-to-month,False,Bank transfer (automatic),19.4,198.1,No,0,0-12
9435-JMLSX,Male,0,True,False,71,True,False,DSL,True,True,True,True,True,True,Two year,True,Bank transfer (automatic),86.1,6045.9,No,0,61-72
3352-ALMCK,Male,0,False,False,40,True,True,Fiber optic,False,True,True,False,True,True,Month-to-month,True,Mailed check,102.65,4108.15,No,0,37-48
5312-IRCFR,Female,0,True,True,64,True,True,Fiber optic,False,True,True,False,False,True,One year,True,Electronic check,92.85,5980.75,No,0,61-72
5294-IMHHT,Male,0,True,False,53,True,True,Fiber optic,False,True,False,True,False,True,One year,False,Bank transfer (automatic),97.75,5043.2,No,0,49-60
8802-UNOJF,Male,1,False,False,12,True,False,Fiber optic,False,True,True,True,False,False,Month-to-month,True,Mailed check,83.8,1029.75,Yes,1,0-12
6313-GIDIT,Male,1,False,False,53,False,No,DSL,False,True,True,False,True,True,Month-to-month,True,Electronic check,54.45,2854.55,Yes,1,49-60
6176-YJWAS,Male,0,True,False,72,True,True,Fiber optic,True,True,True,False,True,False,Two year,True,Credit card (automatic),97.95,7114.25,No,0,61-72
5310-NOOVA,Male,0,False,False,46,True,False,No,No,No,No,No,No,No,Two year,False,Electronic check,19.95,907.05,No,0,37-48
4526-EXKKN,Male,0,False,False,40,True,True,No,No,No,No,No,No,No,Two year,True,Mailed check,24.6,973.95,No,0,37-48
5311-IHLEI,Male,0,False,False,12,False,No,DSL,True,True,False,True,True,False,Month-to-month,True,Bank transfer (automatic),50.95,605.75,No,0,0-12
3987-KQDDU,Male,0,False,False,9,True,False,Fiber optic,True,False,False,False,False,False,Month-to-month,False,Electronic check,75.6,661.55,No,0,0-12
3404-JNXAX,Female,0,True,True,51,True,True,Fiber optic,False,False,False,True,False,False,Month-to-month,True,Electronic check,80.75,4116.9,No,0,49-60
5131-PONJI,Male,0,True,True,49,True,False,Fiber optic,False,True,True,False,True,False,Month-to-month,True,Credit card (automatic),90.4,4494.65,No,0,49-60
2845-AFFTX,Male,1,True,False,41,True,True,Fiber optic,False,False,True,False,True,True,Month-to-month,True,Electronic check,99.8,4259.3,Yes,1,37-48
3489-VSFRD,Female,0,False,False,56,True,False,DSL,True,False,True,True,False,False,One year,True,Credit card (automatic),60.25,3282.75,No,0,49-60
3345-JHUEO,Male,0,False,False,4,True,False,No,No,No,No,No,No,No,Month-to-month,True,Electronic check,20.2,55.7,No,0,0-12
5815-HGGHV,Male,0,True,False,20,True,False,DSL,True,False,False,True,False,True,One year,True,Mailed check,64.15,1274.45,No,0,13-24
5260-UMPWX,Female,0,True,True,26,True,False,No,No,No,No,No,No,No,Month-to-month,True,Credit card (automatic),20.25,493.95,No,0,25-36
2249-YPRNG,Female,0,True,True,20,True,True,Fiber optic,False,True,True,False,True,True,Month-to-month,True,Bank transfer (automatic),105.85,2239.65,Yes,1,13-24
7410-YTJIK,Female,0,False,False,7,True,True,Fiber optic,False,False,False,False,False,False,Month-to-month,False,Mailed check,75.45,480.75,Yes,1,0-12
4626-GYCZP,Male,0,False,False,7,True,True,Fiber optic,False,False,False,False,True,True,Month-to-month,True,Electronic check,93.85,635.6,Yes,1,0-12
5649-RXQTV,Male,0,False,False,51,True,False,Fiber optic,False,True,True,False,True,True,Month-to-month,True,Electronic check,99.0,5038.15,No,0,49-60
2674-MIAHT,Female,0,False,False,4,True,True,Fiber optic,False,True,False,False,False,False,Month-to-month,True,Mailed check,80.3,324.2,No,0,0-12
2576-HXMPA,Female,0,False,False,1,True,False,No,No,No,No,No,No,No,Month-to-month,False,Credit card (automatic),19.55,19.55,No,0,0-12
7587-AOVVU,Male,0,True,True,27,True,True,Fiber optic,True,True,False,True,True,False,Month-to-month,False,Electronic check,100.75,2793.55,No,0,25-36
5590-BYNII,Male,0,False,False,22,True,True,Fiber optic,True,False,False,False,True,True,Month-to-month,True,Electronic check,100.75,2095.0,Yes,1,13-24
6898-MDLZW,Male,0,False,False,12,True,False,DSL,False,True,False,True,False,False,Month-to-month,True,Mailed check,53.75,648.65,No,0,0-12
3237-AJGEH,Female,0,True,True,3,False,No,DSL,False,False,False,True,False,False,Month-to-month,True,Mailed check,31.0,95.05,Yes,1,0-12
4707-YNOQA,Female,0,True,True,34,True,True,No,No,No,No,No,No,No,One year,True,Credit card (automatic),25.6,917.15,No,0,25-36
9357-UJRUN,Male,0,True,False,24,True,True,DSL,True,False,False,True,False,False,One year,True,Electronic check,58.35,1346.9,No,0,13-24
1591-NFNLQ,Male,0,False,False,51,True,True,Fiber optic,False,False,True,False,False,False,Month-to-month,False,Credit card (automatic),80.0,4242.35,Yes,1,49-60
8648-PFRMP,Female,1,False,False,14,False,No,DSL,False,False,False,False,True,True,Month-to-month,True,Electronic check,46.35,672.7,No,0,13-24
7663-CUXZB,Male,0,True,False,59,True,True,Fiber optic,True,True,True,True,True,True,Two year,False,Electronic check,113.75,6561.25,No,0,49-60
0258-NOKBL,Male,0,False,False,3,True,False,Fiber optic,False,True,True,False,False,True,Month-to-month,False,Electronic check,90.4,268.45,No,0,0-12
1163-VIPRI,Female,0,True,True,65,True,True,Fiber optic,True,False,True,True,True,True,Two year,False,Electronic check,109.3,7337.55,No,0,61-72
2815-CPTUL,Male,1,False,False,5,True,False,Fiber optic,False,False,False,False,False,False,Month-to-month,True,Mailed check,70.25,331.9,Yes,1,0-12
9348-ROUAI,Female,0,True,True,59,True,True,DSL,True,True,True,True,True,True,Two year,False,Credit card (automatic),90.3,5194.05,No,0,49-60
9443-JUBUO,Male,0,True,True,72,False,No,DSL,True,True,True,True,True,True,Two year,True,Credit card (automatic),65.25,4478.85,No,0,61-72
0596-BQCEQ,Female,0,True,True,62,True,False,Fiber optic,False,True,True,False,True,True,Month-to-month,True,Electronic check,100.15,6283.3,Yes,1,61-72
1481-ZUWZA,Male,0,False,False,28,True,True,Fiber optic,True,True,False,False,False,True,Month-to-month,True,Credit card (automatic),94.5,2659.4,Yes,1,25-36
3043-TYBNO,Male,0,False,False,3,True,False,DSL,False,False,False,True,False,True,Month-to-month,False,Mailed check,60.65,196.9,No,0,0-12
4830-FAXFM,Male,0,False,True,19,True,True,No,No,No,No,No,No,No,Month-to-month,True,Credit card (automatic),24.1,439.2,No,0,13-24
5906-BFOZT,Male,0,False,False,1,True,False,No,No,No,No,No,No,No,Month-to-month,True,Mailed check,19.5,19.5,No,0,0-12
2960-NKRSO,Male,0,False,False,24,True,False,Fiber optic,False,True,True,True,False,False,Month-to-month,True,Electronic check,85.95,2107.15,No,0,13-24
8996-ZROXE,Male,1,False,False,57,True,False,DSL,False,False,True,True,False,False,One year,True,Electronic check,53.5,3035.8,No,0,49-60
5598-IKHQQ,Female,0,False,False,72,True,True,No,No,No,No,No,No,No,Two year,False,Credit card (automatic),25.45,1866.45,No,0,61-72
0397-ZXWQF,Male,0,False,False,67,True,False,No,No,No,No,No,No,No,Two year,False,Bank transfer (automatic),20.5,1430.95,No,0,61-72
5266-PFRQK,Male,0,True,True,52,True,False,No,No,No,No,No,No,No,One year,True,Credit card (automatic),20.85,1071.6,No,0,49-60
4674-HGNUA,Male,0,True,True,71,True,True,DSL,True,True,True,True,True,True,Two year,False,Credit card (automatic),89.9,6457.15,No,0,61-72
6765-MBQNU,Female,0,True,False,26,True,True,No,No,No,No,No,No,No,One year,False,Mailed check,26.0,684.05,No,0,25-36
9786-IJYDL,Female,0,False,False,35,True,True,Fiber optic,True,True,True,True,True,True,Two year,True,Mailed check,113.2,3914.05,No,0,25-36
1303-SRDOK,Female,0,True,True,55,True,False,Fiber optic,False,False,False,False,False,False,Two year,True,Credit card (automatic),69.05,3842.6,No,0,49-60
3769-MHZNV,Female,0,True,True,33,True,False,No,No,No,No,No,No,No,Two year,False,Mailed check,20.1,670.35,No,0,25-36
3308-MHOOC,Male,0,False,True,1,True,False,No,No,No,No,No,No,No,Month-to-month,True,Mailed check,19.2,19.2,No,0,0-12
2309-OSFEU,Male,0,False,False,10,False,No,DSL,False,False,False,False,False,True,Month-to-month,True,Mailed check,33.9,298.45,Yes,1,0-12
2207-QPJED,Female,1,True,False,37,True,False,Fiber optic,False,False,True,True,True,False,Month-to-month,False,Electronic check,90.0,3371.75,No,0,37-48
4177-JPDFU,Male,0,False,False,12,False,No,DSL,False,True,False,True,False,False,Month-to-month,False,Mailed check,34.0,442.45,No,0,0-12
2239-CFOUJ,Male,0,True,True,1,True,False,No,No,No,No,No,No,No,One year,False,Mailed check,20.4,20.4,No,0,0-12
8046-DNVTL,Male,0,True,False,62,False,No,DSL,True,True,False,True,False,False,Two year,True,Credit card (automatic),38.6,2345.55,No,0,61-72
2209-XADXF,Female,0,False,False,1,False,No,DSL,False,False,False,False,False,False,Month-to-month,False,Bank transfer (automatic),25.25,25.25,No,0,0-12
6620-JDYNW,Female,0,False,False,18,True,True,DSL,True,False,True,False,False,False,Month-to-month,True,Mailed check,60.6,1156.35,No,0,13-24
1891-FZYSA,Male,1,True,False,69,True,True,Fiber optic,False,True,False,False,True,False,Month-to-month,True,Electronic check,89.95,6143.15,Yes,1,61-72
4770-UEZOX,Male,0,False,False,2,True,False,Fiber optic,False,True,False,False,False,False,Month-to-month,True,Electronic check,74.75,144.8,No,0,0-12
1A1:U3001038-RQOST,Male,0,True,True,19,True,False,No,No,No,No,No,No,No,Month-to-month,False,Mailed check,20.6,414.95,No,0,13-24
5600-PDUJF,Male,0,No,No,6,Yes,No,DSL,No,No,No,Yes,No,No,Month-to-month,Yes,Credit card (automatic),49.5,312.7,No,0,0-12
8292-TYSPY,Male,0,No,No,19,Yes,No,DSL,No,No,Yes,Yes,No,No,Month-to-month,Yes,Credit card (automatic),55.0,1046.5,Yes,1,13-24
0567-XRHCU,Female,0,Yes,Yes,69,No,No phone service,DSL,Yes,No,Yes,No,No,Yes,Two year,Yes,Credit card (automatic),43.95,2960.1,No,0,61-72
1867-BDVFH,Male,0,Yes,Yes,11,Yes,Yes,Fiber optic,No,No,No,No,No,No,Month-to-month,Yes,Electronic check,74.35,834.2,Yes,1,0-12
2067-QYTCF,Female,0,Yes,No,64,Yes,Yes,Fiber optic,No,Yes,Yes,Yes,Yes,Yes,Month-to-month,Yes,Electronic check,111.15,6953.4,No,0,61-72
2359-QWQUL,Female,0,Yes,No,39,Yes,No,Fiber optic,Yes,No,Yes,Yes,Yes,Yes,One year,Yes,Credit card (automatic),104.7,4134.85,Yes,1,37-48
9103-TCIHJ,Female,0,No,No,15,Yes,Yes,DSL,Yes,No,No,No,No,No,Month-to-month,Yes,Mailed check,55.7,899.8,Yes,1,13-24
7407-SUJIZ,Male,0,No,No,25,Yes,No,No,No internet service,No internet service,No internet service,No internet service,No internet service,No internet service,Month-to-month,No,Mailed check,20.6,541.5,No,0,25-36
9150-KPBJQ,Female,0,No,No,6,Yes,No,No,No internet service,No internet service,No internet service,No internet service,No internet service,No internet service,Two year,No,Credit card (automatic),19.65,116.85,No,0,0-12
0052-DCKON,Male,0,Yes,No,66,Yes,Yes,Fiber optic,Yes,Yes,Yes,Yes,Yes,Yes,One year,No,Bank transfer (automatic),115.8,7942.15,No,0,61-72
3654-ARMGP,Female,0,No,No,61,Yes,Yes,DSL,No,Yes,Yes,Yes,Yes,Yes,Two year,No,Credit card (automatic),88.65,5321.25,No,0,61-72
9699-UBQFS,Female,1,Yes,No,43,Yes,Yes,Fiber optic,Yes,Yes,No,No,Yes,No,Month-to-month,Yes,Electronic check,94.5,4156.8,No,0,37-48
9367-TCUYN,Female,0,No,No,12,Yes,No,No,No internet service,No internet service,No internet service,No internet service,No internet service,No internet service,Month-to-month,No,Mailed check,20.1,223.6,No,0,0-12
1261-FWTTE,Male,1,No,No,23,No,No phone service,DSL,No,No,No,No,No,Yes,Month-to-month,Yes,Bank transfer (automatic),34.65,768.45,No,0,13-24
3528-HFRIQ,Male,1,Yes,No,71,No,No phone service,DSL,No,Yes,Yes,No,Yes,Yes,Month-to-month,Yes,Bank transfer (automatic),52.3,3765.05,No,0,61-72
0708-SJDIS,Female,0,No,No,34,Yes,Yes,DSL,No,No,No,Yes,Yes,No,Month-to-month,No,Mailed check,65.0,2157.5,No,0,25-36
4140-WJAWW,Female,0,No,No,5,Yes,No,No,No internet service,No internet service,No internet service,No internet service,No internet service,No internet service,Month-to-month,No,Credit card (automatic),19.85,108.05,Yes,1,0-12
2073-QBVBI,Female,0,Yes,No,41,No,No phone service,DSL,No,Yes,No,Yes,No,No,One year,No,Mailed check,35.45,1391.65,No,0,37-48
6928-ONTRW,Female,0,Yes,Yes,72,Yes,No,No,No internet service,No internet service,No internet service,No internet service,No internet service,No internet service,Two year,No,Credit card (automatic),19.7,1379.8,No,0,61-72
3320-VEOYC,Male,1,No,No,14,Yes,Yes,Fiber optic,No,No,No,No,Yes,Yes,Month-to-month,Yes,Electronic check,95.6,1273.3,No,0,13-24
5231-FIQPA,Female,0,No,No,41,Yes,No,No,No internet service,No internet service,No internet service,No internet service,No internet service,No internet service,Two year,Yes,Mailed check,19.85,810.45,No,0,37-48
6617-WLBQC,Female,0,Yes,Yes,23,Yes,Yes,Fiber optic,Yes,No,No,No,No,No,One year,No,Credit card (automatic),81.85,1810.85,No,0,13-24
2599-CIPQE,Male,0,Yes,Yes,71,Yes,No,Fiber optic,Yes,Yes,Yes,Yes,Yes,Yes,Two year,No,Credit card (automatic),109.3,7782.85,No,0,61-72
6653-CBBOM,Female,0,No,No,1,Yes,No,Fiber optic,No,No,No,No,No,No,Month-to-month,Yes,Electronic check,70.3,70.3,Yes,1,0-12
8774-GSBUN,Male,0,Yes,No,72,Yes,Yes,No,No internet service,No internet service,No internet service,No internet service,No internet service,No internet service,Two year,No,Mailed check,25.4,1797.1,No,0,61-72
7326-RIGQZ,Male,0,Yes,Yes,6,Yes,No,Fiber optic,No,No,No,No,No,No,Month-to-month,Yes,Electronic check,69.8,377.85,No,0,0-12
1401-FTHFQ,Male,0,Yes,Yes,23,Yes,No,No,No internet service,No internet service,No internet service,No internet service,No internet service,No internet service,One year,Yes,Credit card (automatic),20.0,445.3,No,0,13-24
3247-ZVOUO,Male,1,Yes,No,10,Yes,Yes,Fiber optic,No,No,No,No,No,Yes,Month-to-month,No,Electronic check,85.55,851.75,Yes,1,0-12
0254-FNMCI,Female,0,No,No,72,Yes,No,Fiber optic,Yes,Yes,Yes,Yes,Yes,Yes,Two year,Yes,Electronic check,109.9,7624.2,No,0,61-72
1848-LBZHY,Female,0,Yes,No,7,Yes,No,DSL,Yes,No,No,No,No,No,Month-to-month,Yes,Bank transfer (automatic),50.3,355.1,No,0,0-12
6101-IMRMM,Male,0,No,Yes,6,Yes,No,Fiber optic,No,No,Yes,No,Yes,Yes,Month-to-month,No,Mailed check,94.5,575.45,Yes,1,0-12
8118-TJAFG,Male,0,Yes,Yes,9,Yes,No,Fiber optic,No,Yes,No,Yes,Yes,Yes,Month-to-month,Yes,Electronic check,101.5,906.85,No,0,0-12
5429-LWCMV,Female,0,No,No,12,Yes,Yes,Fiber optic,No,Yes,No,No,No,Yes,Month-to-month,Yes,Electronic check,89.15,1057.55,No,0,0-12
7298-IZWLY,Female,0,No,No,1,Yes,No,No,No internet service,No internet service,No internet service,No internet service,No internet service,No internet service,Month-to-month,Yes,Mailed check,19.4,19.4,No,0,0-12
9758-MFWGD,Female,1,Yes,Yes,48,No,No phone service,DSL,No,Yes,No,No,No,No,One year,No,Bank transfer (automatic),29.9,1388.75,No,0,37-48
3955-JBZZM,Male,0,No,No,20,Yes,No,Fiber optic,No,No,No,No,Yes,No,Month-to-month,No,Electronic check,78.8,1641.3,No,0,13-24
1268-ASBGA,Female,1,Yes,No,16,Yes,Yes,Fiber optic,No,No,No,No,No,Yes,Month-to-month,Yes,Credit card (automatic),85.35,1375.15,Yes,1,13-24
8943-URTMR,Female,0,No,No,2,Yes,No,Fiber optic,No,No,No,No,Yes,No,Month-to-month,Yes,Mailed check,79.65,152.7,Yes,1,0-12
4815-TUMEQ,Female,0,No,No,10,Yes,No,No,No internet service,No internet service,No internet service,No internet service,No internet service,No internet service,One year,Yes,Mailed check,19.3,185.2,No,0,0-12
4713-LZDRV,Female,1,No,No,2,Yes,No,Fiber optic,No,No,No,No,No,Yes,Month-to-month,Yes,Electronic check,79.6,195.05,Yes,1,0-12
9909-IDLEK,Male,0,Yes,Yes,20,Yes,Yes,Fiber optic,No,Yes,No,Yes,Yes,No,Month-to-month,No,Mailed check,96.8,1826.7,No,0,13-24
4092-OFQZS,Male,0,Yes,No,20,Yes,No,No,No internet service,No internet service,No internet service,No internet service,No internet service,No internet service,One year,No,Mailed check,20.65,417.5,No,0,13-24
1561-BWHIN,Male,0,Yes,Yes,19,Yes,No,No,No internet service,No internet service,No internet service,No internet service,No internet service,No internet service,One year,No,Mailed check,19.8,344.5,No,0,13-24
4325-NFSKC,Male,1,No,No,19,Yes,Yes,Fiber optic,Yes,No,No,No,Yes,No,Month-to-month,Yes,Electronic check,90.6,1660.0,Yes,1,13-24
9927-DSWDF,Male,0,Yes,No,22,Yes,No,Fiber optic,Yes,Yes,No,Yes,Yes,Yes,Month-to-month,Yes,Electronic check,104.6,2180.55,No,0,13-24
9500-LTVBP,Female,0,No,No,35,Yes,Yes,Fiber optic,No,No,No,Yes,No,No,Month-to-month,No,Credit card (automatic),80.05,2835.9,No,0,25-36
7252-NTGSS,Female,0,No,No,1,Yes,No,DSL,No,No,No,No,No,No,Month-to-month,No,Mailed check,45.15,45.15,No,0,0-12
8149-AIQCG,Male,0,No,No,39,Yes,Yes,Fiber optic,No,No,No,No,No,No,Month-to-month,Yes,Credit card (automatic),73.15,2730.85,No,0,37-48
1360-JYXKQ,Female,1,Yes,No,54,Yes,No,Fiber optic,No,No,Yes,Yes,Yes,Yes,One year,Yes,Electronic check,99.1,5437.1,No,0,49-60
2955-PSXOE,Female,0,No,No,1,Yes,No,No,No internet service,No internet service,No internet service,No internet service,No internet service,No internet service,Month-to-month,Yes,Bank transfer (automatic),20.2,20.2,Yes,1,0-12
7762-URZQH,Male,0,Yes,No,66,Yes,Yes,Fiber optic,Yes,No,Yes,No,Yes,Yes,Two year,Yes,Credit card (automatic),106.05,6981.35,Yes,1,61-72
0899-WZRSD,Male,0,No,No,56,Yes,Yes,Fiber optic,Yes,No,No,Yes,Yes,Yes,Month-to-month,Yes,Mailed check,105.35,5794.45,No,0,49-60
3255-GRXMG,Male,0,No,Yes,18,Yes,No,DSL,No,No,No,No,No,No,Month-to-month,Yes,Credit card (automatic),45.65,747.2,No,0,13-24
4828-FAZPK,Female,0,Yes,Yes,16,Yes,Yes,Fiber optic,No,Yes,No,No,No,No,Month-to-month,Yes,Credit card (automatic),79.95,1267.95,No,0,13-24
6094-ZIVKX,Female,0,No,No,68,Yes,No,DSL,Yes,No,Yes,No,No,No,One year,Yes,Credit card (automatic),54.45,3674.95,No,0,61-72
6925-BAYGL,Female,1,Yes,No,53,Yes,Yes,No,No internet service,No internet service,No internet service,No internet service,No internet service,No internet service,Two year,No,Credit card (automatic),25.1,1275.6,No,0,49-60
3262-EIDHV,Female,0,Yes,Yes,72,Yes,Yes,DSL,Yes,No,Yes,Yes,Yes,Yes,Two year,No,Credit card (automatic),84.7,5893.9,No,0,61-72
7354-OIJLX,Male,0,No,No,9,Yes,Yes,Fiber optic,No,No,No,No,No,No,Month-to-month,Yes,Electronic check,75.85,724.65,No,0,0-12
1376-HHBDV,Female,0,No,No,30,Yes,No,DSL,Yes,No,No,No,No,No,Month-to-month,Yes,Mailed check,48.8,1536.75,No,0,25-36
6907-NZZIJ,Female,0,No,No,36,Yes,Yes,Fiber optic,No,Yes,No,No,Yes,Yes,Month-to-month,Yes,Electronic check,99.15,3615.6,Yes,1,25-36
6133-OZILE,Female,0,No,No,18,No,No phone service,DSL,No,No,Yes,Yes,No,No,Month-to-month,Yes,Electronic check,35.2,607.3,No,0,13-24
4135-FRWKJ,Female,1,Yes,Yes,55,Yes,Yes,DSL,Yes,No,Yes,Yes,Yes,No,One year,No,Electronic check,76.25,4154.55,No,0,49-60
2911-UREFD,Female,0,Yes,No,39,No,No phone service,DSL,Yes,No,Yes,No,Yes,Yes,Month-to-month,No,Electronic check,55.9,2184.35,Yes,1,37-48
3744-ZRRDZ,Male,0,No,No,21,Yes,Yes,Fiber optic,No,Yes,No,No,No,No,Month-to-month,Yes,Electronic check,82.35,1852.85,Yes,1,13-24
5673-TIYIB,Male,0,No,No,2,No,No phone service,DSL,No,Yes,Yes,Yes,No,No,Month-to-month,Yes,Credit card (automatic),40.4,77.15,Yes,1,0-12
6551-ZCOTS,Male,1,No,No,33,Yes,Yes,No,No internet service,No internet service,No internet service,No internet service,No internet service,No internet service,One year,Yes,Bank transfer (automatic),24.9,847.8,No,0,25-36
7191-ADRGF,Male,0,Yes,No,44,No,No phone service,DSL,No,Yes,Yes,No,Yes,Yes,Two year,No,Bank transfer (automatic),54.3,2390.45,No,0,37-48
5018-LXQQG,Female,0,Yes,Yes,30,Yes,No,DSL,Yes,No,No,Yes,No,Yes,Month-to-month,No,Bank transfer (automatic),66.3,1923.5,No,0,25-36
6892-BOGQE,Female,0,Yes,No,71,Yes,No,No,No internet service,No internet service,No internet service,No internet service,No internet service,No internet service,Two year,Yes,Bank transfer (automatic),20.9,1493.2,No,0,61-72
1602-IJQQE,Female,0,No,No,4,Yes,Yes,Fiber optic,No,No,No,No,No,No,Month-to-month,No,Electronic check,75.35,338.1,Yes,1,0-12
4628-WQCQQ,Male,0,No,Yes,35,Yes,No,Fiber optic,No,No,Yes,No,Yes,No,One year,Yes,Electronic check,85.15,3030.6,Yes,1,25-36
1746-TGTWV,Male,0,Yes,No,1,Yes,No,Fiber optic,No,No,Yes,No,No,No,Month-to-month,No,Credit card (automatic),75.35,75.35,No,0,0-12
5995-SNNEW,Male,1,Yes,No,23,Yes,Yes,Fiber optic,No,Yes,Yes,No,Yes,Yes,Month-to-month,Yes,Electronic check,104.45,2184.85,No,0,13-24
8050-WYBND,Female,0,No,Yes,22,No,No phone service,DSL,No,No,Yes,No,Yes,Yes,One year,Yes,Credit card (automatic),49.45,1031.4,No,0,13-24
2821-WARNZ,Female,0,No,Yes,49,Yes,No,No,No internet service,No internet service,No internet service,No internet service,No internet service,No internet service,One year,No,Credit card (automatic),19.45,921.3,No,0,49-60
4879-GZLFH,Female,0,Yes,Yes,42,Yes,No,Fiber optic,No,No,Yes,No,Yes,Yes,Month-to-month,Yes,Electronic check,92.15,3875.4,No,0,37-48
1644-IRKSF,Female,0,Yes,Yes,33,Yes,No,Fiber optic,No,No,Yes,No,Yes,Yes,One year,Yes,Electronic check,93.8,3124.5,Yes,1,25-36
8314-HTWVE,Female,0,Yes,Yes,7,Yes,No,No,No internet service,No internet service,No internet service,No internet service,No internet service,No internet service,Two year,No,Mailed check,19.85,144.15,No,0,0-12
9402-ROUMJ,Female,0,Yes,Yes,67,Yes,Yes,Fiber optic,Yes,No,Yes,Yes,No,Yes,One year,Yes,Bank transfer (automatic),100.25,6689.0,No,0,61-72
2507-QZPQS,Male,0,No,No,15,Yes,Yes,Fiber optic,No,Yes,No,Yes,No,Yes,Month-to-month,No,Electronic check,95.7,1451.1,No,0,13-24
7159-NOKYQ,Male,0,Yes,No,67,Yes,Yes,Fiber optic,No,Yes,Yes,No,No,Yes,Two year,Yes,Electronic check,93.15,6368.2,No,0,61-72
5707-ZMDJP,Male,0,Yes,Yes,53,Yes,No,DSL,Yes,Yes,No,Yes,Yes,No,Two year,Yes,Mailed check,69.7,3729.6,No,0,49-60
8779-YIQQA,Male,0,Yes,Yes,21,Yes,No,No,No internet service,No internet service,No internet service,No internet service,No internet service,No internet service,One year,No,Mailed check,19.8,350.1,No,0,13-24
7136-IHZJA,Female,0,Yes,Yes,40,Yes,No,DSL,Yes,Yes,No,Yes,No,Yes,Month-to-month,Yes,Mailed check,71.35,2847.2,No,0,37-48
8966-OIQHG,Female,0,Yes,Yes,22,Yes,No,No,No internet service,No internet service,No internet service,No internet service,No internet service,No internet service,One year,No,Bank transfer (automatic),20.75,452.35,No,0,13-24
7074-STDCN,Male,0,No,No,39,No,No phone service,DSL,No,No,No,Yes,No,Yes,Month-to-month,Yes,Electronic check,40.6,1494.5,No,0,37-48
3705-PSNGL,Male,0,No,No,45,Yes,No,No,No internet service,No internet service,No internet service,No internet service,No internet service,No internet service,One year,Yes,Electronic check,20.4,930.45,Yes,1,37-48
8739-QOTTN,Female,0,Yes,No,2,Yes,No,No,No internet service,No internet service,No internet service,No internet service,No internet service,No internet service,Month-to-month,No,Mailed check,20.35,41.85,No,0,0-12
1399-OUPJN,Female,0,Yes,Yes,57,Yes,No,No,No internet service,No internet service,No internet service,No internet service,No internet service,No internet service,Two year,No,Bank transfer (automatic),19.75,1272.05,No,0,49-60
0277-BKSQP,Male,0,Yes,Yes,8,Yes,No,DSL,No,No,No,No,Yes,No,Month-to-month,Yes,Electronic check,54.4,475.1,No,0,0-12
6502-HCJTI,Male,1,Yes,No,7,Yes,Yes,Fiber optic,Yes,Yes,No,No,No,Yes,Month-to-month,Yes,Credit card (automatic),94.7,673.1,Yes,1,0-12
2606-RMDHZ,Male,0,No,No,6,No,No phone service,DSL,No,Yes,No,No,No,No,Month-to-month,Yes,Credit card (automatic),30.5,208.7,Yes,1,0-12
5774-XZTQC,Female,0,Yes,Yes,7,Yes,No,No,No internet service,No internet service,No internet service,No internet service,No internet service,No internet service,Month-to-month,No,Mailed check,20.45,150.75,No,0,0-12
2676-SSLTO,Male,0,No,No,49,Yes,Yes,DSL,No,No,No,Yes,Yes,No,Two year,Yes,Bank transfer (automatic),66.15,3199.0,No,0,49-60
6266-QHOJZ,Female,0,No,No,65,Yes,Yes,Fiber optic,Yes,Yes,No,Yes,No,No,One year,Yes,Electronic check,89.85,5844.65,No,0,61-72
7269-JISCY,Female,0,No,No,55,Yes,No,DSL,No,No,No,No,No,No,One year,No,Bank transfer (automatic),45.05,2462.6,No,0,49-60
0363-SVHYR,Male,0,Yes,Yes,71,Yes,Yes,DSL,Yes,Yes,Yes,Yes,Yes,Yes,Two year,No,Bank transfer (automatic),86.85,6263.8,No,0,61-72
8547-NSBBO,Male,0,No,No,35,Yes,Yes,Fiber optic,Yes,Yes,Yes,Yes,No,No,Month-to-month,Yes,Mailed check,96.75,3403.4,No,0,25-36
8258-GSTJK,Male,1,No,No,3,Yes,Yes,Fiber optic,No,No,No,No,No,No,Month-to-month,Yes,Electronic check,77.0,237.75,Yes,1,0-12
6861-OKBCE,Female,0,No,Yes,11,Yes,No,No,No internet service,No internet service,No internet service,No internet service,No internet service,No internet service,Month-to-month,No,Credit card (automatic),20.1,221.35,Yes,1,0-12
9940-RHLFB,Female,0,No,No,1,Yes,No,Fiber optic,No,No,Yes,No,No,No,Month-to-month,No,Electronic check,75.3,75.3,Yes,1,0-12
6591-QGOYB,Male,0,No,No,17,Yes,Yes,Fiber optic,Yes,Yes,Yes,Yes,Yes,No,Month-to-month,Yes,Bank transfer (automatic),106.65,1672.1,No,0,13-24
9070-BCKQP,Female,0,Yes,No,72,Yes,Yes,Fiber optic,Yes,No,Yes,Yes,Yes,Yes,Two year,Yes,Credit card (automatic),110.15,7881.2,No,0,61-72
6421-SZVEM,Female,0,Yes,Yes,28,Yes,No,Fiber optic,Yes,No,No,No,No,Yes,One year,Yes,Bank transfer (automatic),82.85,2320.8,No,0,25-36
1328-EUZHC,Female,0,Yes,No,18,Yes,No,No,No internet service,No internet service,No internet service,No internet service,No internet service,No internet service,Two year,No,Mailed check,20.1,370.5,No,0,13-24
2995-UPRYS,Female,1,Yes,No,40,Yes,No,Fiber optic,No,Yes,No,Yes,Yes,Yes,One year,Yes,Credit card (automatic),99.2,4062.2,Yes,1,37-48
8878-RYUKI,Female,0,No,No,52,Yes,No,DSL,No,No,Yes,No,No,Yes,Month-to-month,Yes,Electronic check,59.45,3043.7,No,0,49-60
9633-DENPU,Female,0,Yes,No,47,Yes,No,DSL,No,Yes,No,No,Yes,No,Month-to-month,Yes,Bank transfer (automatic),58.6,2723.4,No,0,37-48
7811-JIVPF,Female,0,No,No,23,Yes,No,DSL,No,No,Yes,No,No,No,Month-to-month,No,Credit card (automatic),49.7,1081.25,No,0,13-24
7113-HIPFI,Male,0,Yes,Yes,66,Yes,No,DSL,Yes,Yes,Yes,Yes,No,No,Two year,No,Mailed check,65.85,4097.05,No,0,61-72
8541-QVFKM,Female,0,No,No,8,Yes,Yes,Fiber optic,No,No,No,No,No,No,Month-to-month,Yes,Electronic check,73.5,632.2,No,0,0-12
6686-YPGHK,Male,1,No,No,47,Yes,No,Fiber optic,Yes,No,No,No,No,Yes,Month-to-month,No,Mailed check,85.5,4042.3,Yes,1,37-48
1383-EZRWL,Female,0,No,No,7,Yes,No,No,No internet service,No internet service,No internet service,No internet service,No internet service,No internet service,Month-to-month,No,Mailed check,20.05,164.85,Yes,1,0-12
9258-CNWAC,Female,0,Yes,Yes,71,Yes,Yes,Fiber optic,Yes,Yes,Yes,Yes,Yes,Yes,Two year,No,Credit card (automatic),113.65,8166.8,No,0,61-72
5371-VYLSX,Female,1,No,No,50,Yes,Yes,Fiber optic,Yes,Yes,No,No,No,No,Month-to-month,Yes,Electronic check,83.4,4113.7,No,0,49-60
6374-AFWOX,Male,0,Yes,No,46,Yes,No,DSL,Yes,Yes,Yes,Yes,No,No,Two year,No,Mailed check,65.65,3047.15,No,0,37-48
4759-TRPLW,Male,0,No,No,1,Yes,No,Fiber optic,No,No,No,No,No,No,Month-to-month,No,Electronic check,70.4,70.4,Yes,1,0-12
5317-FLPJF,Female,0,No,No,66,No,No phone service,DSL,Yes,No,Yes,Yes,Yes,Yes,Two year,Yes,Bank transfer (automatic),61.35,4193.4,No,0,61-72
7621-VPNET,Female,0,Yes,No,42,Yes,Yes,Fiber optic,No,No,Yes,Yes,No,No,Month-to-month,Yes,Credit card (automatic),85.9,3729.75,No,0,37-48
6034-YMTOB,Female,0,No,No,5,Yes,No,Fiber optic,No,No,No,Yes,No,No,Month-to-month,Yes,Mailed check,75.65,399.45,No,0,0-12
8563-IIOXK,Male,0,Yes,Yes,7,Yes,No,DSL,Yes,No,No,No,No,No,One year,Yes,Electronic check,49.75,331.3,Yes,1,0-12
4903-CNOZC,Male,0,No,No,29,Yes,Yes,DSL,No,Yes,Yes,No,No,Yes,One year,No,Credit card (automatic),70.9,1964.6,No,0,25-36
4353-HYOJD,Female,0,Yes,Yes,27,Yes,No,DSL,No,Yes,No,No,No,No,Month-to-month,No,Mailed check,49.85,1336.15,No,0,25-36
8020-BWHYL,Female,1,No,No,15,Yes,No,Fiber optic,No,Yes,No,No,No,No,Month-to-month,Yes,Credit card (automatic),75.3,1147.45,Yes,1,13-24
7267-FRMJW,Female,0,Yes,Yes,25,Yes,No,No,No internet service,No internet service,No internet service,No internet service,No internet service,No internet service,Two year,No,Mailed check,20.1,486.05,No,0,25-36
2982-VPSGI,Female,0,Yes,No,11,Yes,Yes,Fiber optic,No,No,No,No,Yes,Yes,Month-to-month,Yes,Electronic check,94.0,1078.9,Yes,1,0-12
4188-FRABG,Male,0,Yes,No,57,Yes,Yes,Fiber optic,Yes,Yes,Yes,Yes,Yes,No,Month-to-month,Yes,Electronic check,103.05,5925.75,No,0,49-60
8199-ZLLSA,Male,0,No,No,67,Yes,Yes,Fiber optic,Yes,Yes,Yes,Yes,Yes,Yes,One year,Yes,Bank transfer (automatic),118.35,7804.15,Yes,1,61-72
4128-ETESU,Female,1,Yes,No,47,Yes,Yes,Fiber optic,No,No,Yes,No,Yes,Yes,Month-to-month,No,Electronic check,99.7,4747.2,No,0,37-48
0620-DLSLK,Female,0,No,No,13,Yes,No,Fiber optic,No,No,No,No,Yes,No,Month-to-month,Yes,Mailed check,81.9,1028.9,No,0,13-24
4625-EWPTF,Male,0,No,No,8,No,No phone service,DSL,Yes,No,No,No,No,No,Month-to-month,Yes,Electronic check,30.45,226.45,Yes,1,0-12
5980-NOPLP,Female,0,Yes,No,44,Yes,Yes,Fiber optic,No,No,No,No,Yes,Yes,Month-to-month,Yes,Electronic check,96.1,4364.1,Yes,1,37-48
3850-OKINF,Male,0,Yes,Yes,71,Yes,Yes,DSL,Yes,No,No,No,Yes,No,One year,Yes,Electronic check,66.2,4692.55,No,0,61-72
6892-XPFPU,Male,1,Yes,No,24,Yes,Yes,Fiber optic,No,Yes,Yes,No,Yes,Yes,Month-to-month,Yes,Electronic check,104.25,2433.9,Yes,1,13-24
8010-EZLOU,Male,1,No,No,15,Yes,Yes,Fiber optic,No,Yes,No,No,No,No,Month-to-month,Yes,Electronic check,80.2,1217.25,Yes,1,13-24
1156-ZFYDO,Female,0,No,No,1,Yes,No,No,No internet service,No internet service,No internet service,No internet service,No internet service,No internet service,Month-to-month,No,Electronic check,19.75,19.75,No,0,0-12
3295-YVUSR,Male,1,No,No,2,Yes,Yes,Fiber optic,No,No,No,No,No,No,Month-to-month,Yes,Mailed check,72.6,154.3,No,0,0-12
8016-NCFVO,Male,1,No,No,55,Yes,Yes,Fiber optic,Yes,Yes,Yes,Yes,Yes,Yes,Month-to-month,Yes,Electronic check,116.5,6382.55,No,0,49-60
4119-ZYPZY,Male,1,No,No,71,Yes,Yes,Fiber optic,No,Yes,No,Yes,Yes,Yes,Two year,Yes,Electronic check,106.8,7623.2,No,0,61-72
5549-ZGHFB,Male,0,Yes,Yes,50,Yes,Yes,No,No internet service,No internet service,No internet service,No internet service,No internet service,No internet service,Two year,No,Mailed check,24.95,1261.45,No,0,49-60
7577-SWIFR,Male,0,No,No,1,Yes,No,Fiber optic,No,No,No,No,Yes,Yes,Month-to-month,Yes,Electronic check,89.25,89.25,No,0,0-12
0303-WMMRN,Male,0,No,No,5,Yes,No,No,No internet service,No internet service,No internet service,No internet service,No internet service,No internet service,Month-to-month,Yes,Mailed check,19.25,86.05,No,0,0-12
6408-OTUBZ,Female,0,No,No,66,Yes,Yes,Fiber optic,Yes,Yes,Yes,Yes,Yes,No,One year,Yes,Bank transfer (automatic),104.55,6779.05,No,0,61-72
5204-HMGYF,Female,0,Yes,Yes,49,Yes,No,DSL,Yes,Yes,Yes,Yes,Yes,Yes,One year,Yes,Mailed check,87.2,4345.0,No,0,49-60
1078-TDCRN,Female,1,Yes,No,3,No,No phone service,DSL,No,Yes,No,No,No,No,Month-to-month,Yes,Electronic check,30.75,82.85,No,0,0-12
3727-OVPRY,Male,0,Yes,Yes,66,Yes,Yes,No,No internet service,No internet service,No internet service,No internet service,No internet service,No internet service,One year,Yes,Credit card (automatic),25.7,1714.55,No,0,61-72
3797-FKOGQ,Male,0,No,Yes,11,Yes,Yes,Fiber optic,No,No,No,No,No,Yes,Month-to-month,No,Electronic check,86.2,893.2,No,0,0-12
7622-NXQZR,Male,0,No,No,28,No,No phone service,DSL,No,No,No,Yes,No,No,Month-to-month,Yes,Credit card (automatic),30.1,810.85,No,0,25-36
6196-HBOBZ,Male,0,Yes,No,65,Yes,Yes,Fiber optic,Yes,Yes,Yes,No,Yes,No,Two year,Yes,Electronic check,99.35,6347.55,No,0,61-72
3970-XGJDU,Female,0,No,No,62,Yes,No,No,No internet service,No internet service,No internet service,No internet service,No internet service,No internet service,Two year,Yes,Credit card (automatic),19.2,1123.65,No,0,61-72
7017-VFULY,Female,0,Yes,No,2,Yes,No,No,No internet service,No internet service,No internet service,No internet service,No internet service,No internet service,Month-to-month,No,Bank transfer (automatic),20.1,43.15,No,0,0-12
5562-YJQGT,Female,0,No,No,2,Yes,No,No,No internet service,No internet service,No internet service,No internet service,No internet service,No internet service,Month-to-month,No,Credit card (automatic),20.35,35.1,No,0,0-12
8807-OPMBM,Female,0,Yes,Yes,55,Yes,Yes,No,No internet service,No internet service,No internet service,No internet service,No internet service,No internet service,Two year,Yes,Credit card (automatic),25.65,1388.0,No,0,49-60
5439-WIKXB,Male,1,Yes,No,41,Yes,No,Fiber optic,No,Yes,No,No,Yes,Yes,Month-to-month,Yes,Electronic check,94.55,3851.45,No,0,37-48
9874-QLCLH,Female,0,Yes,Yes,17,Yes,Yes,Fiber optic,Yes,No,Yes,No,Yes,Yes,Month-to-month,Yes,Electronic check,104.2,1743.5,Yes,1,13-24
8294-UIMBA,Female,0,No,No,30,Yes,No,Fiber optic,No,No,No,Yes,Yes,Yes,One year,Yes,Bank transfer (automatic),94.4,2638.1,No,0,25-36
8109-YUOHE,Male,0,No,No,17,Yes,No,DSL,Yes,Yes,No,No,No,No,One year,No,Mailed check,56.1,946.95,No,0,13-24
5840-NVDCG,Female,0,Yes,Yes,16,Yes,No,DSL,Yes,Yes,No,Yes,No,Yes,Two year,No,Bank transfer (automatic),68.25,1114.85,No,0,13-24
8092-NLTGF,Male,0,No,No,72,Yes,Yes,No,No internet service,No internet service,No internet service,No internet service,No internet service,No internet service,Two year,No,Bank transfer (automatic),24.75,1777.6,No,0,61-72
5928-QLDHB,Male,0,No,No,9,Yes,Yes,Fiber optic,No,No,No,No,No,No,Month-to-month,Yes,Electronic check,76.25,684.85,No,0,0-12
9840-EFJQB,Female,0,No,No,1,Yes,No,Fiber optic,No,Yes,No,No,No,No,Month-to-month,No,Electronic check,74.35,74.35,No,0,0-12
0696-UKTOX,Male,0,No,Yes,23,Yes,No,DSL,No,Yes,No,Yes,No,No,Month-to-month,No,Electronic check,54.15,1312.45,No,0,13-24
4801-KFYKL,Male,0,No,Yes,8,Yes,No,No,No internet service,No internet service,No internet service,No internet service,No internet service,No internet service,Month-to-month,No,Bank transfer (automatic),19.45,159.2,No,0,0-12
3472-OAOOR,Male,0,Yes,Yes,19,No,No phone service,DSL,Yes,Yes,No,No,No,No,Month-to-month,Yes,Mailed check,34.95,610.2,No,0,13-24
6135-OZQVA,Female,0,No,No,7,Yes,Yes,DSL,Yes,No,No,No,No,No,Month-to-month,Yes,Electronic check,53.65,404.35,No,0,0-12
8062-YBDOE,Male,1,No,No,1,Yes,No,Fiber optic,No,No,No,No,No,No,Month-to-month,Yes,Electronic check,69.65,69.65,Yes,1,0-12
2252-JHJGE,Male,0,No,No,61,Yes,Yes,Fiber optic,Yes,No,Yes,No,Yes,Yes,One year,No,Electronic check,104.0,6363.45,No,0,61-72
4188-PCPIG,Female,0,Yes,No,57,Yes,No,DSL,Yes,Yes,No,Yes,Yes,No,Two year,Yes,Credit card (automatic),70.35,4124.65,No,0,49-60
6000-APYLU,Male,0,No,No,9,Yes,No,Fiber optic,No,No,No,No,No,Yes,Month-to-month,Yes,Electronic check,80.8,713.1,Yes,1,0-12
7105-BENQF,Male,0,No,Yes,15,Yes,No,DSL,Yes,No,Yes,No,No,Yes,One year,No,Mailed check,64.85,950.75,No,0,13-24
7721-DVEKZ,Female,0,No,No,1,Yes,No,No,No internet service,No internet service,No internet service,No internet service,No internet service,No internet service,Month-to-month,No,Mailed check,19.65,19.65,No,0,0-12
3566-VVORZ,Female,0,Yes,No,12,Yes,No,DSL,No,No,No,No,No,No,Month-to-month,No,Bank transfer (automatic),45.9,505.95,No,0,0-12
9507-HSMMZ,Male,0,No,No,54,Yes,No,No,No internet service,No internet service,No internet service,No internet service,No internet service,No internet service,Two year,No,Mailed check,20.0,1149.65,No,0,49-60
2480-SQIOB,Male,0,Yes,Yes,4,Yes,No,DSL,No,No,No,No,No,No,Month-to-month,No,Electronic check,44.8,169.65,No,0,0-12
0947-IDHRQ,Female,0,No,No,7,Yes,No,Fiber optic,No,No,No,No,Yes,No,Month-to-month,Yes,Mailed check,80.3,526.7,Yes,1,0-12
7813-TKCVO,Female,0,Yes,No,20,Yes,No,No,No internet service,No internet service,No internet service,No internet service,No internet service,No internet service,One year,No,Mailed check,20.35,393.15,No,0,13-24
0128-MKWSG,Female,0,No,Yes,26,No,No phone service,DSL,Yes,No,No,Yes,No,Yes,Month-to-month,No,Mailed check,45.8,1147.0,No,0,25-36
3672-YITQD,Male,1,Yes,No,36,Yes,Yes,Fiber optic,No,No,No,No,No,Yes,Month-to-month,Yes,Electronic check,84.1,3021.6,Yes,1,25-36
4350-ZTLPI,Female,0,Yes,No,53,Yes,Yes,Fiber optic,No,Yes,Yes,Yes,Yes,Yes,One year,Yes,Bank transfer (automatic),108.95,5718.2,No,0,49-60
9048-JVYVF,Male,0,No,No,3,Yes,No,DSL,No,No,No,Yes,Yes,Yes,Month-to-month,Yes,Electronic check,69.35,191.35,Yes,1,0-12
0361-HJRDX,Female,0,No,No,68,No,No phone service,DSL,Yes,Yes,Yes,Yes,Yes,Yes,Two year,No,Credit card (automatic),64.35,4539.6,No,0,61-72
5727-MYATE,Male,0,Yes,Yes,72,Yes,Yes,DSL,Yes,Yes,Yes,Yes,Yes,Yes,Two year,Yes,Credit card (automatic),90.8,6397.6,No,0,61-72
3823-KYNQY,Male,0,No,No,12,Yes,Yes,No,No internet service,No internet service,No internet service,No internet service,No internet service,No internet service,One year,No,Credit card (automatic),24.95,280.4,No,0,0-12
8988-ECPJR,Female,1,Yes,Yes,34,Yes,Yes,Fiber optic,No,Yes,No,No,No,No,Month-to-month,Yes,Mailed check,79.6,2718.3,Yes,1,25-36
7570-WELNY,Female,0,Yes,No,68,Yes,Yes,Fiber optic,Yes,Yes,No,No,No,No,Two year,Yes,Bank transfer (automatic),84.7,5711.05,No,0,61-72
3021-VLNRJ,Female,0,No,Yes,50,Yes,No,DSL,Yes,No,Yes,Yes,Yes,No,One year,Yes,Credit card (automatic),70.8,3478.15,No,0,49-60
3776-EKTKM,Female,1,No,No,1,No,No phone service,DSL,No,No,No,No,Yes,No,Month-to-month,Yes,Electronic check,36.45,36.45,Yes,1,0-12
2080-CAZNM,Female,1,No,No,41,Yes,Yes,Fiber optic,No,Yes,Yes,No,Yes,Yes,Month-to-month,Yes,Electronic check,104.4,4133.95,No,0,37-48
1028-FFNJK,Male,1,Yes,No,30,Yes,Yes,Fiber optic,No,No,No,Yes,Yes,Yes,Month-to-month,Yes,Electronic check,101.5,2917.65,No,0,25-36
6907-FLBER,Male,0,No,No,1,Yes,Yes,DSL,No,Yes,No,No,No,No,Month-to-month,No,Electronic check,54.3,54.3,No,0,0-12
3001-UNBTL,Male,1,Yes,Yes,29,Yes,Yes,Fiber optic,No,No,Yes,No,Yes,Yes,Month-to-month,Yes,Electronic check,103.95,2964.8,No,0,25-36
5982-PSMKW,Female,0,Yes,Yes,23,Yes,Yes,DSL,Yes,Yes,Yes,Yes,Yes,Yes,Two year,Yes,Credit card (automatic),91.1,2198.3,No,0,13-24
3507-GASNP,Male,0,No,Yes,60,Yes,No,No,No internet service,No internet service,No internet service,No internet service,No internet service,No internet service,Two year,No,Mailed check,19.95,1189.9,No,0,49-60
7096-ZNBZI,Female,0,Yes,No,72,Yes,Yes,No,No internet service,No internet service,No internet service,No internet service,No internet service,No internet service,Two year,No,Credit card (automatic),26.45,1914.5,No,0,61-72
1902-XBTFB,Male,0,No,Yes,22,Yes,No,Fiber optic,No,Yes,Yes,No,Yes,No,Month-to-month,Yes,Electronic check,89.4,2001.5,Yes,1,13-24
1676-MQAOA,Male,0,No,No,72,Yes,No,DSL,Yes,Yes,Yes,Yes,Yes,No,Two year,Yes,Bank transfer (automatic),75.1,5336.35,No,0,61-72
0786-IVLAW,Female,1,No,No,66,Yes,Yes,Fiber optic,No,Yes,Yes,No,Yes,Yes,One year,No,Bank transfer (automatic),108.1,7238.6,No,0,61-72
7566-DSRLQ,Female,0,Yes,No,72,Yes,Yes,Fiber optic,No,Yes,Yes,Yes,Yes,Yes,Two year,Yes,Electronic check,110.15,7998.8,No,0,61-72
0643-OKLRP,Female,1,Yes,No,47,Yes,Yes,Fiber optic,Yes,No,No,No,No,No,Month-to-month,No,Electronic check,80.35,3825.85,Yes,1,37-48
7245-JMTTQ,Female,0,No,No,51,Yes,Yes,Fiber optic,No,Yes,Yes,Yes,Yes,Yes,One year,Yes,Electronic check,111.5,5703.25,No,0,49-60
6050-IJRHS,Female,0,Yes,Yes,70,Yes,Yes,Fiber optic,No,Yes,Yes,No,Yes,Yes,One year,Yes,Electronic check,106.5,7397.0,No,0,61-72
6202-JVYEU,Male,0,No,No,9,Yes,No,No,No internet service,No internet service,No internet service,No internet service,No internet service,No internet service,One year,Yes,Electronic check,19.9,164.6,No,0,0-12
8591-TKMZH,Male,0,Yes,Yes,59,Yes,Yes,Fiber optic,Yes,Yes,No,Yes,Yes,Yes,Two year,Yes,Mailed check,111.1,6555.2,No,0,49-60
0734-OXWBT,Male,0,No,Yes,3,Yes,No,DSL,No,No,No,Yes,Yes,Yes,Month-to-month,No,Mailed check,70.7,225.65,No,0,0-12
4282-ACRXS,Male,1,Yes,No,38,No,No phone service,DSL,No,No,No,No,No,No,Month-to-month,Yes,Electronic check,24.85,955.75,No,0,37-48
0365-TRTPY,Female,0,No,No,37,Yes,Yes,Fiber optic,Yes,Yes,Yes,No,No,No,Month-to-month,No,Bank transfer (automatic),91.2,3382.3,No,0,37-48
7349-ALMUX,Male,0,No,No,37,Yes,No,DSL,Yes,Yes,Yes,Yes,No,No,Two year,No,Bank transfer (automatic),65.6,2313.8,No,0,37-48
9381-NDKME,Female,1,Yes,No,24,No,No phone service,DSL,No,No,Yes,No,No,Yes,Month-to-month,Yes,Credit card (automatic),40.65,933.3,Yes,1,13-24
6502-KUGLL,Female,0,Yes,Yes,14,Yes,No,DSL,Yes,Yes,No,Yes,No,No,Month-to-month,No,Bank transfer (automatic),59.45,780.85,No,0,13-24
1841-YSJGV,Male,0,Yes,No,72,Yes,Yes,Fiber optic,Yes,Yes,No,Yes,Yes,Yes,Two year,Yes,Credit card (automatic),109.95,7852.4,No,0,61-72
2794-XIMMO,Male,0,Yes,No,53,No,No phone service,DSL,No,Yes,Yes,Yes,Yes,Yes,One year,Yes,Electronic check,60.45,3184.25,Yes,1,49-60
8382-SHQEH,Female,0,Yes,No,8,Yes,Yes,Fiber optic,No,No,No,No,No,Yes,Month-to-month,Yes,Electronic check,84.9,764.95,Yes,1,0-12
3511-BFTJW,Male,0,Yes,Yes,72,No,No phone service,DSL,Yes,Yes,Yes,No,No,No,Two year,No,Credit card (automatic),38.5,2763.0,No,0,61-72
7668-XCFYV,Female,1,Yes,No,17,Yes,Yes,Fiber optic,No,No,No,No,Yes,Yes,Month-to-month,Yes,Electronic check,92.55,1614.7,No,0,13-24
2983-ZANRP,Female,0,Yes,Yes,2,Yes,No,Fiber optic,No,Yes,No,No,No,No,Month-to-month,Yes,Bank transfer (automatic),73.55,145.4,Yes,1,0-12
7845-URHJN,Female,0,Yes,No,8,Yes,No,No,No internet service,No internet service,No internet service,No internet service,No internet service,No internet service,Month-to-month,No,Bank transfer (automatic),20.15,156.25,Yes,1,0-12
3034-ZBEQN,Female,0,Yes,No,48,No,No phone service,DSL,No,Yes,Yes,No,No,No,One year,No,Mailed check,34.7,1604.5,Yes,1,37-48
5018-HEKFO,Female,0,No,No,10,Yes,Yes,No,No internet service,No internet service,No internet service,No internet service,No internet service,No internet service,Month-to-month,Yes,Mailed check,24.5,270.15,No,0,0-12
2923-ARZLG,Male,0,Yes,Yes,0,Yes,No,No,No internet service,No internet service,No internet service,No internet service,No internet service,No internet service,One year,Yes,Mailed check,19.7,,No,0,0-12
3976-NLDEZ,Male,0,No,No,1,Yes,No,No,No internet service,No internet service,No internet service,No internet service,No internet service,No internet service,Month-to-month,No,Mailed check,20.6,20.6,No,0,0-12
2282-YGNOR,Female,0,No,No,29,Yes,No,DSL,Yes,No,Yes,Yes,No,No,One year,No,Credit card (automatic),58.0,1734.5,No,0,25-36
5336-UFNZP,Female,1,Yes,Yes,65,Yes,Yes,Fiber optic,No,Yes,Yes,No,Yes,Yes,One year,Yes,Electronic check,107.45,7047.5,No,0,61-72
6854-EXGSF,Female,0,No,No,8,Yes,Yes,DSL,Yes,Yes,Yes,No,No,No,Month-to-month,Yes,Bank transfer (automatic),65.5,573.15,No,0,0-12
1241-EZFMJ,Male,0,Yes,No,61,Yes,Yes,No,No internet service,No internet service,No internet service,No internet service,No internet service,No internet service,Two year,No,Bank transfer (automatic),25.45,1538.6,No,0,61-72
9233-PSYHO,Female,1,No,No,45,Yes,Yes,Fiber optic,No,No,Yes,No,Yes,Yes,One year,Yes,Bank transfer (automatic),100.15,4459.8,No,0,37-48
5376-PCKNB,Male,0,Yes,Yes,72,Yes,Yes,Fiber optic,No,Yes,Yes,No,Yes,Yes,One year,Yes,Credit card (automatic),104.45,7459.0,No,0,61-72
8044-BGWPI,Male,0,Yes,Yes,12,Yes,No,No,No internet service,No internet service,No internet service,No internet service,No internet service,No internet service,Month-to-month,Yes,Electronic check,21.15,306.05,No,0,0-12
4060-LDNLU,Male,0,No,No,7,Yes,Yes,Fiber optic,No,No,No,No,Yes,Yes,Month-to-month,No,Electronic check,96.2,639.7,No,0,0-12
3589-PPVKW,Male,0,No,No,9,Yes,No,DSL,No,No,No,No,No,No,Month-to-month,Yes,Mailed check,44.4,348.15,No,0,0-12
8327-LZKAS,Female,1,Yes,No,43,Yes,Yes,Fiber optic,No,No,Yes,Yes,Yes,Yes,One year,Yes,Electronic check,107.55,4533.9,Yes,1,37-48
5887-IKKYO,Male,0,Yes,Yes,58,Yes,Yes,Fiber optic,No,No,Yes,Yes,No,Yes,Two year,No,Bank transfer (automatic),94.35,5563.65,No,0,49-60
1075-BGWOH,Male,1,Yes,No,16,Yes,Yes,Fiber optic,No,No,Yes,No,Yes,Yes,Month-to-month,Yes,Electronic check,98.75,1587.55,Yes,1,13-24
1755-RMCXH,Male,0,Yes,Yes,2,Yes,No,No,No internet service,No internet service,No internet service,No internet service,No internet service,No internet service,Month-to-month,No,Mailed check,20.3,40.25,No,0,0-12
0302-JOIVN,Female,0,Yes,No,8,Yes,No,Fiber optic,No,Yes,Yes,No,Yes,Yes,Month-to-month,No,Electronic check,101.15,842.9,Yes,1,0-12
3858-XHYJO,Female,0,Yes,No,40,Yes,Yes,Fiber optic,Yes,No,Yes,No,Yes,Yes,One year,No,Bank transfer (automatic),105.75,4228.55,No,0,37-48
4299-SIMNS,Male,0,No,No,9,Yes,Yes,Fiber optic,Yes,No,No,No,No,No,Month-to-month,Yes,Electronic check,81.15,784.45,No,0,0-12
7025-IWFHT,Male,0,No,No,41,Yes,No,Fiber optic,No,Yes,No,Yes,Yes,No,One year,Yes,Electronic check,89.55,3729.75,No,0,37-48
6261-LHRTG,Female,0,No,No,26,Yes,No,DSL,No,Yes,Yes,No,No,No,Month-to-month,Yes,Credit card (automatic),54.75,1406.9,No,0,25-36
7841-FCRQD,Female,0,Yes,No,33,Yes,No,DSL,No,Yes,No,Yes,No,No,One year,Yes,Credit card (automatic),53.75,1857.3,No,0,25-36
2056-EVGZL,Male,0,Yes,Yes,68,Yes,No,Fiber optic,No,Yes,Yes,Yes,Yes,Yes,One year,No,Credit card (automatic),105.75,7322.5,No,0,61-72
8777-MBMTS,Female,1,Yes,No,65,Yes,No,Fiber optic,No,Yes,Yes,Yes,Yes,Yes,Two year,Yes,Credit card (automatic),105.85,6725.5,No,0,61-72
7753-USQYQ,Male,0,No,No,55,Yes,No,DSL,No,Yes,No,Yes,No,Yes,One year,Yes,Electronic check,64.2,3627.3,No,0,49-60
5366-IJEQJ,Male,0,No,No,20,Yes,Yes,Fiber optic,No,No,Yes,No,Yes,No,Month-to-month,Yes,Electronic check,88.7,1761.45,Yes,1,13-24
7661-CPURM,Male,0,No,No,19,Yes,No,Fiber optic,No,No,No,Yes,No,Yes,One year,Yes,Credit card (automatic),87.7,1725.95,No,0,13-24
6233-HXJMX,Female,0,No,No,45,Yes,Yes,Fiber optic,No,No,Yes,No,No,Yes,Month-to-month,Yes,Credit card (automatic),89.3,4192.15,No,0,37-48
5902-WBLSE,Female,0,Yes,Yes,70,Yes,No,No,No internet service,No internet service,No internet service,No internet service,No internet service,No internet service,Two year,Yes,Credit card (automatic),20.15,1411.2,No,0,61-72
1981-INRFU,Female,0,No,No,2,Yes,No,Fiber optic,No,No,No,No,Yes,No,Month-to-month,Yes,Electronic check,79.75,164.5,Yes,1,0-12
4971-PUYQO,Female,0,No,No,27,Yes,Yes,Fiber optic,No,No,No,No,Yes,Yes,Month-to-month,Yes,Mailed check,94.55,2724.6,Yes,1,25-36
3239-TPHPZ,Female,0,Yes,No,12,Yes,No,No,No internet service,No internet service,No internet service,No internet service,No internet service,No internet service,Two year,Yes,Electronic check,20.05,264.55,No,0,0-12
5115-GZDEL,Male,0,No,Yes,72,No,No phone service,DSL,Yes,Yes,Yes,Yes,Yes,Yes,Two year,No,Credit card (automatic),67.2,4671.7,No,0,61-72
3338-CVVEH,Male,0,No,No,12,Yes,Yes,Fiber optic,No,No,No,No,Yes,Yes,Month-to-month,No,Electronic check,94.55,1173.55,No,0,0-12
8485-GJCDN,Female,1,No,No,5,Yes,No,Fiber optic,No,No,No,No,No,No,Month-to-month,Yes,Mailed check,69.05,318.5,Yes,1,0-12
2615-YVMYX,Male,1,Yes,No,71,Yes,Yes,Fiber optic,Yes,Yes,Yes,No,Yes,Yes,Month-to-month,Yes,Electronic check,107.5,7713.55,No,0,61-72
2851-STERV,Male,1,No,No,35,Yes,No,DSL,No,No,Yes,Yes,Yes,Yes,One year,Yes,Electronic check,73.0,2471.25,No,0,25-36
4393-GEADV,Male,0,Yes,Yes,70,Yes,Yes,Fiber optic,Yes,Yes,Yes,Yes,Yes,Yes,Two year,No,Credit card (automatic),114.75,7842.3,No,0,61-72
8486-AYEQH,Female,0,No,No,31,Yes,Yes,Fiber optic,No,No,No,No,No,No,Month-to-month,Yes,Electronic check,76.05,2227.8,No,0,25-36
1527-SXDPN,Male,0,Yes,Yes,52,Yes,Yes,Fiber optic,No,No,Yes,Yes,No,Yes,Two year,Yes,Bank transfer (automatic),96.25,4990.25,Yes,1,49-60
6029-WTIPC,Male,1,No,No,37,Yes,Yes,Fiber optic,No,No,Yes,No,Yes,Yes,Month-to-month,Yes,Electronic check,101.1,3744.05,Yes,1,37-48
8634-CILSZ,Male,0,No,No,69,Yes,Yes,Fiber optic,No,Yes,No,Yes,Yes,Yes,One year,Yes,Bank transfer (automatic),104.7,7220.35,Yes,1,61-72
5419-JKZNQ,Male,1,Yes,No,30,Yes,Yes,Fiber optic,No,No,No,No,No,No,Month-to-month,No,Mailed check,77.9,2351.45,No,0,25-36
2495-KZNFB,Female,0,No,No,33,Yes,Yes,Fiber optic,Yes,No,No,No,No,Yes,Month-to-month,Yes,Electronic check,90.65,2989.6,No,0,25-36
1409-PHXTF,Male,1,Yes,No,54,Yes,Yes,Fiber optic,No,Yes,Yes,Yes,Yes,Yes,Two year,Yes,Electronic check,110.45,6077.75,No,0,49-60
4560-WQAQW,Female,0,No,No,59,Yes,Yes,DSL,Yes,No,No,Yes,No,Yes,One year,No,Bank transfer (automatic),68.7,4070.95,No,0,49-60
9591-YVTEB,Male,1,No,No,55,No,No phone service,DSL,Yes,Yes,No,No,Yes,No,Month-to-month,Yes,Electronic check,44.85,2479.05,No,0,49-60
9309-BZGNT,Male,1,Yes,No,69,No,No phone service,DSL,No,No,Yes,No,No,No,One year,Yes,Credit card (automatic),29.8,2134.3,No,0,61-72
4274-DRSQT,Female,0,No,No,66,Yes,Yes,Fiber optic,No,Yes,No,No,Yes,No,One year,Yes,Bank transfer (automatic),88.9,6000.1,No,0,61-72
2027-DNKIV,Male,0,Yes,Yes,37,Yes,No,DSL,Yes,No,Yes,Yes,No,No,One year,Yes,Mailed check,58.75,2203.1,No,0,37-48
8075-GXIUB,Male,1,Yes,No,9,Yes,No,No,No internet service,No internet service,No internet service,No internet service,No internet service,No internet service,One year,No,Credit card (automatic),19.85,183.15,No,0,0-12
2885-HIJDH,Male,0,Yes,Yes,69,Yes,Yes,DSL,Yes,No,Yes,Yes,Yes,Yes,Two year,No,Bank transfer (automatic),86.9,6194.1,No,0,61-72
5424-RLQLC,Male,0,No,No,10,Yes,No,DSL,No,Yes,No,No,Yes,No,Month-to-month,Yes,Mailed check,59.65,638.95,No,0,0-12
6682-QJDGB,Male,0,No,Yes,40,Yes,No,DSL,Yes,Yes,No,No,No,No,Month-to-month,Yes,Mailed check,55.25,2139.2,Yes,1,37-48
6507-DTJZV,Male,0,No,Yes,13,Yes,No,DSL,No,No,No,No,Yes,Yes,Month-to-month,No,Credit card (automatic),66.4,831.75,No,0,13-24
8780-IXSTS,Female,0,No,No,6,Yes,Yes,Fiber optic,No,Yes,No,No,Yes,No,Month-to-month,Yes,Electronic check,90.1,521.3,Yes,1,0-12
7673-BQGKU,Female,0,Yes,Yes,69,Yes,No,No,No internet service,No internet service,No internet service,No internet service,No internet service,No internet service,Two year,No,Bank transfer (automatic),20.15,1337.5,No,0,61-72
6723-WSNTY,Female,1,Yes,No,66,Yes,Yes,Fiber optic,No,Yes,Yes,Yes,Yes,Yes,One year,Yes,Credit card (automatic),108.1,7181.95,No,0,61-72
9530-EHPOH,Male,0,No,No,11,Yes,Yes,DSL,No,No,Yes,No,No,No,Month-to-month,No,Electronic check,53.75,608.0,Yes,1,0-12
2725-IWWBA,Male,0,Yes,Yes,46,Yes,No,DSL,Yes,No,Yes,Yes,No,No,One year,No,Mailed check,56.9,2560.1,No,0,37-48
0345-HKJVM,Female,0,No,No,6,Yes,No,Fiber optic,No,No,No,No,Yes,Yes,Month-to-month,No,Electronic check,89.3,577.6,Yes,1,0-12
1061-PNTHC,Female,0,Yes,Yes,56,Yes,Yes,Fiber optic,Yes,No,Yes,Yes,Yes,Yes,Month-to-month,Yes,Mailed check,109.6,5953.0,No,0,49-60
0394-YONDK,Male,0,Yes,Yes,70,Yes,Yes,No,No internet service,No internet service,No internet service,No internet service,No internet service,No internet service,Two year,No,Credit card (automatic),25.15,1790.15,No,0,61-72
6574-MCOEH,Female,0,Yes,Yes,33,Yes,Yes,DSL,No,No,Yes,Yes,Yes,Yes,One year,Yes,Electronic check,79.15,2531.4,No,0,25-36
7399-QHBJS,Female,0,Yes,Yes,72,Yes,Yes,DSL,Yes,Yes,No,Yes,No,No,Two year,No,Credit card (automatic),66.75,4760.3,No,0,61-72
3049-SOLAY,Female,0,Yes,No,3,Yes,Yes,Fiber optic,No,No,No,No,Yes,Yes,Month-to-month,Yes,Electronic check,95.2,292.85,Yes,1,0-12
0997-YTLNY,Female,0,No,Yes,19,Yes,No,DSL,No,No,No,Yes,No,No,Month-to-month,No,Mailed check,48.8,953.65,No,0,13-24
3317-HRTNN,Female,1,No,No,5,No,No phone service,DSL,No,No,No,No,Yes,Yes,Month-to-month,No,Electronic check,45.7,198.0,Yes,1,0-12
9479-HYNYL,Female,0,Yes,No,71,Yes,No,DSL,No,Yes,Yes,Yes,Yes,Yes,Two year,Yes,Credit card (automatic),80.7,5705.05,No,0,61-72
3235-ETOOB,Male,0,Yes,No,8,Yes,No,Fiber optic,Yes,No,No,No,No,No,Month-to-month,Yes,Electronic check,74.5,609.9,Yes,1,0-12
9708-KFDBY,Male,0,No,No,1,Yes,No,No,No internet service,No internet service,No internet service,No internet service,No internet service,No internet service,Month-to-month,No,Credit card (automatic),20.55,20.55,No,0,0-12
8058-INTPH,Female,0,No,No,1,Yes,No,Fiber optic,No,No,No,No,Yes,No,Month-to-month,Yes,Electronic check,79.65,79.65,Yes,1,0-12
3642-GKTCT,Female,0,No,No,61,Yes,Yes,Fiber optic,Yes,Yes,Yes,Yes,Yes,Yes,One year,Yes,Mailed check,115.1,6993.65,No,0,61-72
0774-RMNUW,Female,0,Yes,Yes,71,No,No phone service,DSL,Yes,Yes,No,Yes,Yes,Yes,Two year,No,Bank transfer (automatic),59.7,4122.65,No,0,61-72
1334-PDUKM,Female,0,Yes,No,68,Yes,Yes,Fiber optic,No,Yes,Yes,No,No,No,One year,No,Credit card (automatic),86.45,5762.95,No,0,61-72
0756-MPZRL,Male,0,No,No,46,No,No phone service,DSL,No,No,Yes,Yes,No,No,One year,No,Credit card (automatic),33.7,1537.85,No,0,37-48
2242-MFOTG,Male,0,No,No,33,Yes,Yes,Fiber optic,Yes,No,No,No,No,No,One year,No,Bank transfer (automatic),80.1,2603.3,No,0,25-36
2927-CVULT,Female,0,Yes,Yes,53,Yes,Yes,Fiber optic,Yes,Yes,Yes,Yes,No,Yes,Two year,Yes,Bank transfer (automatic),104.05,5566.4,No,0,49-60
2144-BFDSO,Female,1,Yes,No,50,Yes,Yes,Fiber optic,Yes,Yes,Yes,No,Yes,Yes,Month-to-month,No,Bank transfer (automatic),108.75,5431.9,No,0,49-60
8745-PVESG,Female,0,No,No,57,No,No phone service,DSL,Yes,No,Yes,Yes,No,No,One year,Yes,Credit card (automatic),41.1,2258.25,No,0,49-60
7647-GYYKX,Female,0,Yes,Yes,54,Yes,No,No,No internet service,No internet service,No internet service,No internet service,No internet service,No internet service,Two year,Yes,Bank transfer (automatic),20.35,1092.35,No,0,49-60
5647-FXOTP,Female,1,Yes,No,60,Yes,Yes,Fiber optic,No,Yes,Yes,No,Yes,Yes,Month-to-month,Yes,Electronic check,105.9,6401.25,No,0,49-60
5569-OUICF,Female,1,Yes,No,28,Yes,Yes,Fiber optic,No,No,No,Yes,Yes,Yes,Month-to-month,Yes,Credit card (automatic),101.3,2812.2,Yes,1,25-36
8821-XNHVZ,Female,0,Yes,Yes,1,Yes,No,Fiber optic,No,No,No,No,Yes,No,Month-to-month,Yes,Mailed check,80.05,80.05,Yes,1,0-12
2082-OJVTK,Male,0,Yes,Yes,29,Yes,Yes,Fiber optic,No,No,Yes,No,No,Yes,Month-to-month,Yes,Electronic check,89.2,2698.35,Yes,1,25-36
9700-ISPUP,Female,0,Yes,Yes,10,Yes,No,DSL,No,Yes,No,Yes,No,Yes,Month-to-month,Yes,Electronic check,65.5,616.9,No,0,0-12
9839-ETQOE,Male,0,No,Yes,43,No,No phone service,DSL,Yes,Yes,Yes,No,No,No,Month-to-month,Yes,Electronic check,40.45,1912.85,No,0,37-48
6078-VESFR,Male,1,Yes,No,13,Yes,No,Fiber optic,No,No,No,No,No,No,Month-to-month,No,Bank transfer (automatic),70.45,849.1,No,0,13-24
9027-TMATR,Female,0,Yes,No,43,Yes,No,DSL,Yes,No,Yes,Yes,Yes,Yes,Two year,Yes,Electronic check,78.8,3460.3,No,0,37-48
5940-NFXKV,Male,0,Yes,Yes,19,Yes,Yes,Fiber optic,No,No,No,No,No,Yes,Month-to-month,Yes,Electronic check,83.65,1465.75,Yes,1,13-24
1941-HOSAM,Male,0,Yes,Yes,1,Yes,No,Fiber optic,No,No,No,No,Yes,Yes,Month-to-month,Yes,Electronic check,90.1,90.1,No,0,0-12
9110-HSGTV,Female,0,No,No,69,Yes,No,DSL,Yes,No,Yes,Yes,Yes,Yes,Two year,Yes,Credit card (automatic),82.45,5555.3,No,0,61-72
0704-VCUMB,Female,0,Yes,No,61,Yes,No,No,No internet service,No internet service,No internet service,No internet service,No internet service,No internet service,Two year,No,Credit card (automatic),20.25,1278.8,No,0,61-72
6171-ZTVYB,Male,0,Yes,No,43,Yes,Yes,DSL,Yes,Yes,No,Yes,No,No,Month-to-month,No,Bank transfer (automatic),66.25,2907.35,No,0,37-48
8053-WWDRO,Female,0,Yes,No,6,Yes,No,No,No internet service,No internet service,No internet service,No internet service,No internet service,No internet service,Month-to-month,No,Bank transfer (automatic),19.5,146.3,Yes,1,0-12
9564-KCLHR,Male,0,No,No,1,Yes,No,DSL,No,No,No,Yes,No,No,Month-to-month,No,Mailed check,51.25,51.25,Yes,1,0-12
1935-IMVBB,Male,0,Yes,No,56,Yes,No,Fiber optic,No,No,No,No,Yes,Yes,Month-to-month,No,Mailed check,89.7,4952.95,No,0,49-60
2535-PBCGC,Female,0,Yes,No,70,No,No phone service,DSL,Yes,Yes,Yes,Yes,Yes,Yes,Two year,No,Bank transfer (automatic),64.55,4504.9,No,0,61-72
2082-CEFLT,Male,0,No,No,1,Yes,No,DSL,No,No,No,No,No,No,Month-to-month,Yes,Electronic check,45.6,45.6,Yes,1,0-12
1470-PSXNM,Male,0,Yes,Yes,49,Yes,Yes,Fiber optic,No,Yes,Yes,No,Yes,No,One year,Yes,Electronic check,93.65,4520.15,No,0,49-60
1213-NGCUN,Female,0,No,No,6,Yes,No,DSL,No,No,No,Yes,No,No,Month-to-month,Yes,Bank transfer (automatic),49.65,267.35,Yes,1,0-12
2498-XLDZR,Female,0,Yes,Yes,32,Yes,No,DSL,Yes,Yes,Yes,Yes,No,Yes,Two year,No,Mailed check,73.6,2316.85,No,0,25-36
9866-OCCKE,Female,1,Yes,No,72,Yes,Yes,Fiber optic,Yes,No,Yes,Yes,Yes,Yes,Two year,Yes,Mailed check,109.75,8075.35,No,0,61-72
5338-YHWYT,Male,0,No,Yes,37,Yes,No,DSL,Yes,Yes,No,Yes,No,No,Two year,No,Credit card (automatic),61.45,2302.35,No,0,37-48
7718-UPSKJ,Female,0,Yes,No,69,Yes,No,Fiber optic,Yes,Yes,No,Yes,Yes,Yes,One year,Yes,Credit card (automatic),106.4,7251.9,No,0,61-72
8731-WBBMB,Female,0,Yes,No,26,Yes,No,DSL,No,Yes,Yes,Yes,Yes,Yes,Month-to-month,No,Bank transfer (automatic),81.9,2078.55,No,0,25-36
1448-CYWKC,Female,0,Yes,Yes,58,Yes,Yes,Fiber optic,No,Yes,Yes,No,Yes,Yes,One year,Yes,Credit card (automatic),105.2,6225.4,No,0,49-60
7901-IIDQV,Male,0,No,No,24,Yes,Yes,DSL,No,No,No,Yes,No,No,One year,No,Bank transfer (automatic),54.6,1242.25,No,0,13-24
2690-DVRVK,Male,0,Yes,Yes,5,Yes,No,No,No internet service,No internet service,No internet service,No internet service,No internet service,No internet service,One year,No,Electronic check,20.55,99.45,No,0,0-12
5688-KZTSN,Male,0,Yes,Yes,15,Yes,No,No,No internet service,No internet service,No internet service,No internet service,No internet service,No internet service,Month-to-month,Yes,Electronic check,20.0,288.05,Yes,1,13-24
1270-XKUCC,Female,0,Yes,Yes,30,Yes,No,No,No internet service,No internet service,No internet service,No internet service,No internet service,No internet service,Two year,No,Mailed check,19.7,599.25,No,0,25-36
0334-ZFJSR,Female,0,Yes,No,55,Yes,Yes,DSL,Yes,Yes,No,Yes,No,No,One year,Yes,Credit card (automatic),66.05,3462.1,No,0,49-60
2894-QOJRX,Female,0,Yes,No,25,No,No phone service,DSL,No,No,No,No,Yes,No,Month-to-month,Yes,Bank transfer (automatic),34.0,853.0,Yes,1,25-36
5747-PMBSQ,Male,1,Yes,No,10,Yes,No,Fiber optic,No,Yes,Yes,Yes,Yes,No,Month-to-month,Yes,Mailed check,92.5,934.1,Yes,1,0-12
5583-EJXRD,Male,0,Yes,Yes,44,No,No phone service,DSL,Yes,Yes,Yes,Yes,No,Yes,Two year,Yes,Credit card (automatic),54.05,2375.2,No,0,37-48
4565-EVZMJ,Female,0,No,No,47,Yes,No,DSL,Yes,Yes,No,Yes,No,No,One year,Yes,Mailed check,58.9,2813.05,No,0,37-48
3143-JQEGI,Female,0,Yes,Yes,13,Yes,No,Fiber optic,No,No,No,No,Yes,Yes,Month-to-month,No,Electronic check,88.35,1222.8,Yes,1,13-24
6386-SZZKH,Female,0,Yes,Yes,49,Yes,Yes,Fiber optic,No,Yes,Yes,Yes,Yes,Yes,Two year,Yes,Bank transfer (automatic),107.95,5293.2,Yes,1,49-60
3327-YBAKM,Female,0,Yes,No,64,Yes,No,Fiber optic,Yes,No,No,Yes,Yes,Yes,One year,Yes,Mailed check,96.9,6314.35,No,0,61-72
9441-QHEVC,Male,0,No,No,1,Yes,No,No,No internet service,No internet service,No internet service,No internet service,No internet service,No internet service,Month-to-month,No,Mailed check,19.1,19.1,No,0,0-12
6705-LNMDD,Male,0,No,No,20,Yes,No,DSL,No,No,No,Yes,No,No,Month-to-month,No,Mailed check,50.0,1003.05,No,0,13-24
2580-ASVVY,Female,0,Yes,No,37,No,No phone service,DSL,Yes,No,No,Yes,Yes,No,Two year,No,Electronic check,45.4,1593.1,No,0,37-48
3370-GQEAL,Male,0,Yes,Yes,30,Yes,Yes,Fiber optic,No,No,No,No,Yes,No,Month-to-month,No,Electronic check,85.45,2509.95,No,0,25-36
5032-USPKF,Female,0,No,No,38,Yes,Yes,DSL,Yes,Yes,Yes,No,Yes,Yes,One year,No,Bank transfer (automatic),84.1,3187.65,No,0,37-48
2982-IHMFT,Female,1,No,No,1,Yes,Yes,Fiber optic,No,No,No,No,No,No,Month-to-month,Yes,Mailed check,74.45,74.45,Yes,1,0-12
3521-SYVOR,Female,0,No,No,37,Yes,No,DSL,No,No,No,No,Yes,Yes,Month-to-month,Yes,Electronic check,64.75,2345.2,Yes,1,37-48
4254-QPEDE,Female,0,Yes,No,52,No,No phone service,DSL,Yes,Yes,Yes,Yes,Yes,Yes,Two year,No,Credit card (automatic),66.25,3330.1,No,0,49-60
6283-GITPX,Male,0,No,Yes,71,Yes,No,DSL,Yes,Yes,Yes,Yes,Yes,No,Two year,Yes,Credit card (automatic),76.9,5522.7,No,0,61-72
9526-JAWYF,Male,0,No,No,26,Yes,No,Fiber optic,No,Yes,Yes,No,Yes,No,Month-to-month,No,Electronic check,89.8,2335.3,Yes,1,25-36
0771-CHWSK,Male,0,No,No,66,Yes,Yes,DSL,Yes,Yes,Yes,No,No,Yes,Two year,Yes,Credit card (automatic),74.6,4798.4,No,0,61-72
9788-HNGUT,Male,0,Yes,No,72,Yes,Yes,Fiber optic,Yes,Yes,Yes,Yes,Yes,Yes,Two year,Yes,Credit card (automatic),116.95,8594.4,No,0,61-72
9495-REDIY,Male,0,No,Yes,25,No,No phone service,DSL,Yes,No,No,No,Yes,No,One year,Yes,Credit card (automatic),40.65,970.55,No,0,25-36
5375-XLDOF,Male,0,Yes,Yes,69,Yes,Yes,Fiber optic,Yes,Yes,Yes,Yes,Yes,Yes,Two year,Yes,Bank transfer (automatic),114.35,7665.8,No,0,61-72
1172-VIYBP,Male,0,Yes,Yes,53,Yes,Yes,DSL,Yes,Yes,No,No,No,Yes,Two year,No,Bank transfer (automatic),69.7,3686.05,No,0,49-60
5649-VUKMC,Female,0,No,No,12,Yes,No,Fiber optic,No,No,Yes,No,Yes,Yes,One year,No,Mailed check,95.5,1115.15,Yes,1,0-12
6559-PDZLR,Male,0,No,No,26,Yes,No,Fiber optic,No,No,Yes,Yes,Yes,Yes,Month-to-month,Yes,Electronic check,98.65,2537.0,No,0,25-36
8992-OBVDG,Male,0,No,No,21,Yes,No,DSL,No,No,Yes,No,No,Yes,Month-to-month,No,Mailed check,61.65,1393.6,No,0,13-24
4273-MBHYA,Female,0,No,Yes,1,Yes,No,Fiber optic,No,No,No,No,Yes,Yes,Month-to-month,Yes,Electronic check,89.35,89.35,No,0,0-12
4724-WXVWF,Male,0,No,No,48,Yes,Yes,Fiber optic,Yes,No,No,Yes,No,Yes,Month-to-month,Yes,Electronic check,95.4,4445.3,No,0,37-48
5701-GUXDC,Female,0,Yes,No,26,No,No phone service,DSL,Yes,No,Yes,No,No,No,One year,No,Credit card (automatic),35.4,978.6,No,0,25-36
1460-UZPRJ,Male,0,Yes,No,60,Yes,No,No,No internet service,No internet service,No internet service,No internet service,No internet service,No internet service,Two year,No,Mailed check,19.95,1258.15,No,0,49-60
6082-GLJIX,Male,0,No,No,18,Yes,No,No,No internet service,No internet service,No internet service,No internet service,No internet service,No internet service,Month-to-month,No,Mailed check,19.25,331.35,No,0,13-24
5143-EGQFK,Female,1,No,No,10,No,No phone service,DSL,No,No,No,Yes,No,No,Month-to-month,Yes,Electronic check,29.65,291.4,Yes,1,0-12
4919-IKATY,Male,0,Yes,Yes,5,Yes,Yes,Fiber optic,Yes,No,Yes,No,No,No,Month-to-month,Yes,Electronic check,84.5,453.75,Yes,1,0-12
2495-TTHBQ,Female,0,No,Yes,4,Yes,No,No,No internet service,No internet service,No internet service,No internet service,No internet service,No internet service,One year,Yes,Mailed check,20.4,84.75,No,0,0-12
0485-ZBSLN,Male,0,Yes,Yes,65,Yes,Yes,No,No internet service,No internet service,No internet service,No internet service,No internet service,No internet service,Two year,No,Credit card (automatic),24.75,1715.1,No,0,61-72
3810-PJUHR,Male,0,Yes,Yes,70,Yes,Yes,No,No internet service,No internet service,No internet service,No internet service,No internet service,No internet service,Two year,No,Mailed check,25.35,1715.15,No,0,61-72
9050-QLROH,Male,0,No,No,18,Yes,Yes,Fiber optic,No,No,Yes,No,No,Yes,Month-to-month,Yes,Credit card (automatic),90.7,1597.25,Yes,1,13-24
0847-HGRML,Male,0,No,Yes,62,Yes,No,No,No internet service,No internet service,No internet service,No internet service,No internet service,No internet service,Two year,No,Bank transfer (automatic),20.0,1250.1,No,0,61-72
8232-CTLKO,Female,0,Yes,Yes,66,Yes,No,DSL,Yes,No,No,No,Yes,No,Two year,Yes,Electronic check,59.75,3996.8,No,0,61-72
9227-YBAXE,Female,0,Yes,Yes,65,Yes,Yes,DSL,Yes,Yes,No,Yes,Yes,Yes,Two year,Yes,Bank transfer (automatic),82.5,5215.1,No,0,61-72
6168-WFVVF,Female,1,No,No,3,Yes,No,Fiber optic,No,No,No,No,No,No,Month-to-month,Yes,Electronic check,70.3,235.5,Yes,1,0-12
9860-LISIZ,Female,0,No,No,34,Yes,No,No,No internet service,No internet service,No internet service,No internet service,No internet service,No internet service,Month-to-month,No,Mailed check,20.35,673.2,No,0,25-36
0112-QAWRZ,Male,0,Yes,Yes,16,Yes,Yes,Fiber optic,No,No,Yes,No,Yes,No,Month-to-month,Yes,Bank transfer (automatic),90.8,1442.2,No,0,13-24
0877-SDMBN,Female,0,No,No,54,Yes,Yes,Fiber optic,Yes,No,Yes,No,Yes,Yes,One year,Yes,Bank transfer (automatic),103.95,5639.05,Yes,1,49-60
2786-GCDPI,Female,1,No,No,50,Yes,Yes,Fiber optic,No,No,Yes,Yes,Yes,Yes,Month-to-month,Yes,Electronic check,104.95,5222.35,No,0,49-60
4043-MKDTV,Male,0,Yes,No,71,Yes,No,Fiber optic,No,Yes,Yes,Yes,Yes,Yes,Two year,Yes,Electronic check,105.25,7291.75,No,0,61-72
8065-YKXKD,Female,0,No,No,10,Yes,Yes,Fiber optic,No,No,No,No,No,No,Month-to-month,Yes,Electronic check,74.75,799.65,Yes,1,0-12
9637-EIHEQ,Female,0,No,No,1,Yes,No,DSL,No,No,No,Yes,No,No,Month-to-month,Yes,Electronic check,50.8,50.8,Yes,1,0-12
9229-RQABD,Male,0,No,No,18,Yes,Yes,No,No internet service,No internet service,No internet service,No internet service,No internet service,No internet service,One year,No,Mailed check,23.75,424.5,No,0,13-24
8313-KTIHG,Male,0,No,No,4,Yes,No,DSL,No,No,No,Yes,Yes,No,Month-to-month,Yes,Electronic check,61.3,249.4,No,0,0-12
5320-BRKGK,Female,0,Yes,Yes,58,Yes,Yes,DSL,Yes,No,Yes,Yes,Yes,No,Two year,No,Mailed check,75.8,4415.75,No,0,49-60
6284-KMNUF,Female,0,Yes,No,56,Yes,Yes,Fiber optic,Yes,No,No,No,Yes,Yes,One year,Yes,Electronic check,98.0,5270.6,No,0,49-60
9689-PTNPG,Male,0,No,No,2,Yes,No,Fiber optic,No,No,No,No,Yes,No,Month-to-month,Yes,Electronic check,80.25,144.55,Yes,1,0-12
9465-RWMXL,Male,0,Yes,No,32,Yes,Yes,Fiber optic,No,No,Yes,No,No,No,Month-to-month,Yes,Electronic check,78.9,2447.95,Yes,1,25-36
6229-UOLQL,Male,0,Yes,Yes,56,No,No phone service,DSL,Yes,Yes,No,Yes,Yes,No,One year,Yes,Mailed check,52.0,2884.9,No,0,49-60
2362-IBOOY,Male,0,No,No,36,Yes,Yes,Fiber optic,No,No,No,No,No,Yes,Month-to-month,Yes,Electronic check,84.75,3050.15,Yes,1,25-36
3137-LUPIX,Female,0,No,No,4,Yes,Yes,DSL,No,No,No,Yes,Yes,No,Month-to-month,Yes,Mailed check,64.4,253.0,No,0,0-12
0843-WTBXE,Male,0,No,No,53,Yes,Yes,Fiber optic,No,No,No,No,Yes,No,Month-to-month,No,Bank transfer (automatic),85.45,4517.25,Yes,1,49-60
6143-JQKEA,Male,0,No,No,10,Yes,No,DSL,No,No,No,No,No,No,Month-to-month,Yes,Credit card (automatic),45.8,436.2,No,0,0-12
8676-OOQEJ,Male,0,No,No,4,No,No phone service,DSL,No,No,No,Yes,No,No,Month-to-month,No,Electronic check,30.5,118.4,No,0,0-12
5515-IDEJJ,Male,0,Yes,Yes,1,Yes,No,No,No internet service,No internet service,No internet service,No internet service,No internet service,No internet service,Month-to-month,No,Mailed check,19.9,19.9,Yes,1,0-12
9701-CDXHR,Female,0,Yes,No,51,Yes,No,Fiber optic,No,No,No,No,No,No,Month-to-month,No,Mailed check,69.15,3649.6,No,0,49-60
7450-NWRTR,Male,1,No,No,12,Yes,Yes,Fiber optic,No,No,Yes,No,Yes,Yes,Month-to-month,Yes,Electronic check,99.45,1200.15,Yes,1,0-12
8124-NZVGJ,Female,0,No,No,6,No,No phone service,DSL,No,No,No,Yes,Yes,Yes,One year,Yes,Mailed check,49.25,255.6,No,0,0-12
2162-FRZAA,Male,0,Yes,Yes,63,No,No phone service,DSL,No,Yes,Yes,Yes,No,No,Two year,No,Bank transfer (automatic),39.35,2395.05,No,0,61-72
5376-DEQCP,Female,0,No,No,1,Yes,No,Fiber optic,No,No,No,No,No,No,Month-to-month,Yes,Electronic check,70.6,70.6,Yes,1,0-12
5118-MUEYH,Female,0,Yes,No,48,Yes,Yes,Fiber optic,No,Yes,No,Yes,Yes,Yes,Month-to-month,Yes,Credit card (automatic),105.1,5083.55,No,0,37-48
9095-HFAFX,Female,0,No,No,5,Yes,No,Fiber optic,No,No,No,No,Yes,No,Month-to-month,Yes,Credit card (automatic),81.0,389.6,Yes,1,0-12
5627-TVBPP,Female,0,No,Yes,35,Yes,No,No,No internet service,No internet service,No internet service,No internet service,No internet service,No internet service,One year,Yes,Credit card (automatic),20.1,644.5,No,0,25-36
2379-ENZGV,Male,0,No,No,6,Yes,No,Fiber optic,No,Yes,No,No,Yes,No,Month-to-month,Yes,Electronic check,84.85,523.5,Yes,1,0-12
3936-QQFLL,Male,0,No,No,2,Yes,No,No,No internet service,No internet service,No internet service,No internet service,No internet service,No internet service,Month-to-month,No,Mailed check,19.75,39.3,No,0,0-12
2589-AYCRP,Female,0,No,No,50,Yes,No,No,No internet service,No internet service,No internet service,No internet service,No internet service,No internet service,One year,No,Bank transfer (automatic),19.75,989.05,No,0,49-60
4067-HLYQI,Female,0,No,No,33,Yes,No,Fiber optic,No,No,No,No,No,No,Month-to-month,Yes,Bank transfer (automatic),70.4,2406.1,No,0,25-36
5124-EOGYE,Male,0,No,No,31,Yes,No,No,No internet service,No internet service,No internet service,No internet service,No internet service,No internet service,Two year,No,Mailed check,20.45,638.55,No,0,25-36
5057-RKGLH,Female,0,Yes,Yes,9,Yes,No,No,No internet service,No internet service,No internet service,No internet service,No internet service,No internet service,Two year,No,Mailed check,20.35,191.1,No,0,0-12
0292-WEGCH,Female,0,Yes,Yes,54,Yes,Yes,DSL,No,Yes,Yes,Yes,Yes,Yes,Month-to-month,Yes,Electronic check,86.2,4524.05,No,0,49-60
8910-ICHIU,Female,0,No,No,46,Yes,No,Fiber optic,Yes,Yes,Yes,No,Yes,No,One year,Yes,Credit card (automatic),95.65,4664.2,No,0,37-48
4097-YODCF,Male,0,No,Yes,34,Yes,Yes,Fiber optic,Yes,Yes,No,No,Yes,Yes,One year,Yes,Electronic check,103.8,3470.8,No,0,25-36
9715-WZCLW,Male,0,Yes,Yes,71,Yes,Yes,Fiber optic,Yes,No,No,No,Yes,Yes,Two year,Yes,Electronic check,97.2,6910.3,No,0,61-72
9786-YWNHU,Female,0,Yes,Yes,63,Yes,No,DSL,Yes,Yes,Yes,Yes,No,No,Two year,No,Mailed check,63.55,4014.2,No,0,61-72
6407-GSJNL,Female,0,No,No,51,Yes,Yes,No,No internet service,No internet service,No internet service,No internet service,No internet service,No internet service,Two year,No,Bank transfer (automatic),24.95,1288.0,No,0,49-60
6005-OBZPH,Female,1,No,No,26,Yes,Yes,Fiber optic,No,Yes,No,No,Yes,No,Month-to-month,Yes,Electronic check,89.15,2277.65,Yes,1,25-36
4049-ZPALD,Female,0,Yes,No,64,Yes,No,Fiber optic,Yes,No,Yes,No,Yes,Yes,Two year,Yes,Bank transfer (automatic),99.0,6375.8,No,0,61-72
7932-WPTDS,Female,1,Yes,No,1,No,No phone service,DSL,No,No,No,No,No,No,Month-to-month,Yes,Electronic check,24.8,24.8,Yes,1,0-12
3733-UOCWF,Male,1,Yes,No,61,Yes,Yes,Fiber optic,No,Yes,No,Yes,No,No,One year,Yes,Bank transfer (automatic),85.55,5251.75,No,0,61-72
6833-JMZYP,Female,0,No,No,15,Yes,No,Fiber optic,No,No,Yes,No,Yes,Yes,Month-to-month,Yes,Credit card (automatic),94.0,1505.45,No,0,13-24
2722-VOJQL,Male,0,No,No,64,Yes,Yes,Fiber optic,No,Yes,No,Yes,Yes,Yes,One year,Yes,Credit card (automatic),105.65,6903.1,Yes,1,61-72
1310-QRITU,Female,0,No,No,18,Yes,Yes,DSL,No,No,No,No,No,No,Month-to-month,Yes,Electronic check,50.3,913.3,No,0,13-24
8961-QDZZJ,Female,0,Yes,Yes,57,Yes,No,Fiber optic,No,Yes,No,No,Yes,Yes,One year,Yes,Electronic check,95.0,5535.8,No,0,49-60
9715-SBVSU,Male,0,Yes,Yes,14,Yes,No,DSL,Yes,Yes,No,No,No,Yes,Two year,Yes,Bank transfer (automatic),61.4,815.55,No,0,13-24
8490-BXHEO,Male,1,No,No,18,Yes,Yes,Fiber optic,No,Yes,No,No,No,No,Month-to-month,Yes,Credit card (automatic),80.55,1411.65,No,0,13-24
7173-TETGO,Female,1,Yes,No,72,Yes,Yes,Fiber optic,Yes,No,No,No,No,No,Two year,No,Bank transfer (automatic),78.5,5602.25,No,0,61-72
7929-SKFGK,Male,0,Yes,No,70,Yes,Yes,Fiber optic,Yes,Yes,Yes,Yes,Yes,Yes,Two year,No,Credit card (automatic),114.3,8244.3,No,0,61-72
2300-RQGOI,Female,0,No,No,38,Yes,No,No,No internet service,No internet service,No internet service,No internet service,No internet service,No internet service,Two year,No,Mailed check,20.05,741.5,No,0,37-48
3563-SVYLG,Male,0,Yes,Yes,68,Yes,No,DSL,Yes,Yes,Yes,Yes,No,No,Two year,No,Credit card (automatic),62.65,4375.8,No,0,61-72
5228-EXCET,Male,0,No,No,13,Yes,No,Fiber optic,No,No,No,No,No,Yes,Month-to-month,Yes,Electronic check,80.85,1008.7,Yes,1,13-24
6435-VWCCY,Male,1,Yes,No,65,Yes,Yes,Fiber optic,Yes,Yes,No,No,Yes,No,Two year,Yes,Credit card (automatic),92.7,5968.4,No,0,61-72
4998-IKFSE,Female,0,No,No,30,Yes,Yes,Fiber optic,No,No,Yes,No,Yes,Yes,Month-to-month,No,Electronic check,100.45,3096.9,No,0,25-36
8630-QSGXK,Male,0,Yes,No,51,Yes,Yes,DSL,No,No,No,Yes,Yes,Yes,Two year,Yes,Bank transfer (automatic),75.2,3901.25,No,0,49-60
2455-USLMV,Female,0,No,No,31,Yes,Yes,Fiber optic,Yes,No,Yes,No,No,No,Month-to-month,Yes,Credit card (automatic),84.75,2613.4,No,0,25-36
7394-FKDNK,Female,0,Yes,No,9,Yes,No,Fiber optic,No,No,No,No,Yes,Yes,Month-to-month,No,Electronic check,89.45,853.1,Yes,1,0-12
9488-FVZCC,Female,0,Yes,Yes,72,Yes,Yes,DSL,Yes,Yes,Yes,Yes,No,Yes,Two year,Yes,Bank transfer (automatic),79.5,5661.7,No,0,61-72
6331-LWDTQ,Male,0,No,No,10,Yes,Yes,DSL,No,No,No,No,Yes,Yes,Month-to-month,Yes,Credit card (automatic),72.15,794.25,Yes,1,0-12
5995-WWKKG,Female,0,No,No,37,Yes,No,No,No internet service,No internet service,No internet service,No internet service,No internet service,No internet service,One year,Yes,Electronic check,19.8,695.05,No,0,37-48
1597-FZREH,Female,0,No,No,2,Yes,No,DSL,No,No,Yes,Yes,Yes,Yes,Month-to-month,No,Electronic check,76.4,160.8,Yes,1,0-12
7879-CGSFV,Male,0,No,No,55,Yes,No,Fiber optic,Yes,Yes,No,No,Yes,Yes,One year,Yes,Mailed check,100.9,5552.05,No,0,49-60
9921-EZKBY,Male,0,No,Yes,33,Yes,Yes,Fiber optic,Yes,No,Yes,No,No,Yes,Month-to-month,Yes,Bank transfer (automatic),95.3,3275.15,No,0,25-36
7432-FFVAR,Female,0,Yes,Yes,46,Yes,No,Fiber optic,No,No,Yes,Yes,No,Yes,One year,No,Bank transfer (automatic),90.95,4236.6,No,0,37-48
7246-ZGQDF,Female,0,No,Yes,1,Yes,No,DSL,Yes,No,No,Yes,No,No,Month-to-month,No,Electronic check,54.5,54.5,No,0,0-12
7000-WCEVQ,Female,1,No,No,20,Yes,Yes,DSL,No,No,No,No,No,Yes,Month-to-month,Yes,Mailed check,61.6,1174.35,Yes,1,13-24
0727-IWKVK,Male,0,Yes,No,9,Yes,No,Fiber optic,No,Yes,Yes,No,No,No,Month-to-month,Yes,Electronic check,79.9,741.7,Yes,1,0-12
5959-BELXA,Male,1,No,No,32,Yes,Yes,Fiber optic,No,No,No,No,Yes,Yes,Month-to-month,Yes,Credit card (automatic),96.15,3019.25,Yes,1,25-36
4456-RHSNB,Female,0,Yes,Yes,19,Yes,No,DSL,No,No,Yes,No,No,No,Month-to-month,Yes,Bank transfer (automatic),49.6,962.9,No,0,13-24
3512-IZIKN,Female,0,Yes,No,70,Yes,Yes,DSL,Yes,No,Yes,Yes,No,No,Two year,No,Credit card (automatic),65.3,4759.75,Yes,1,61-72
2481-SBOYW,Female,0,No,Yes,61,Yes,Yes,No,No internet service,No internet service,No internet service,No internet service,No internet service,No internet service,Two year,Yes,Credit card (automatic),25.0,1498.35,No,0,61-72
7109-MFBYV,Male,0,No,No,26,Yes,No,DSL,No,No,No,No,No,No,Month-to-month,No,Electronic check,45.45,1233.15,No,0,25-36
1833-TCXKK,Male,0,Yes,No,45,Yes,Yes,Fiber optic,No,Yes,Yes,No,Yes,Yes,Month-to-month,Yes,Bank transfer (automatic),107.75,4882.8,No,0,37-48
1832-PEUTS,Male,0,Yes,Yes,62,Yes,Yes,Fiber optic,No,No,Yes,No,Yes,No,Two year,Yes,Credit card (automatic),89.1,5411.65,No,0,61-72
6141-OOXUQ,Male,0,No,No,1,Yes,No,No,No internet service,No internet service,No internet service,No internet service,No internet service,No internet service,Month-to-month,No,Mailed check,19.65,19.65,Yes,1,0-12
8660-BUETV,Female,0,No,No,3,Yes,No,DSL,No,No,No,No,No,No,Month-to-month,No,Mailed check,44.75,148.05,No,0,0-12
0580-PIQHM,Female,0,Yes,Yes,41,Yes,Yes,Fiber optic,Yes,Yes,Yes,No,No,Yes,One year,Yes,Bank transfer (automatic),101.6,3930.55,No,0,37-48
5696-CEIQJ,Male,0,Yes,Yes,67,Yes,No,Fiber optic,No,Yes,Yes,Yes,Yes,Yes,Two year,No,Bank transfer (automatic),103.15,6895.5,No,0,61-72
7503-ZGUZJ,Male,0,No,No,1,Yes,Yes,Fiber optic,No,No,No,No,Yes,No,Month-to-month,Yes,Mailed check,84.65,84.65,Yes,1,0-12
1696-HXOWK,Female,0,Yes,No,71,Yes,Yes,Fiber optic,Yes,Yes,No,No,Yes,No,One year,No,Mailed check,95.65,6856.95,No,0,61-72
3026-ATZYV,Female,0,Yes,Yes,37,Yes,No,DSL,Yes,Yes,No,No,Yes,Yes,One year,No,Bank transfer (automatic),75.1,2658.8,No,0,37-48
4012-YCFAI,Male,0,Yes,No,60,Yes,No,DSL,Yes,Yes,No,Yes,No,No,Two year,Yes,Mailed check,61.35,3766.2,No,0,49-60
2506-TNFCO,Female,1,Yes,No,1,Yes,No,Fiber optic,No,No,No,No,No,No,Month-to-month,Yes,Electronic check,69.55,69.55,Yes,1,0-12
9970-QBCDA,Female,0,No,No,6,Yes,No,No,No internet service,No internet service,No internet service,No internet service,No internet service,No internet service,Month-to-month,No,Credit card (automatic),19.7,129.55,No,0,0-12
8718-PTMEZ,Female,0,No,No,13,No,No phone service,DSL,No,Yes,No,No,No,No,Month-to-month,Yes,Electronic check,31.05,347.25,Yes,1,13-24
9496-IVVRP,Female,0,Yes,Yes,11,Yes,No,DSL,Yes,No,No,No,No,No,Month-to-month,No,Bank transfer (automatic),51.0,581.7,No,0,0-12
2207-OBZNX,Male,0,No,No,7,Yes,No,DSL,Yes,No,No,No,No,No,Month-to-month,Yes,Mailed check,51.0,354.05,Yes,1,0-12
2657-VPXTA,Female,0,Yes,Yes,10,Yes,No,Fiber optic,No,No,No,No,Yes,Yes,Month-to-month,Yes,Electronic check,88.85,929.45,No,0,0-12
6551-VLJMV,Male,0,Yes,No,34,Yes,No,No,No internet service,No internet service,No internet service,No internet service,No internet service,No internet service,Two year,No,Credit card (automatic),20.05,679.0,No,0,25-36
1221-GHZEP,Female,0,No,No,62,Yes,No,DSL,Yes,No,No,Yes,No,Yes,Two year,Yes,Mailed check,65.1,3846.75,No,0,61-72
9289-LBQVU,Male,0,Yes,No,64,Yes,Yes,DSL,No,Yes,No,Yes,No,Yes,One year,Yes,Mailed check,70.15,4480.7,No,0,61-72
6142-VSJQO,Female,0,Yes,Yes,1,Yes,No,DSL,No,No,No,No,No,No,Month-to-month,Yes,Bank transfer (automatic),44.35,44.35,Yes,1,0-12
3458-IDMFK,Male,0,No,No,25,Yes,No,No,No internet service,No internet service,No internet service,No internet service,No internet service,No internet service,Two year,Yes,Mailed check,20.75,499.4,No,0,25-36
6933-FHBZC,Female,0,No,No,26,Yes,No,DSL,No,Yes,Yes,No,No,No,One year,Yes,Mailed check,56.05,1553.2,No,0,25-36
0221-NAUXK,Male,0,No,Yes,10,Yes,No,No,No internet service,No internet service,No internet service,No internet service,No internet service,No internet service,One year,Yes,Bank transfer (automatic),19.95,219.5,No,0,0-12
9770-KXGQU,Female,0,No,No,53,Yes,Yes,Fiber optic,Yes,Yes,Yes,No,Yes,No,One year,No,Mailed check,98.6,5311.85,No,0,49-60
6437-UKHMV,Female,0,No,No,7,Yes,No,Fiber optic,No,No,No,No,Yes,No,Month-to-month,Yes,Electronic check,79.7,586.05,Yes,1,0-12
6538-POCHL,Male,0,No,No,33,Yes,No,Fiber optic,No,Yes,Yes,No,No,No,Month-to-month,Yes,Credit card (automatic),79.0,2576.8,No,0,25-36
6726-NNFWD,Female,1,Yes,No,71,Yes,No,Fiber optic,No,Yes,Yes,No,No,Yes,Two year,No,Credit card (automatic),89.45,6435.25,No,0,61-72
3002-WQZWT,Female,0,No,No,29,Yes,Yes,Fiber optic,No,No,No,No,No,No,Month-to-month,Yes,Electronic check,74.2,1993.25,No,0,25-36
4277-UDIEF,Male,0,Yes,Yes,24,Yes,Yes,DSL,Yes,No,No,Yes,Yes,Yes,Month-to-month,No,Bank transfer (automatic),81.0,1923.85,No,0,13-24
1208-NBVFH,Male,0,Yes,Yes,20,Yes,No,DSL,No,No,Yes,No,No,No,Month-to-month,Yes,Electronic check,49.6,939.8,No,0,13-24
4912-PIGUY,Female,0,No,No,1,Yes,Yes,Fiber optic,No,No,No,No,Yes,No,Month-to-month,Yes,Electronic check,84.6,84.6,No,0,0-12
1114-CENIM,Male,0,No,Yes,54,Yes,Yes,DSL,No,Yes,No,No,No,No,Month-to-month,Yes,Credit card (automatic),55.0,3092.65,Yes,1,49-60
6060-DRTNL,Female,1,No,No,5,Yes,No,Fiber optic,No,No,Yes,No,Yes,No,Month-to-month,Yes,Mailed check,84.85,415.55,Yes,1,0-12
2725-TTRIQ,Female,0,Yes,Yes,72,Yes,Yes,DSL,Yes,No,Yes,Yes,Yes,Yes,Two year,Yes,Bank transfer (automatic),84.2,5986.55,No,0,61-72
3374-TTZTK,Male,0,Yes,No,52,Yes,No,Fiber optic,Yes,Yes,Yes,Yes,Yes,Yes,Two year,Yes,Electronic check,106.3,5487.0,No,0,49-60
8990-ZXLSU,Female,0,No,No,9,Yes,No,Fiber optic,No,No,No,No,No,No,Month-to-month,No,Electronic check,69.05,651.5,No,0,0-12
2275-RBYQS,Female,0,No,No,1,Yes,No,DSL,No,No,No,No,No,No,Month-to-month,Yes,Mailed check,45.4,45.4,No,0,0-12
8473-VUVJN,Male,1,No,No,1,Yes,Yes,Fiber optic,No,No,No,No,No,No,Month-to-month,Yes,Electronic check,73.65,73.65,Yes,1,0-12
6289-CPNLD,Male,0,Yes,Yes,33,Yes,No,DSL,No,No,Yes,Yes,Yes,Yes,One year,Yes,Mailed check,73.9,2405.05,Yes,1,25-36
5536-SLHPM,Female,0,Yes,No,55,Yes,Yes,Fiber optic,No,No,Yes,No,No,No,Month-to-month,Yes,Electronic check,77.75,4458.15,Yes,1,49-60
4419-UJMUS,Male,0,Yes,Yes,69,Yes,Yes,Fiber optic,No,No,No,Yes,Yes,Yes,Two year,Yes,Electronic check,99.35,6856.45,No,0,61-72
7794-JASDG,Male,0,No,No,1,Yes,No,DSL,Yes,No,No,No,No,No,Month-to-month,Yes,Mailed check,50.75,50.75,No,0,0-12
7609-YBPXG,Male,0,No,No,54,Yes,Yes,DSL,Yes,No,Yes,Yes,Yes,Yes,Two year,No,Bank transfer (automatic),87.1,4735.2,No,0,49-60
5519-TEEUH,Male,0,No,Yes,33,Yes,No,No,No internet service,No internet service,No internet service,No internet service,No internet service,No internet service,One year,Yes,Mailed check,20.15,682.15,No,0,25-36
7856-GANIL,Male,1,Yes,No,45,Yes,Yes,Fiber optic,No,Yes,Yes,Yes,Yes,No,One year,Yes,Bank transfer (automatic),98.7,4525.8,No,0,37-48
0804-XBFBV,Female,0,No,Yes,11,No,No phone service,DSL,No,No,No,No,No,No,Month-to-month,No,Electronic check,25.2,321.05,No,0,0-12
2676-OXPPQ,Male,0,No,No,6,Yes,No,DSL,Yes,Yes,No,No,No,No,Month-to-month,Yes,Bank transfer (automatic),55.7,335.65,No,0,0-12
3703-TTEPD,Male,0,No,No,21,Yes,No,DSL,Yes,No,Yes,No,Yes,No,Month-to-month,No,Bank transfer (automatic),65.35,1424.4,No,0,13-24
2799-TSLAG,Female,0,Yes,Yes,65,Yes,Yes,No,No internet service,No internet service,No internet service,No internet service,No internet service,No internet service,Two year,Yes,Bank transfer (automatic),25.3,1748.55,No,0,61-72
0196-VULGZ,Female,1,Yes,No,6,Yes,Yes,Fiber optic,No,No,No,No,No,Yes,Month-to-month,Yes,Electronic check,84.35,474.9,Yes,1,0-12
8837-VVWLQ,Female,0,No,No,8,Yes,No,Fiber optic,Yes,No,No,No,Yes,No,Month-to-month,No,Electronic check,84.95,668.4,Yes,1,0-12
2696-NARTR,Male,0,No,No,11,Yes,No,Fiber optic,No,No,No,Yes,No,No,Month-to-month,Yes,Electronic check,73.85,926.25,Yes,1,0-12
2208-NKVVH,Male,0,Yes,Yes,43,Yes,Yes,No,No internet service,No internet service,No internet service,No internet service,No internet service,No internet service,Two year,No,Mailed check,24.25,1077.95,No,0,37-48
7614-QVWQL,Male,0,Yes,Yes,49,No,No phone service,DSL,No,Yes,No,No,Yes,Yes,One year,Yes,Bank transfer (automatic),51.8,2541.25,Yes,1,49-60
1976-CFOCS,Female,1,Yes,No,1,Yes,No,DSL,No,No,No,No,No,No,Month-to-month,No,Electronic check,46.0,46.0,Yes,1,0-12
4631-OACRM,Male,1,No,No,15,Yes,No,Fiber optic,No,No,No,No,No,Yes,Month-to-month,Yes,Electronic check,79.4,1156.1,Yes,1,13-24
7139-JZFVG,Male,0,Yes,Yes,60,Yes,No,DSL,Yes,Yes,Yes,No,No,No,Two year,No,Bank transfer (automatic),60.5,3694.45,No,0,49-60
4987-GQWPO,Male,0,No,No,17,No,No phone service,DSL,No,No,No,No,No,No,Month-to-month,No,Credit card (automatic),25.1,382.8,No,0,13-24
3755-JBMNH,Male,1,Yes,No,16,Yes,No,Fiber optic,No,No,No,No,No,No,Month-to-month,Yes,Bank transfer (automatic),71.8,1167.8,Yes,1,13-24
1757-TCATG,Male,0,Yes,Yes,35,Yes,No,No,No internet service,No internet service,No internet service,No internet service,No internet service,No internet service,One year,No,Bank transfer (automatic),20.05,746.75,No,0,25-36
6345-ULYRW,Male,1,Yes,No,44,Yes,Yes,Fiber optic,No,Yes,No,No,No,Yes,One year,No,Mailed check,88.4,3912.9,Yes,1,37-48
4776-XSKYQ,Female,0,Yes,Yes,12,No,No phone service,DSL,No,No,No,Yes,No,No,One year,No,Credit card (automatic),30.25,368.85,No,0,0-12
8048-DSDFQ,Male,0,No,No,1,Yes,No,No,No internet service,No internet service,No internet service,No internet service,No internet service,No internet service,Month-to-month,No,Mailed check,20.2,20.2,No,0,0-12
5753-QQWPW,Female,0,No,No,28,Yes,No,DSL,Yes,Yes,No,Yes,No,No,One year,Yes,Electronic check,59.9,1654.7,No,0,25-36
6010-DDPPW,Male,0,Yes,No,70,Yes,Yes,No,No internet service,No internet service,No internet service,No internet service,No internet service,No internet service,Two year,No,Bank transfer (automatic),25.15,1940.85,No,0,61-72
1809-DMJHQ,Female,0,No,Yes,5,Yes,No,DSL,No,No,No,No,No,No,Month-to-month,No,Mailed check,46.0,221.7,Yes,1,0-12
6693-FRIRW,Male,0,No,No,18,Yes,No,Fiber optic,No,Yes,Yes,No,Yes,Yes,Month-to-month,No,Credit card (automatic),101.3,1794.65,No,0,13-24
6586-MYGKD,Male,0,Yes,No,70,Yes,Yes,DSL,Yes,No,No,Yes,Yes,Yes,Two year,Yes,Credit card (automatic),76.95,5289.8,No,0,61-72
3173-NVMPX,Female,0,Yes,Yes,9,Yes,Yes,DSL,No,Yes,No,No,No,No,Month-to-month,Yes,Mailed check,55.3,501.2,No,0,0-12
0248-PGHBZ,Female,1,No,No,67,Yes,No,Fiber optic,Yes,Yes,No,Yes,Yes,No,Two year,Yes,Bank transfer (automatic),92.45,6140.85,No,0,61-72
0623-GDISB,Female,0,No,No,1,Yes,No,DSL,Yes,No,No,No,No,No,Month-to-month,Yes,Bank transfer (automatic),48.45,48.45,No,0,0-12
2892-GESUL,Female,0,Yes,Yes,18,Yes,No,No,No internet service,No internet service,No internet service,No internet service,No internet service,No internet service,Two year,No,Mailed check,19.35,309.25,No,0,13-24
6923-EFPNL,Male,0,No,No,4,Yes,Yes,DSL,No,No,No,No,No,No,Month-to-month,No,Credit card (automatic),51.75,201.1,Yes,1,0-12
7472-EQOAV,Male,1,Yes,Yes,71,Yes,No,Fiber optic,Yes,Yes,Yes,No,No,No,One year,Yes,Bank transfer (automatic),86.7,6179.35,No,0,61-72
9574-RKJIF,Male,0,Yes,Yes,30,Yes,Yes,Fiber optic,Yes,Yes,No,No,Yes,No,Month-to-month,Yes,Electronic check,94.4,2838.7,Yes,1,25-36
2043-WVTQJ,Male,0,Yes,No,1,Yes,No,DSL,Yes,No,Yes,No,No,No,Month-to-month,No,Mailed check,55.7,55.7,No,0,0-12
8034-RYTVV,Female,0,No,No,55,Yes,Yes,Fiber optic,Yes,No,Yes,No,No,No,One year,Yes,Credit card (automatic),84.25,4589.85,No,0,49-60
3863-QSTYI,Male,0,No,No,59,Yes,No,DSL,No,No,Yes,Yes,Yes,No,Month-to-month,Yes,Electronic check,64.65,3735.45,No,0,49-60
2619-WFQWU,Female,0,No,No,1,Yes,No,Fiber optic,No,No,No,No,No,No,Month-to-month,Yes,Mailed check,70.15,70.15,Yes,1,0-12
5044-LRQAQ,Female,0,Yes,No,7,Yes,No,Fiber optic,No,No,No,No,No,No,Month-to-month,Yes,Bank transfer (automatic),69.2,477.55,No,0,0-12
1716-LSAMB,Male,0,Yes,Yes,45,Yes,No,DSL,Yes,No,No,Yes,No,No,Two year,No,Bank transfer (automatic),54.65,2553.7,No,0,37-48
1333-PBMXB,Female,0,Yes,Yes,54,Yes,Yes,No,No internet service,No internet service,No internet service,No internet service,No internet service,No internet service,One year,Yes,Bank transfer (automatic),24.75,1342.15,No,0,49-60
6546-OPBBH,Male,0,Yes,Yes,51,Yes,Yes,No,No internet service,No internet service,No internet service,No internet service,No internet service,No internet service,One year,Yes,Mailed check,23.95,1216.35,No,0,49-60
5985-BEHZK,Female,1,Yes,No,72,Yes,Yes,Fiber optic,No,Yes,Yes,No,Yes,Yes,One year,No,Credit card (automatic),105.0,7578.05,No,0,61-72
9127-QRZMH,Male,0,Yes,No,44,Yes,No,DSL,Yes,Yes,No,Yes,No,No,One year,Yes,Bank transfer (automatic),59.85,2603.95,No,0,37-48
5919-VCZYM,Male,0,No,No,2,Yes,No,No,No internet service,No internet service,No internet service,No internet service,No internet service,No internet service,Month-to-month,No,Mailed check,20.05,42.7,No,0,0-12
9644-KVCNC,Female,0,No,No,66,Yes,Yes,Fiber optic,No,No,Yes,No,Yes,No,One year,Yes,Bank transfer (automatic),92.15,6056.9,No,0,61-72
2137-DQMEV,Male,0,Yes,Yes,68,No,No phone service,DSL,Yes,Yes,No,No,Yes,No,One year,No,Mailed check,44.8,2983.65,No,0,61-72
8174-LNWMW,Female,0,No,No,31,Yes,No,No,No internet service,No internet service,No internet service,No internet service,No internet service,No internet service,Two year,No,Credit card (automatic),20.9,689.35,No,0,25-36
9279-CJEOJ,Female,1,No,No,21,Yes,Yes,Fiber optic,No,No,No,No,Yes,Yes,Month-to-month,Yes,Bank transfer (automatic),95.4,2025.1,No,0,13-24
7964-VEXDG,Male,0,No,Yes,21,Yes,Yes,Fiber optic,Yes,No,No,No,No,No,Month-to-month,No,Electronic check,80.35,1747.2,No,0,13-24
2404-JIBFC,Female,0,Yes,Yes,55,Yes,Yes,DSL,Yes,No,Yes,Yes,Yes,Yes,Two year,Yes,Bank transfer (automatic),85.1,4657.95,No,0,49-60
0778-NELLA,Male,0,No,No,9,No,No phone service,DSL,No,No,No,No,Yes,No,Month-to-month,Yes,Credit card (automatic),34.7,296.1,Yes,1,0-12
8029-XYPWT,Male,1,Yes,No,71,Yes,Yes,Fiber optic,Yes,Yes,Yes,Yes,Yes,Yes,Two year,Yes,Bank transfer (automatic),115.05,8016.6,No,0,61-72
4614-NUVZD,Female,0,No,No,1,Yes,No,Fiber optic,No,No,No,No,No,Yes,Month-to-month,Yes,Electronic check,81.1,81.1,Yes,1,0-12
4632-PAOYU,Male,0,Yes,Yes,22,Yes,No,No,No internet service,No internet service,No internet service,No internet service,No internet service,No internet service,One year,No,Mailed check,19.95,433.5,No,0,13-24
3803-KMQFW,Female,0,Yes,Yes,1,Yes,No,No,No internet service,No internet service,No internet service,No internet service,No internet service,No internet service,Month-to-month,No,Mailed check,20.55,20.55,Yes,1,0-12
6804-GDMOI,Female,0,No,No,61,Yes,Yes,Fiber optic,No,No,Yes,Yes,Yes,Yes,Two year,Yes,Electronic check,106.6,6428.4,Yes,1,61-72
2990-OGYTD,Female,0,Yes,No,67,Yes,Yes,DSL,No,Yes,Yes,Yes,Yes,Yes,Two year,No,Bank transfer (automatic),86.15,5883.85,No,0,61-72
6646-JPPHA,Female,1,No,No,14,Yes,No,Fiber optic,Yes,Yes,No,No,No,No,Month-to-month,No,Electronic check,78.85,1043.8,No,0,13-24
9572-MTILT,Male,0,Yes,No,59,Yes,Yes,Fiber optic,Yes,Yes,Yes,Yes,Yes,No,Month-to-month,Yes,Electronic check,106.75,6252.9,Yes,1,49-60
7658-UYUQS,Male,1,Yes,No,21,Yes,No,Fiber optic,No,No,Yes,No,Yes,No,Month-to-month,No,Bank transfer (automatic),86.55,1857.25,No,0,13-24
7880-XSOJX,Male,0,No,No,4,No,No phone service,DSL,Yes,Yes,No,Yes,No,No,Month-to-month,No,Mailed check,42.4,146.4,No,0,0-12
9611-CTWIH,Female,0,No,No,3,Yes,No,Fiber optic,No,No,No,No,Yes,Yes,Month-to-month,Yes,Electronic check,89.45,240.45,Yes,1,0-12
4589-IUAJB,Male,0,Yes,No,70,Yes,Yes,No,No internet service,No internet service,No internet service,No internet service,No internet service,No internet service,Two year,No,Bank transfer (automatic),24.25,1724.15,No,0,61-72
0329-GTIAJ,Female,0,No,No,3,Yes,No,Fiber optic,No,Yes,No,Yes,Yes,Yes,Month-to-month,Yes,Electronic check,97.9,315.3,Yes,1,0-12
8746-BFOAJ,Male,1,No,No,21,Yes,No,No,No internet service,No internet service,No internet service,No internet service,No internet service,No internet service,One year,No,Bank transfer (automatic),20.5,429.55,No,0,13-24
8457-XIGKN,Male,0,No,No,20,Yes,No,No,No internet service,No internet service,No internet service,No internet service,No internet service,No internet service,Month-to-month,Yes,Credit card (automatic),19.6,356.15,No,0,13-24
6072-NUQCB,Male,0,Yes,Yes,22,Yes,No,No,No internet service,No internet service,No internet service,No internet service,No internet service,No internet service,One year,No,Bank transfer (automatic),20.25,488.25,No,0,13-24
6629-CZTTH,Male,0,No,No,1,Yes,No,DSL,No,No,No,No,No,Yes,Month-to-month,Yes,Mailed check,55.7,55.7,Yes,1,0-12
8838-GPHZP,Female,0,No,No,63,Yes,No,No,No internet service,No internet service,No internet service,No internet service,No internet service,No internet service,Two year,Yes,Mailed check,20.6,1298.7,No,0,61-72
8750-QWZAJ,Female,0,Yes,Yes,70,Yes,No,No,No internet service,No internet service,No internet service,No internet service,No internet service,No internet service,Two year,No,Bank transfer (automatic),19.8,1378.75,No,0,61-72
5364-EVNIB,Male,0,No,No,13,Yes,No,Fiber optic,No,Yes,Yes,No,No,No,Month-to-month,Yes,Electronic check,79.8,973.45,Yes,1,13-24
6918-UMQCG,Female,0,No,No,5,Yes,No,Fiber optic,No,No,No,No,Yes,No,Month-to-month,No,Electronic check,80.2,384.25,No,0,0-12
0675-NCDYU,Female,0,Yes,Yes,72,Yes,Yes,Fiber optic,Yes,Yes,Yes,Yes,Yes,Yes,Two year,Yes,Credit card (automatic),116.4,8543.25,No,0,61-72
6339-DKLMK,Female,0,No,No,13,No,No phone service,DSL,No,Yes,No,No,No,No,Month-to-month,Yes,Electronic check,31.65,389.95,No,0,13-24
1346-PJWTK,Male,0,Yes,No,61,Yes,No,Fiber optic,No,Yes,Yes,Yes,No,Yes,Month-to-month,No,Credit card (automatic),94.15,5731.85,No,0,61-72
5088-QZLRL,Male,0,No,No,1,Yes,No,No,No internet service,No internet service,No internet service,No internet service,No internet service,No internet service,Month-to-month,No,Electronic check,20.65,20.65,No,0,0-12
8023-QHAIO,Female,1,Yes,No,56,Yes,Yes,Fiber optic,No,No,No,Yes,No,No,Month-to-month,Yes,Bank transfer (automatic),76.85,4275.75,No,0,49-60
4397-FRLTA,Female,0,No,No,4,Yes,No,No,No internet service,No internet service,No internet service,No internet service,No internet service,No internet service,Month-to-month,No,Mailed check,20.15,84.5,No,0,0-12
3057-VJJQE,Male,0,No,No,35,Yes,Yes,DSL,Yes,No,No,No,No,No,Two year,No,Mailed check,55.25,1924.1,No,0,25-36
5087-SUURX,Female,0,Yes,No,18,No,No phone service,DSL,No,No,Yes,No,Yes,No,Month-to-month,Yes,Electronic check,39.05,669.85,Yes,1,13-24
2302-OUZXB,Male,0,Yes,No,72,Yes,Yes,DSL,No,Yes,Yes,No,Yes,Yes,Two year,No,Bank transfer (automatic),82.15,5784.3,No,0,61-72
8133-ANHHJ,Female,1,No,No,49,Yes,Yes,Fiber optic,Yes,Yes,Yes,Yes,No,Yes,One year,No,Bank transfer (automatic),103.0,5166.2,No,0,49-60
2270-CHBFN,Female,0,Yes,No,44,Yes,Yes,Fiber optic,Yes,Yes,Yes,Yes,No,No,Month-to-month,Yes,Credit card (automatic),95.1,4060.55,No,0,37-48
0013-EXCHZ,Female,1,Yes,No,3,Yes,No,Fiber optic,No,No,No,Yes,Yes,No,Month-to-month,Yes,Mailed check,83.9,267.4,Yes,1,0-12
5982-FPVQN,Female,0,Yes,Yes,37,Yes,Yes,Fiber optic,No,Yes,Yes,No,No,Yes,Month-to-month,Yes,Electronic check,95.15,3532.85,No,0,37-48
9107-UKCKY,Male,0,Yes,No,61,Yes,Yes,DSL,No,Yes,Yes,No,Yes,Yes,One year,Yes,Electronic check,79.8,4914.8,No,0,61-72
4654-ULTTN,Male,0,Yes,No,70,Yes,Yes,DSL,Yes,No,Yes,Yes,No,Yes,Two year,Yes,Credit card (automatic),74.8,5315.8,No,0,61-72
5550-VFRLC,Female,1,No,No,1,Yes,No,Fiber optic,No,No,No,No,No,No,Month-to-month,Yes,Electronic check,69.85,69.85,Yes,1,0-12
5546-BYZSM,Female,0,No,No,41,Yes,No,No,No internet service,No internet service,No internet service,No internet service,No internet service,No internet service,Month-to-month,No,Electronic check,20.45,775.6,No,0,37-48
1492-KGETH,Male,0,Yes,Yes,70,Yes,Yes,DSL,Yes,Yes,Yes,Yes,No,Yes,One year,No,Bank transfer (automatic),78.35,5445.95,No,0,61-72
4929-BSTRX,Female,0,No,No,1,Yes,No,DSL,No,No,No,No,Yes,No,Month-to-month,Yes,Mailed check,53.55,53.55,Yes,1,0-12
4163-HFTUK,Male,0,No,No,51,Yes,No,No,No internet service,No internet service,No internet service,No internet service,No internet service,No internet service,One year,No,Electronic check,19.1,1007.8,No,0,49-60
8215-NGSPE,Female,0,Yes,Yes,42,Yes,No,No,No internet service,No internet service,No internet service,No internet service,No internet service,No internet service,Two year,No,Mailed check,20.0,833.55,No,0,37-48
2225-ZRGSG,Female,0,Yes,Yes,70,Yes,Yes,Fiber optic,Yes,Yes,Yes,Yes,No,No,Two year,No,Bank transfer (automatic),93.9,6579.05,Yes,1,61-72
8859-YSTWS,Male,0,No,No,48,Yes,No,No,No internet service,No internet service,No internet service,No internet service,No internet service,No internet service,One year,No,Bank transfer (automatic),19.95,1004.5,No,0,37-48
5271-YNWVR,Male,0,Yes,Yes,68,Yes,Yes,Fiber optic,Yes,Yes,Yes,Yes,Yes,Yes,Two year,Yes,Electronic check,113.15,7856.0,Yes,1,61-72
7601-DHFWZ,Female,0,No,No,48,Yes,Yes,No,No internet service,No internet service,No internet service,No internet service,No internet service,No internet service,Two year,No,Credit card (automatic),24.0,1183.05,No,0,37-48
2657-ALMWY,Female,1,Yes,No,26,Yes,No,Fiber optic,No,Yes,No,No,No,Yes,Month-to-month,No,Electronic check,84.95,2169.75,Yes,1,25-36
6330-JKLPC,Male,0,Yes,No,11,Yes,Yes,Fiber optic,No,Yes,No,No,No,No,Month-to-month,Yes,Bank transfer (automatic),80.5,896.9,Yes,1,0-12
4667-OHGKG,Male,0,No,No,1,Yes,No,No,No internet service,No internet service,No internet service,No internet service,No internet service,No internet service,Month-to-month,Yes,Mailed check,19.3,19.3,Yes,1,0-12
1998-VHJHK,Female,0,No,No,27,Yes,No,No,No internet service,No internet service,No internet service,No internet service,No internet service,No internet service,One year,No,Mailed check,19.15,501.35,No,0,25-36
1707-HABPF,Female,1,No,No,46,Yes,No,Fiber optic,No,Yes,Yes,No,Yes,No,One year,Yes,Bank transfer (automatic),91.3,4126.35,No,0,37-48
1660-HSOOQ,Male,0,No,No,1,Yes,No,DSL,No,No,Yes,No,No,No,Month-to-month,Yes,Mailed check,49.65,49.65,Yes,1,0-12
7253-UVNDW,Female,0,No,No,46,Yes,No,DSL,No,No,Yes,Yes,No,No,Two year,No,Credit card (automatic),54.35,2460.15,Yes,1,37-48
0487-VVUVK,Male,0,Yes,Yes,25,Yes,No,No,No internet service,No internet service,No internet service,No internet service,No internet service,No internet service,Month-to-month,Yes,Mailed check,19.15,477.6,No,0,25-36
7228-OMTPN,Male,0,No,No,4,Yes,No,Fiber optic,No,No,No,No,Yes,Yes,Month-to-month,Yes,Electronic check,88.45,370.65,Yes,1,0-12
5063-IUOKK,Male,0,No,No,13,Yes,No,No,No internet service,No internet service,No internet service,No internet service,No internet service,No internet service,Two year,No,Mailed check,19.75,265.75,No,0,13-24
4508-OEBEY,Male,0,Yes,No,31,Yes,No,DSL,Yes,Yes,Yes,Yes,No,Yes,One year,Yes,Credit card (automatic),75.5,2424.45,No,0,25-36
0027-KWYKW,Female,0,Yes,Yes,23,Yes,Yes,Fiber optic,No,No,No,No,Yes,No,Month-to-month,Yes,Electronic check,83.75,1849.95,No,0,13-24
2308-STERM,Female,0,No,No,2,Yes,No,No,No internet service,No internet service,No internet service,No internet service,No internet service,No internet service,Month-to-month,No,Mailed check,19.4,61.05,No,0,0-12
5982-XMDEX,Female,0,No,No,65,Yes,Yes,No,No internet service,No internet service,No internet service,No internet service,No internet service,No internet service,Two year,No,Bank transfer (automatic),26.5,1698.55,No,0,61-72
6284-AHOOQ,Male,1,No,No,22,Yes,Yes,Fiber optic,No,No,No,Yes,Yes,No,Month-to-month,Yes,Bank transfer (automatic),90.5,1910.6,Yes,1,13-24
6051-PTVNS,Female,0,Yes,Yes,55,Yes,No,No,No internet service,No internet service,No internet service,No internet service,No internet service,No internet service,One year,No,Credit card (automatic),19.15,998.1,No,0,49-60
2344-JMOGN,Male,0,Yes,No,9,Yes,No,Fiber optic,No,Yes,Yes,Yes,Yes,No,Month-to-month,Yes,Mailed check,94.85,890.6,Yes,1,0-12
3799-ISUZQ,Male,0,Yes,Yes,7,Yes,No,Fiber optic,No,No,No,No,No,No,Month-to-month,Yes,Bank transfer (automatic),69.95,529.5,Yes,1,0-12
2877-VDUER,Female,0,Yes,Yes,35,No,No phone service,DSL,No,No,No,Yes,Yes,No,One year,No,Mailed check,40.9,1383.6,No,0,25-36
9152-AMKAK,Male,0,No,No,6,Yes,No,DSL,Yes,No,Yes,Yes,Yes,Yes,Two year,Yes,Mailed check,80.25,493.4,No,0,0-12
1794-HBQTJ,Female,0,No,No,1,Yes,No,DSL,Yes,No,No,No,No,No,Month-to-month,Yes,Credit card (automatic),48.6,48.6,Yes,1,0-12
9432-VOFYX,Male,0,No,No,17,Yes,No,Fiber optic,No,No,No,No,No,No,Month-to-month,Yes,Electronic check,70.8,1207.0,No,0,13-24
8049-WJCLQ,Male,0,Yes,Yes,10,Yes,No,DSL,No,No,Yes,No,Yes,No,Month-to-month,No,Mailed check,60.2,563.5,No,0,0-12
6586-PSJOX,Male,0,No,Yes,15,Yes,No,DSL,No,No,Yes,Yes,No,No,One year,No,Credit card (automatic),55.2,864.55,No,0,13-24
2460-FPSYH,Female,1,No,No,40,No,No phone service,DSL,Yes,Yes,No,No,Yes,Yes,Month-to-month,Yes,Electronic check,55.8,2109.35,Yes,1,37-48
9705-ZJBCG,Female,0,Yes,Yes,13,Yes,No,DSL,Yes,No,No,Yes,No,No,One year,No,Bank transfer (automatic),54.15,701.05,No,0,13-24
4818-DRBQT,Male,0,Yes,No,29,Yes,Yes,Fiber optic,No,Yes,No,No,No,No,Month-to-month,Yes,Bank transfer (automatic),80.15,2265.25,Yes,1,25-36
1320-HTRDR,Female,0,No,No,3,Yes,Yes,Fiber optic,No,No,No,No,No,No,Month-to-month,Yes,Electronic check,75.5,220.6,Yes,1,0-12
6847-KJLTS,Female,1,Yes,No,58,Yes,Yes,Fiber optic,No,No,No,Yes,Yes,Yes,Month-to-month,Yes,Bank transfer (automatic),100.4,5749.8,No,0,49-60
9670-BPNXF,Female,0,No,No,45,Yes,No,DSL,Yes,Yes,No,Yes,No,No,One year,Yes,Credit card (automatic),62.55,2796.45,No,0,37-48
3913-FCUUW,Female,0,Yes,Yes,72,Yes,Yes,DSL,Yes,Yes,Yes,Yes,No,No,Two year,Yes,Bank transfer (automatic),70.45,5165.7,No,0,61-72
3301-VKTGC,Male,0,Yes,Yes,68,Yes,Yes,Fiber optic,Yes,Yes,No,No,No,No,One year,Yes,Bank transfer (automatic),85.5,5696.6,No,0,61-72
1493-AMTIE,Male,0,No,No,1,Yes,No,No,No internet service,No internet service,No internet service,No internet service,No internet service,No internet service,Month-to-month,Yes,Bank transfer (automatic),20.2,20.2,Yes,1,0-12
9555-SAHUZ,Female,0,Yes,Yes,38,Yes,No,DSL,Yes,Yes,No,No,No,No,Month-to-month,No,Electronic check,54.5,2076.05,No,0,37-48
0816-TSPHQ,Male,0,No,No,2,Yes,No,No,No internet service,No internet service,No internet service,No internet service,No internet service,No internet service,Month-to-month,No,Mailed check,20.75,44.2,No,0,0-12
9932-WBWIK,Male,0,No,No,11,Yes,No,No,No internet service,No internet service,No internet service,No internet service,No internet service,No internet service,Month-to-month,No,Mailed check,20.35,215.25,No,0,0-12
4619-EVPHY,Female,1,Yes,No,20,Yes,No,Fiber optic,No,No,No,No,Yes,Yes,One year,Yes,Bank transfer (automatic),91.0,1859.5,No,0,13-24
5286-YHCVC,Male,0,Yes,No,72,Yes,Yes,Fiber optic,No,Yes,Yes,No,Yes,Yes,Two year,Yes,Bank transfer (automatic),104.8,7470.1,No,0,61-72
6424-ELEYH,Female,0,Yes,No,3,Yes,Yes,Fiber optic,No,No,No,No,No,No,Month-to-month,Yes,Credit card (automatic),74.75,229.5,Yes,1,0-12
4391-RESHN,Male,0,No,No,23,Yes,Yes,Fiber optic,No,No,Yes,Yes,Yes,Yes,Month-to-month,Yes,Mailed check,104.05,2470.1,Yes,1,13-24
9115-YQHGA,Male,0,No,No,40,Yes,No,DSL,No,No,No,Yes,No,No,Month-to-month,Yes,Electronic check,51.1,2092.9,No,0,37-48
4462-CYWMH,Male,1,Yes,No,62,Yes,Yes,Fiber optic,No,Yes,No,No,No,Yes,Month-to-month,Yes,Bank transfer (automatic),89.8,5629.55,No,0,61-72
8963-MQVYN,Female,0,No,Yes,22,Yes,No,No,No internet service,No internet service,No internet service,No internet service,No internet service,No internet service,Month-to-month,Yes,Electronic check,20.55,469.85,No,0,13-24
2458-EOMRE,Female,0,No,No,11,Yes,No,DSL,Yes,No,Yes,No,No,Yes,Month-to-month,No,Bank transfer (automatic),64.05,733.95,No,0,0-12
9334-GWGOW,Male,1,Yes,No,7,Yes,Yes,Fiber optic,No,No,No,No,No,No,Month-to-month,Yes,Electronic check,74.85,485.25,No,0,0-12
6821-BUXUX,Female,0,No,No,13,Yes,Yes,Fiber optic,Yes,Yes,No,No,Yes,No,Month-to-month,Yes,Electronic check,96.65,1244.5,Yes,1,13-24
5028-HTLJB,Male,1,No,No,1,Yes,No,No,No internet service,No internet service,No internet service,No internet service,No internet service,No internet service,Month-to-month,No,Mailed check,20.05,20.05,Yes,1,0-12
9801-GDWGV,Female,0,No,No,39,Yes,Yes,Fiber optic,No,Yes,Yes,No,Yes,Yes,Month-to-month,Yes,Electronic check,103.45,3994.45,Yes,1,37-48
6542-LWGXJ,Male,0,Yes,No,3,No,No phone service,DSL,No,No,No,No,No,No,Month-to-month,No,Mailed check,25.0,78.25,No,0,0-12
5567-GZKQY,Male,0,No,No,58,Yes,No,No,No internet service,No internet service,No internet service,No internet service,No internet service,No internet service,Two year,No,Credit card (automatic),20.3,1131.5,No,0,49-60
1222-LRYKO,Male,0,No,Yes,6,Yes,Yes,No,No internet service,No internet service,No internet service,No internet service,No internet service,No internet service,Month-to-month,No,Mailed check,26.35,184.05,No,0,0-12
2320-JRSDE,Female,0,Yes,Yes,1,Yes,No,No,No internet service,No internet service,No internet service,No internet service,No internet service,No internet service,Month-to-month,Yes,Electronic check,19.9,19.9,Yes,1,0-12
2087-QAREY,Female,0,Yes,No,22,Yes,No,DSL,No,Yes,Yes,No,No,No,Month-to-month,Yes,Mailed check,54.7,1178.75,No,0,13-24
0601-WZHJF,Male,0,Yes,No,14,No,No phone service,DSL,No,No,No,No,Yes,Yes,Month-to-month,No,Electronic check,46.35,667.7,Yes,1,13-24
4423-JWZJN,Male,0,Yes,Yes,64,Yes,Yes,Fiber optic,No,No,Yes,No,No,Yes,One year,No,Credit card (automatic),90.25,5629.15,No,0,61-72
5143-WMWOG,Male,0,No,No,1,Yes,No,No,No internet service,No internet service,No internet service,No internet service,No internet service,No internet service,Month-to-month,No,Electronic check,19.95,19.95,Yes,1,0-12
6490-FGZAT,Male,0,No,No,6,Yes,No,No,No internet service,No internet service,No internet service,No internet service,No internet service,No internet service,Month-to-month,No,Mailed check,20.65,109.3,No,0,0-12
5393-RXQSZ,Male,0,No,No,1,Yes,No,Fiber optic,No,No,No,No,No,Yes,Month-to-month,No,Electronic check,79.6,79.6,Yes,1,0-12
7452-FOLON,Male,0,No,Yes,39,Yes,Yes,No,No internet service,No internet service,No internet service,No internet service,No internet service,No internet service,One year,No,Bank transfer (automatic),25.45,958.45,No,0,37-48
2320-TZRRH,Female,0,No,No,20,Yes,No,No,No internet service,No internet service,No internet service,No internet service,No internet service,No internet service,One year,No,Mailed check,19.5,403.15,No,0,13-24
0231-LXVAP,Male,0,No,No,1,Yes,No,Fiber optic,No,No,No,Yes,No,No,Month-to-month,Yes,Electronic check,75.9,75.9,Yes,1,0-12
9444-JTXHZ,Male,0,Yes,No,1,Yes,No,Fiber optic,No,No,Yes,No,No,No,Month-to-month,No,Electronic check,76.2,76.2,Yes,1,0-12
4942-VZZOM,Male,0,Yes,No,64,Yes,Yes,DSL,Yes,No,No,No,Yes,No,One year,Yes,Credit card (automatic),66.15,4392.5,No,0,61-72
5510-BOIUJ,Male,0,No,Yes,1,Yes,No,No,No internet service,No internet service,No internet service,No internet service,No internet service,No internet service,Month-to-month,No,Mailed check,19.25,19.25,Yes,1,0-12
7502-BNYGS,Female,0,Yes,No,46,Yes,No,DSL,No,Yes,No,No,Yes,Yes,Month-to-month,Yes,Credit card (automatic),69.1,3168.0,No,0,37-48
4291-HYEBC,Female,1,Yes,Yes,28,No,No phone service,DSL,No,Yes,No,No,No,Yes,One year,Yes,Electronic check,39.1,1096.6,No,0,25-36
6147-CBCRA,Female,0,Yes,No,33,Yes,No,No,No internet service,No internet service,No internet service,No internet service,No internet service,No internet service,Month-to-month,No,Mailed check,20.05,669.45,No,0,25-36
6047-SUHPR,Male,0,Yes,Yes,39,Yes,No,DSL,Yes,Yes,Yes,No,No,No,One year,No,Electronic check,59.8,2343.85,No,0,37-48
4471-KXAUH,Female,0,Yes,No,42,Yes,Yes,Fiber optic,No,No,Yes,Yes,No,No,Month-to-month,Yes,Electronic check,84.3,3588.4,Yes,1,37-48
9752-ZNQUT,Female,0,No,No,1,Yes,No,DSL,No,Yes,No,No,No,No,Month-to-month,Yes,Electronic check,48.6,48.6,No,0,0-12
7638-QVMVY,Female,0,No,No,7,Yes,No,Fiber optic,No,No,No,No,Yes,No,Month-to-month,Yes,Electronic check,79.0,522.95,Yes,1,0-12
1576-PFZIW,Male,1,Yes,No,70,Yes,No,Fiber optic,Yes,Yes,Yes,No,Yes,Yes,Two year,No,Credit card (automatic),105.35,7511.9,No,0,61-72
5666-MBJPT,Male,0,No,No,65,Yes,Yes,No,No internet service,No internet service,No internet service,No internet service,No internet service,No internet service,Two year,Yes,Bank transfer (automatic),25.1,1725.0,No,0,61-72
7312-XSBAT,Male,0,No,No,1,Yes,No,DSL,Yes,No,No,No,No,No,Month-to-month,No,Electronic check,49.75,49.75,No,0,0-12
3096-GKWEB,Male,0,Yes,No,18,Yes,Yes,Fiber optic,No,No,No,No,Yes,Yes,Month-to-month,Yes,Electronic check,94.75,1691.9,No,0,13-24
2371-JQHZZ,Male,0,Yes,No,24,Yes,Yes,Fiber optic,No,No,No,No,Yes,Yes,Month-to-month,Yes,Electronic check,93.0,2248.05,No,0,13-24
0674-GCDXG,Male,0,No,No,63,Yes,Yes,DSL,Yes,No,Yes,Yes,No,Yes,Two year,Yes,Bank transfer (automatic),71.9,4479.2,No,0,61-72
1121-QSIVB,Female,0,No,Yes,44,Yes,Yes,DSL,No,Yes,No,No,Yes,Yes,One year,Yes,Mailed check,77.55,3471.1,No,0,37-48
4396-KLSEH,Male,0,No,No,4,Yes,No,No,No internet service,No internet service,No internet service,No internet service,No internet service,No internet service,Month-to-month,Yes,Electronic check,19.85,63.0,No,0,0-12
3244-DCJWY,Female,0,No,No,1,Yes,No,Fiber optic,No,No,No,No,No,No,Month-to-month,Yes,Electronic check,70.25,70.25,Yes,1,0-12
2824-MYYBN,Female,0,Yes,Yes,37,Yes,Yes,Fiber optic,No,No,No,No,Yes,Yes,Month-to-month,Yes,Electronic check,95.25,3314.15,No,0,37-48
0875-CABNR,Female,1,No,No,10,Yes,No,Fiber optic,No,No,Yes,No,No,Yes,Month-to-month,Yes,Credit card (automatic),84.6,865.55,Yes,1,0-12
6345-HOVES,Male,0,No,No,34,No,No phone service,DSL,No,No,No,No,No,No,Month-to-month,Yes,Bank transfer (automatic),25.05,852.7,No,0,25-36
8318-LCNBW,Male,0,Yes,No,35,No,No phone service,DSL,Yes,No,Yes,No,Yes,Yes,One year,No,Credit card (automatic),53.15,1930.9,No,0,25-36
6469-QJKZW,Female,0,Yes,No,4,Yes,No,No,No internet service,No internet service,No internet service,No internet service,No internet service,No internet service,Month-to-month,No,Electronic check,20.15,91.4,No,0,0-12
0147-ESWWR,Female,1,Yes,No,39,Yes,Yes,Fiber optic,No,No,No,Yes,Yes,Yes,Month-to-month,Yes,Electronic check,101.25,3949.15,No,0,37-48
1217-VASWC,Male,1,Yes,No,43,Yes,No,Fiber optic,No,Yes,Yes,No,Yes,Yes,One year,Yes,Bank transfer (automatic),100.55,4304.0,No,0,37-48
7812-FZHPE,Female,0,Yes,Yes,17,Yes,Yes,No,No internet service,No internet service,No internet service,No internet service,No internet service,No internet service,Month-to-month,No,Mailed check,24.1,409.9,Yes,1,13-24
6370-ZVHDV,Female,0,Yes,No,61,Yes,Yes,No,No internet service,No internet service,No internet service,No internet service,No internet service,No internet service,Two year,No,Bank transfer (automatic),25.3,1554.9,No,0,61-72
5915-DGNVC,Female,0,Yes,No,49,Yes,Yes,DSL,Yes,Yes,Yes,No,No,Yes,One year,No,Electronic check,71.8,3472.05,No,0,49-60
6260-XLACS,Male,0,No,No,4,Yes,No,No,No internet service,No internet service,No internet service,No internet service,No internet service,No internet service,One year,No,Mailed check,19.7,117.8,No,0,0-12
3566-CAAYU,Female,0,Yes,Yes,64,No,No phone service,DSL,No,Yes,Yes,Yes,No,Yes,Two year,No,Electronic check,49.85,3210.35,No,0,61-72
4983-CCWMC,Male,0,No,No,3,Yes,No,Fiber optic,No,No,No,No,No,No,Month-to-month,Yes,Mailed check,69.6,207.4,No,0,0-12
9103-CXVOK,Male,0,Yes,Yes,1,Yes,No,No,No internet service,No internet service,No internet service,No internet service,No internet service,No internet service,Month-to-month,No,Electronic check,19.75,19.75,No,0,0-12
2896-TBNBE,Male,0,Yes,No,40,Yes,No,Fiber optic,No,Yes,Yes,No,No,No,One year,No,Electronic check,80.8,3132.75,No,0,37-48
4797-AXPXK,Female,0,No,Yes,1,Yes,No,DSL,Yes,Yes,No,Yes,No,No,Month-to-month,Yes,Electronic check,60.0,60.0,Yes,1,0-12
5229-PRWKT,Male,0,No,No,8,Yes,Yes,Fiber optic,No,No,No,No,No,Yes,Month-to-month,Yes,Electronic check,86.55,649.65,Yes,1,0-12
6982-UQZLY,Female,1,Yes,No,1,Yes,No,No,No internet service,No internet service,No internet service,No internet service,No internet service,No internet service,Month-to-month,Yes,Mailed check,20.85,20.85,Yes,1,0-12
2522-WLNSF,Female,1,Yes,No,34,Yes,No,DSL,No,No,Yes,Yes,Yes,No,One year,No,Bank transfer (automatic),64.2,2106.3,No,0,25-36
3841-CONLJ,Female,0,Yes,No,1,No,No phone service,DSL,No,No,No,No,No,Yes,Month-to-month,No,Electronic check,35.0,35.0,No,0,0-12
5057-LCOUI,Female,0,No,No,39,No,No phone service,DSL,No,No,Yes,No,Yes,Yes,Month-to-month,Yes,Electronic check,50.75,2011.4,Yes,1,37-48
0193-ESZXP,Female,1,Yes,No,58,Yes,No,Fiber optic,Yes,Yes,No,Yes,Yes,Yes,One year,Yes,Credit card (automatic),105.5,6205.5,Yes,1,49-60
4475-NVTLU,Male,0,Yes,Yes,45,Yes,No,No,No internet service,No internet service,No internet service,No internet service,No internet service,No internet service,Two year,No,Electronic check,19.2,903.7,No,0,37-48
4369-HTUIF,Male,1,No,No,6,Yes,No,Fiber optic,Yes,No,No,No,Yes,No,Month-to-month,Yes,Bank transfer (automatic),85.15,503.6,Yes,1,0-12
9386-LDCZR,Male,0,No,No,43,Yes,No,Fiber optic,Yes,Yes,Yes,Yes,No,No,One year,Yes,Credit card (automatic),90.65,3882.3,No,0,37-48
9585-KKMFD,Male,0,Yes,Yes,41,Yes,No,No,No internet service,No internet service,No internet service,No internet service,No internet service,No internet service,Two year,Yes,Mailed check,20.0,879.8,No,0,37-48
5399-ZIMKF,Male,0,No,No,5,Yes,No,Fiber optic,No,Yes,No,No,No,No,Month-to-month,Yes,Electronic check,74.65,383.65,No,0,0-12
0336-KXKFK,Male,0,No,No,72,No,No phone service,DSL,Yes,No,Yes,Yes,Yes,Yes,Two year,Yes,Credit card (automatic),61.2,4390.25,No,0,61-72
5619-XZZKR,Male,0,No,No,4,Yes,No,No,No internet service,No internet service,No internet service,No internet service,No internet service,No internet service,One year,No,Mailed check,19.95,68.2,No,0,0-12
3948-FVVRP,Male,0,Yes,Yes,9,Yes,No,DSL,No,Yes,No,Yes,No,No,Month-to-month,No,Mailed check,54.8,452.8,No,0,0-12
5327-XOKKY,Male,1,Yes,No,72,Yes,Yes,DSL,No,No,Yes,No,Yes,Yes,Two year,Yes,Credit card (automatic),73.45,5329.0,No,0,61-72
0983-TATYJ,Female,0,Yes,No,33,Yes,No,DSL,No,No,No,Yes,No,No,One year,Yes,Mailed check,51.45,1758.9,No,0,25-36
1813-JYWTO,Female,0,Yes,No,72,Yes,Yes,Fiber optic,Yes,No,No,No,No,No,Two year,No,Bank transfer (automatic),80.45,5737.6,No,0,61-72
0156-FVPTA,Male,0,Yes,No,22,Yes,No,DSL,Yes,No,No,Yes,No,No,Month-to-month,Yes,Electronic check,54.2,1152.7,Yes,1,13-24
1984-FCOWB,Female,0,Yes,No,70,Yes,Yes,Fiber optic,No,Yes,Yes,Yes,Yes,Yes,One year,Yes,Electronic check,109.5,7674.55,Yes,1,61-72
0654-HMSHN,Male,0,Yes,Yes,21,Yes,Yes,Fiber optic,No,Yes,Yes,No,Yes,Yes,Month-to-month,No,Electronic check,104.4,2157.95,Yes,1,13-24
6719-OXYBR,Male,0,No,No,15,Yes,No,Fiber optic,No,No,Yes,No,Yes,No,Month-to-month,No,Electronic check,85.3,1219.85,No,0,13-24
3312-ZWLGF,Male,1,Yes,No,29,Yes,Yes,Fiber optic,No,No,No,Yes,No,No,Month-to-month,Yes,Electronic check,79.3,2414.55,No,0,25-36
6476-YHMGA,Female,0,Yes,Yes,15,Yes,No,DSL,No,Yes,Yes,Yes,Yes,Yes,Month-to-month,No,Bank transfer (automatic),76.5,1155.6,No,0,13-24
5287-QWLKY,Male,1,Yes,Yes,71,Yes,Yes,Fiber optic,Yes,Yes,No,No,Yes,Yes,Month-to-month,Yes,Credit card (automatic),105.1,7548.1,Yes,1,61-72
0795-XCCTE,Male,1,No,No,72,Yes,Yes,No,No internet service,No internet service,No internet service,No internet service,No internet service,No internet service,Two year,No,Bank transfer (automatic),25.4,1809.35,No,0,61-72
0168-XZKBB,Female,0,Yes,No,19,Yes,Yes,Fiber optic,No,No,No,No,Yes,No,Month-to-month,Yes,Electronic check,86.85,1564.4,No,0,13-24
3785-NRHYR,Male,0,No,No,1,Yes,No,No,No internet service,No internet service,No internet service,No internet service,No internet service,No internet service,Month-to-month,No,Mailed check,19.65,19.65,No,0,0-12
5196-SGOAK,Female,0,No,No,1,Yes,No,Fiber optic,No,Yes,No,No,No,No,Month-to-month,Yes,Electronic check,75.7,75.7,Yes,1,0-12
4537-DKTAL,Female,0,No,No,2,Yes,No,DSL,No,No,No,No,No,No,Month-to-month,No,Electronic check,45.55,84.4,No,0,0-12
7072-MBHEV,Female,1,Yes,Yes,11,Yes,Yes,Fiber optic,No,No,Yes,No,No,No,Month-to-month,Yes,Credit card (automatic),78.1,864.85,No,0,0-12
5602-BVFMK,Female,0,No,No,12,Yes,No,No,No internet service,No internet service,No internet service,No internet service,No internet service,No internet service,One year,No,Mailed check,19.3,228.75,No,0,0-12
6297-NOOPG,Female,0,Yes,No,70,Yes,Yes,Fiber optic,No,Yes,Yes,Yes,Yes,Yes,Two year,Yes,Electronic check,110.5,7752.05,No,0,61-72
1891-UAWWU,Female,1,Yes,No,20,Yes,Yes,Fiber optic,No,No,Yes,No,Yes,No,Month-to-month,No,Electronic check,90.8,1951.0,Yes,1,13-24
8204-TIFGJ,Female,0,No,No,23,Yes,No,No,No internet service,No internet service,No internet service,No internet service,No internet service,No internet service,Month-to-month,Yes,Bank transfer (automatic),20.3,470.6,No,0,13-24
8050-DVOJX,Male,1,No,No,49,Yes,Yes,DSL,Yes,Yes,Yes,Yes,No,Yes,Two year,No,Credit card (automatic),81.35,4060.9,No,0,49-60
6108-OQZDQ,Female,0,Yes,Yes,4,Yes,Yes,Fiber optic,No,Yes,No,No,Yes,Yes,Month-to-month,Yes,Electronic check,97.95,384.5,Yes,1,0-12
0363-QJVFX,Male,0,No,No,32,Yes,Yes,Fiber optic,Yes,Yes,No,Yes,Yes,Yes,Month-to-month,Yes,Credit card (automatic),108.15,3432.9,Yes,1,25-36
8903-XEBGX,Male,0,No,Yes,2,Yes,No,DSL,No,No,No,No,No,Yes,Month-to-month,Yes,Electronic check,55.3,108.65,No,0,0-12
8169-SAEJD,Male,1,Yes,No,69,No,No phone service,DSL,Yes,Yes,No,No,Yes,Yes,Two year,No,Credit card (automatic),56.55,3952.65,No,0,61-72
9840-DVNDC,Male,0,No,No,6,Yes,No,Fiber optic,No,No,No,No,Yes,No,Month-to-month,Yes,Credit card (automatic),80.5,463.05,Yes,1,0-12
1089-XZWHH,Female,0,Yes,Yes,24,Yes,No,No,No internet service,No internet service,No internet service,No internet service,No internet service,No internet service,Two year,Yes,Mailed check,19.7,494.05,No,0,13-24
2325-WINES,Female,0,No,No,32,Yes,Yes,Fiber optic,No,Yes,Yes,No,Yes,Yes,One year,Yes,Credit card (automatic),104.05,3416.85,No,0,25-36
6064-ZATLR,Female,0,No,No,27,Yes,No,DSL,Yes,Yes,No,No,No,No,Two year,No,Bank transfer (automatic),52.85,1498.65,No,0,25-36
3096-JRDSO,Female,1,Yes,No,27,Yes,Yes,Fiber optic,Yes,No,No,Yes,Yes,Yes,Month-to-month,Yes,Bank transfer (automatic),104.3,2867.75,Yes,1,25-36
7824-PANSQ,Male,0,No,No,58,Yes,Yes,Fiber optic,No,No,No,Yes,No,No,Month-to-month,No,Bank transfer (automatic),80.65,4807.35,No,0,49-60
8042-JVNFH,Male,0,No,No,1,Yes,No,Fiber optic,No,No,No,No,No,No,Month-to-month,Yes,Mailed check,71.35,71.35,Yes,1,0-12
9648-BCHKM,Female,0,Yes,Yes,18,Yes,Yes,No,No internet service,No internet service,No internet service,No internet service,No internet service,No internet service,Two year,Yes,Credit card (automatic),24.65,471.35,No,0,13-24
2888-ADFAO,Female,0,Yes,Yes,47,Yes,No,No,No internet service,No internet service,No internet service,No internet service,No internet service,No internet service,Two year,Yes,Bank transfer (automatic),21.3,1041.8,No,0,37-48
8707-HOEDG,Female,0,Yes,Yes,70,Yes,Yes,Fiber optic,No,Yes,Yes,Yes,Yes,Yes,Two year,Yes,Electronic check,110.2,7689.8,No,0,61-72
3374-LXDEV,Female,0,No,No,13,Yes,Yes,Fiber optic,No,Yes,Yes,Yes,No,No,Month-to-month,No,Electronic check,89.4,1132.35,Yes,1,13-24
4072-IPYLT,Female,0,Yes,Yes,36,Yes,No,DSL,Yes,No,No,No,No,No,Month-to-month,No,Credit card (automatic),51.05,1815.0,No,0,25-36
7167-PCEYD,Male,0,No,No,67,Yes,No,No,No internet service,No internet service,No internet service,No internet service,No internet service,No internet service,Two year,Yes,Mailed check,19.8,1311.3,No,0,61-72
4936-YPJNK,Female,0,No,No,10,Yes,No,No,No internet service,No internet service,No internet service,No internet service,No internet service,No internet service,Month-to-month,Yes,Mailed check,19.9,199.45,No,0,0-12
1580-BMCMR,Male,1,No,No,19,Yes,No,Fiber optic,Yes,No,No,No,No,Yes,Month-to-month,Yes,Electronic check,87.3,1637.3,No,0,13-24
4817-KEQSP,Female,0,Yes,Yes,71,Yes,No,No,No internet service,No internet service,No internet service,No internet service,No internet service,No internet service,Two year,No,Bank transfer (automatic),19.85,1326.35,No,0,61-72
6408-WHTEF,Male,0,Yes,Yes,72,Yes,Yes,DSL,Yes,Yes,Yes,Yes,Yes,Yes,Two year,Yes,Mailed check,89.4,6376.55,No,0,61-72
9251-AWQGT,Female,0,Yes,Yes,48,Yes,No,No,No internet service,No internet service,No internet service,No internet service,No internet service,No internet service,Two year,No,Mailed check,20.0,935.9,No,0,37-48
8749-CLJXC,Male,0,No,No,1,Yes,No,No,No internet service,No internet service,No internet service,No internet service,No internet service,No internet service,Month-to-month,No,Mailed check,20.05,20.05,No,0,0-12
7989-VCQOH,Male,0,Yes,Yes,18,Yes,No,DSL,Yes,No,Yes,Yes,Yes,Yes,Month-to-month,No,Electronic check,83.25,1611.15,No,0,13-24
5049-GLYVG,Male,0,No,No,1,Yes,No,No,No internet service,No internet service,No internet service,No internet service,No internet service,No internet service,Month-to-month,No,Mailed check,20.6,20.6,Yes,1,0-12
4199-QHJNM,Male,1,Yes,No,67,Yes,Yes,Fiber optic,No,Yes,No,Yes,Yes,Yes,Two year,No,Bank transfer (automatic),102.9,6989.7,No,0,61-72
8882-TLVRW,Male,0,Yes,Yes,69,No,No phone service,DSL,Yes,No,Yes,Yes,No,No,Two year,No,Mailed check,39.1,2779.5,No,0,61-72
5883-GTGVD,Male,0,No,No,19,Yes,Yes,Fiber optic,No,Yes,No,No,Yes,Yes,Month-to-month,Yes,Electronic check,99.95,1931.75,Yes,1,13-24
5135-GRQJV,Male,1,Yes,No,72,Yes,Yes,Fiber optic,Yes,Yes,Yes,Yes,Yes,Yes,Two year,Yes,Mailed check,114.5,8331.95,No,0,61-72
2384-OVPSA,Female,1,No,No,38,Yes,No,No,No internet service,No internet service,No internet service,No internet service,No internet service,No internet service,Two year,No,Mailed check,20.2,735.9,No,0,37-48
1371-WEPDS,Male,1,Yes,No,40,Yes,No,DSL,No,No,No,No,No,Yes,One year,No,Electronic check,55.8,2283.3,No,0,37-48
3580-GICBM,Female,0,Yes,Yes,61,Yes,Yes,No,No internet service,No internet service,No internet service,No internet service,No internet service,No internet service,Two year,Yes,Mailed check,24.2,1445.2,No,0,61-72
4817-QRJSX,Female,0,No,No,10,Yes,Yes,Fiber optic,No,Yes,No,No,No,No,Month-to-month,Yes,Credit card (automatic),81.0,818.05,Yes,1,0-12
9730-DRTMJ,Male,0,Yes,No,32,Yes,Yes,DSL,Yes,No,No,Yes,Yes,No,One year,Yes,Credit card (automatic),72.8,2333.05,No,0,25-36
4686-UXDML,Female,0,No,No,21,Yes,Yes,Fiber optic,No,Yes,No,No,Yes,Yes,Month-to-month,Yes,Credit card (automatic),99.85,1992.55,No,0,13-24
3349-ANQNH,Female,1,No,No,59,Yes,Yes,Fiber optic,No,No,Yes,No,Yes,Yes,One year,Yes,Electronic check,99.5,5890.0,No,0,49-60
2398-YPMUR,Female,1,Yes,No,13,Yes,No,Fiber optic,No,No,No,No,No,No,Month-to-month,Yes,Electronic check,70.15,916.75,Yes,1,13-24
0932-YIXYU,Female,0,No,No,47,Yes,No,No,No internet service,No internet service,No internet service,No internet service,No internet service,No internet service,Two year,No,Credit card (automatic),20.25,1029.8,No,0,37-48
7480-SPLEF,Male,0,Yes,Yes,69,Yes,Yes,No,No internet service,No internet service,No internet service,No internet service,No internet service,No internet service,Two year,Yes,Bank transfer (automatic),26.0,1796.55,No,0,61-72
7636-XUHWW,Male,0,No,No,2,Yes,No,No,No internet service,No internet service,No internet service,No internet service,No internet service,No internet service,Month-to-month,Yes,Credit card (automatic),19.9,33.7,No,0,0-12
1431-CYWMH,Female,0,Yes,Yes,22,Yes,No,No,No internet service,No internet service,No internet service,No internet service,No internet service,No internet service,Month-to-month,No,Bank transfer (automatic),19.05,454.05,No,0,13-24
5937-EORGB,Male,1,Yes,No,15,Yes,Yes,Fiber optic,Yes,No,Yes,No,Yes,No,Month-to-month,Yes,Electronic check,96.5,1392.25,No,0,13-24
6349-JDHQP,Female,0,No,No,53,Yes,No,No,No internet service,No internet service,No internet service,No internet service,No internet service,No internet service,Two year,No,Credit card (automatic),19.85,1049.6,No,0,49-60
5539-HIVAK,Female,1,Yes,No,28,Yes,Yes,No,No internet service,No internet service,No internet service,No internet service,No internet service,No internet service,Month-to-month,No,Mailed check,25.7,734.6,No,0,25-36
5847-MXBEO,Male,0,No,No,22,Yes,No,No,No internet service,No internet service,No internet service,No internet service,No internet service,No internet service,One year,No,Mailed check,20.3,475.1,No,0,13-24
9985-MWVIX,Female,0,No,No,1,Yes,No,Fiber optic,No,No,No,No,No,No,Month-to-month,Yes,Mailed check,70.15,70.15,Yes,1,0-12
4583-PARNH,Male,1,Yes,No,16,Yes,No,Fiber optic,No,No,Yes,Yes,No,Yes,Month-to-month,Yes,Electronic check,91.55,1540.05,No,0,13-24
1116-FRYVH,Female,0,Yes,Yes,48,No,No phone service,DSL,Yes,Yes,No,Yes,No,No,Two year,No,Mailed check,39.4,1978.65,No,0,37-48
1421-HCERK,Male,1,Yes,No,30,Yes,Yes,Fiber optic,Yes,Yes,Yes,Yes,Yes,No,Month-to-month,Yes,Bank transfer (automatic),105.7,3181.8,No,0,25-36
9633-XQABV,Female,0,No,No,3,Yes,No,Fiber optic,No,No,No,No,No,No,Month-to-month,Yes,Electronic check,70.25,229.7,No,0,0-12
0716-BQNDX,Male,1,No,No,57,Yes,Yes,Fiber optic,Yes,No,No,Yes,No,Yes,Two year,No,Electronic check,93.75,5625.55,No,0,49-60
1265-XTECC,Female,1,Yes,No,68,Yes,Yes,Fiber optic,Yes,Yes,No,No,No,Yes,One year,Yes,Credit card (automatic),96.55,6581.9,Yes,1,61-72
1183-CANVH,Female,0,Yes,No,23,Yes,No,DSL,No,No,No,Yes,Yes,No,One year,No,Bank transfer (automatic),60.0,1347.15,No,0,13-24
1972-XMUWV,Female,0,Yes,No,65,Yes,No,DSL,No,No,No,Yes,Yes,No,Two year,Yes,Credit card (automatic),59.8,3808.2,No,0,61-72
8679-LZBMD,Male,0,Yes,No,44,Yes,No,Fiber optic,No,No,No,No,Yes,Yes,One year,Yes,Bank transfer (automatic),90.65,3974.15,No,0,37-48
3407-JMJQQ,Female,0,Yes,Yes,71,Yes,Yes,Fiber optic,Yes,Yes,Yes,No,Yes,Yes,Two year,Yes,Bank transfer (automatic),109.0,7661.8,No,0,61-72
6252-DFGTK,Female,0,Yes,No,37,Yes,Yes,DSL,Yes,No,Yes,Yes,No,No,One year,No,Credit card (automatic),68.1,2479.25,No,0,37-48
1539-LNKHM,Female,0,No,No,12,Yes,No,No,No internet service,No internet service,No internet service,No internet service,No internet service,No internet service,Month-to-month,No,Mailed check,20.4,266.6,No,0,0-12
8645-KOMJQ,Male,0,Yes,Yes,69,Yes,Yes,DSL,No,Yes,Yes,Yes,Yes,Yes,Two year,Yes,Bank transfer (automatic),81.95,5601.4,No,0,61-72
0289-IVARM,Female,0,No,No,35,Yes,No,DSL,Yes,Yes,Yes,No,No,No,Month-to-month,No,Electronic check,60.55,1982.6,No,0,25-36
9761-XUJWD,Male,0,No,No,5,Yes,No,DSL,No,Yes,No,Yes,No,Yes,Month-to-month,Yes,Bank transfer (automatic),65.6,339.9,No,0,0-12
4057-FKCZK,Male,0,Yes,Yes,58,Yes,Yes,Fiber optic,No,No,No,No,Yes,No,Two year,No,Bank transfer (automatic),82.5,4828.05,No,0,49-60
4291-TPNFG,Male,0,Yes,No,72,Yes,Yes,DSL,Yes,Yes,Yes,Yes,No,Yes,Two year,Yes,Bank transfer (automatic),82.3,5980.55,No,0,61-72
6087-YPWHO,Male,0,Yes,No,72,Yes,Yes,DSL,Yes,Yes,Yes,Yes,No,No,Two year,No,Mailed check,68.15,4808.7,No,0,61-72
3090-QFUVD,Female,0,No,No,1,Yes,No,No,No internet service,No internet service,No internet service,No internet service,No internet service,No internet service,Month-to-month,No,Credit card (automatic),20.3,20.3,No,0,0-12
2237-ZFSMY,Female,0,No,No,39,Yes,No,Fiber optic,Yes,No,Yes,Yes,Yes,No,One year,Yes,Electronic check,95.55,3692.85,Yes,1,37-48
1722-LDZJS,Male,0,Yes,Yes,53,Yes,No,No,No internet service,No internet service,No internet service,No internet service,No internet service,No internet service,One year,No,Credit card (automatic),20.2,1068.15,No,0,49-60
1818-ESQMW,Female,0,No,No,27,Yes,No,Fiber optic,No,No,Yes,Yes,No,Yes,Month-to-month,Yes,Electronic check,89.2,2383.6,No,0,25-36
4871-JTKJF,Female,1,No,No,1,Yes,No,Fiber optic,No,No,No,No,No,No,Month-to-month,Yes,Electronic check,69.65,69.65,Yes,1,0-12
1415-YFWLT,Female,1,No,No,1,Yes,No,Fiber optic,No,No,No,No,Yes,Yes,Month-to-month,Yes,Electronic check,89.3,89.3,Yes,1,0-12
7401-RUBNK,Female,0,Yes,No,18,Yes,No,Fiber optic,Yes,No,No,No,No,No,Month-to-month,No,Electronic check,74.8,1438.05,No,0,13-24
0506-YLVKJ,Male,0,Yes,Yes,46,Yes,No,No,No internet service,No internet service,No internet service,No internet service,No internet service,No internet service,Two year,Yes,Mailed check,20.2,917.45,No,0,37-48
8661-BOYNW,Female,0,Yes,No,72,Yes,Yes,DSL,Yes,No,Yes,Yes,Yes,Yes,Two year,Yes,Credit card (automatic),84.4,6096.45,No,0,61-72
6711-VTNRE,Female,0,No,No,36,Yes,No,Fiber optic,No,No,Yes,Yes,No,Yes,Month-to-month,Yes,Electronic check,87.55,3078.1,Yes,1,25-36
4815-GBTCD,Female,0,Yes,No,4,No,No phone service,DSL,No,No,No,No,No,No,Month-to-month,Yes,Electronic check,25.15,99.95,No,0,0-12
2805-AUFQN,Female,0,No,No,25,Yes,No,No,No internet service,No internet service,No internet service,No internet service,No internet service,No internet service,Two year,No,Credit card (automatic),19.8,475.2,No,0,25-36
0980-PVMRC,Female,0,Yes,Yes,40,No,No phone service,DSL,No,Yes,No,No,Yes,Yes,Month-to-month,Yes,Electronic check,50.85,2036.55,No,0,37-48
7233-DRTRF,Male,0,Yes,No,63,Yes,Yes,Fiber optic,No,Yes,Yes,No,Yes,Yes,Month-to-month,Yes,Electronic check,102.4,6444.05,No,0,61-72
3500-RMZLT,Female,1,No,No,15,Yes,No,Fiber optic,Yes,No,Yes,Yes,No,Yes,Month-to-month,Yes,Mailed check,96.3,1426.75,Yes,1,13-24
3873-NFTGI,Male,0,No,No,14,Yes,Yes,DSL,No,Yes,No,No,No,No,Month-to-month,Yes,Credit card (automatic),55.5,767.55,No,0,13-24
1162-ECVII,Male,1,Yes,No,72,Yes,Yes,Fiber optic,No,Yes,Yes,Yes,Yes,Yes,Two year,Yes,Bank transfer (automatic),109.75,7932.5,No,0,61-72
7048-GXDAY,Male,0,No,No,39,Yes,Yes,Fiber optic,Yes,Yes,No,No,Yes,Yes,Month-to-month,Yes,Electronic check,106.4,4040.65,No,0,37-48
8571-ZCMCX,Female,0,Yes,Yes,47,No,No phone service,DSL,Yes,Yes,Yes,No,Yes,Yes,Two year,Yes,Credit card (automatic),60.0,2768.65,No,0,37-48
1169-WCVAK,Male,0,Yes,No,19,Yes,Yes,Fiber optic,Yes,Yes,No,Yes,No,No,Month-to-month,Yes,Credit card (automatic),88.8,1672.35,No,0,13-24
4548-SDBKE,Female,0,No,No,5,Yes,Yes,Fiber optic,No,No,No,No,Yes,No,Month-to-month,Yes,Electronic check,85.2,474.8,Yes,1,0-12
8066-POXGX,Female,0,No,No,13,No,No phone service,DSL,No,No,No,No,No,Yes,Month-to-month,Yes,Electronic check,35.1,446.1,Yes,1,13-24
7129-CAKJW,Female,0,No,No,17,Yes,Yes,Fiber optic,No,No,Yes,No,No,No,Month-to-month,No,Bank transfer (automatic),80.05,1345.65,No,0,13-24
8695-ARGXZ,Male,1,Yes,No,34,Yes,Yes,Fiber optic,No,No,No,No,No,No,Month-to-month,Yes,Electronic check,75.55,2425.4,No,0,25-36
3570-YUEKJ,Female,0,No,No,42,Yes,No,DSL,No,Yes,No,No,No,No,Month-to-month,Yes,Electronic check,49.55,2077.95,No,0,37-48
4143-OOBWZ,Male,0,Yes,No,5,Yes,Yes,Fiber optic,No,Yes,No,No,No,No,Month-to-month,Yes,Electronic check,81.3,416.3,Yes,1,0-12
1555-HAPSU,Female,0,Yes,Yes,71,Yes,Yes,No,No internet service,No internet service,No internet service,No internet service,No internet service,No internet service,Two year,No,Credit card (automatic),23.9,1663.5,No,0,61-72
1697-NVVGY,Male,1,Yes,No,19,Yes,No,DSL,Yes,No,Yes,No,Yes,No,Month-to-month,No,Bank transfer (automatic),66.4,1286.05,No,0,13-24
7854-EKTJL,Female,0,No,Yes,2,Yes,No,No,No internet service,No internet service,No internet service,No internet service,No internet service,No internet service,Month-to-month,Yes,Electronic check,19.6,35.85,Yes,1,0-12
8464-EETCQ,Male,0,No,No,57,Yes,No,No,No internet service,No internet service,No internet service,No internet service,No internet service,No internet service,Two year,No,Credit card (automatic),18.8,1094.35,No,0,49-60
2419-FSORS,Male,0,Yes,No,72,Yes,Yes,Fiber optic,No,Yes,Yes,Yes,Yes,Yes,Two year,Yes,Electronic check,108.4,7719.5,No,0,61-72
8132-YPVBX,Female,0,No,No,6,Yes,No,Fiber optic,No,Yes,No,No,No,Yes,Month-to-month,Yes,Mailed check,85.95,514.6,No,0,0-12
9102-IAYHT,Female,0,Yes,Yes,17,Yes,Yes,Fiber optic,No,No,No,No,No,Yes,Month-to-month,Yes,Electronic check,85.45,1451.6,Yes,1,13-24
6754-LZUKA,Male,0,Yes,No,61,Yes,Yes,DSL,No,Yes,Yes,No,Yes,Yes,Two year,No,Bank transfer (automatic),80.9,4932.5,No,0,61-72
3422-LYEPQ,Male,0,Yes,Yes,1,Yes,No,Fiber optic,No,No,No,No,No,No,Month-to-month,Yes,Electronic check,71.0,71.0,Yes,1,0-12
8099-MZPUJ,Male,0,Yes,Yes,48,Yes,Yes,Fiber optic,Yes,Yes,Yes,Yes,Yes,Yes,Two year,No,Credit card (automatic),111.8,5443.65,No,0,37-48
0787-LHDYT,Male,0,No,No,16,Yes,No,No,No internet service,No internet service,No internet service,No internet service,No internet service,No internet service,Month-to-month,Yes,Credit card (automatic),20.6,330.25,No,0,13-24
2642-DTVCO,Male,1,No,No,9,Yes,Yes,Fiber optic,No,No,No,No,No,Yes,Month-to-month,Yes,Electronic check,85.05,746.5,Yes,1,0-12
0374-IOEGQ,Female,0,No,No,3,Yes,No,DSL,No,No,No,No,No,No,Month-to-month,No,Electronic check,44.6,122.7,No,0,0-12
4361-JEIVL,Male,0,No,Yes,1,Yes,No,DSL,No,No,No,No,No,No,Month-to-month,Yes,Electronic check,44.4,44.4,Yes,1,0-12
3197-NNYNB,Male,0,No,No,65,Yes,Yes,Fiber optic,No,Yes,Yes,No,Yes,Yes,Two year,No,Credit card (automatic),105.1,6631.85,No,0,61-72
3396-DKDEL,Female,0,Yes,Yes,70,Yes,Yes,Fiber optic,Yes,Yes,Yes,Yes,Yes,Yes,Two year,Yes,Credit card (automatic),115.15,8250.0,No,0,61-72
1752-OZXFY,Male,0,Yes,No,60,Yes,No,DSL,Yes,No,No,No,Yes,No,One year,Yes,Mailed check,59.8,3561.15,No,0,49-60
9066-QRSDU,Female,0,Yes,No,69,Yes,Yes,No,No internet service,No internet service,No internet service,No internet service,No internet service,No internet service,One year,Yes,Electronic check,26.3,1763.55,No,0,61-72
9112-WSNPU,Female,1,No,No,35,Yes,No,Fiber optic,No,No,No,No,No,No,Month-to-month,No,Electronic check,70.55,2419.0,No,0,25-36
9867-NNXLC,Female,0,No,No,22,Yes,No,No,No internet service,No internet service,No internet service,No internet service,No internet service,No internet service,Month-to-month,Yes,Mailed check,20.05,470.2,No,0,13-24
5321-NTRKC,Male,0,Yes,Yes,66,Yes,Yes,DSL,No,Yes,Yes,No,Yes,Yes,Two year,No,Bank transfer (automatic),79.85,5234.95,No,0,61-72
1363-TXLSL,Male,1,Yes,No,1,Yes,No,Fiber optic,No,No,No,No,No,No,Month-to-month,Yes,Electronic check,70.3,70.3,Yes,1,0-12
9507-EXLTT,Female,0,Yes,No,1,Yes,No,Fiber optic,No,No,No,No,Yes,No,Month-to-month,Yes,Bank transfer (automatic),79.35,79.35,Yes,1,0-12
3161-GETRM,Male,0,Yes,Yes,34,Yes,Yes,Fiber optic,No,No,Yes,No,No,Yes,Month-to-month,Yes,Credit card (automatic),90.05,3097.0,No,0,25-36
0402-OAMEN,Female,0,Yes,Yes,72,Yes,Yes,No,No internet service,No internet service,No internet service,No internet service,No internet service,No internet service,Two year,No,Bank transfer (automatic),24.45,1709.1,No,0,61-72
6933-VLYFX,Male,0,Yes,Yes,31,No,No phone service,DSL,Yes,No,Yes,Yes,Yes,Yes,One year,No,Electronic check,59.95,1848.8,No,0,25-36
6754-WKSHP,Male,0,No,Yes,30,Yes,Yes,No,No internet service,No internet service,No internet service,No internet service,No internet service,No internet service,One year,No,Bank transfer (automatic),25.35,723.3,No,0,25-36
9846-GKXAS,Female,0,No,No,9,Yes,No,Fiber optic,No,No,No,No,Yes,Yes,Month-to-month,Yes,Bank transfer (automatic),90.8,809.75,Yes,1,0-12
6017-PPLPX,Male,0,Yes,Yes,20,Yes,No,Fiber optic,No,No,No,No,No,No,Month-to-month,Yes,Electronic check,70.45,1470.95,Yes,1,13-24
4976-LNFVV,Male,1,Yes,No,19,No,No phone service,DSL,No,Yes,Yes,No,No,No,Month-to-month,Yes,Credit card (automatic),34.3,577.15,No,0,13-24
5055-MGMGF,Female,0,Yes,No,65,Yes,Yes,Fiber optic,Yes,No,Yes,No,Yes,Yes,Month-to-month,Yes,Electronic check,105.05,6914.95,No,0,61-72
4641-FROLU,Female,0,Yes,Yes,30,Yes,No,No,No internet service,No internet service,No internet service,No internet service,No internet service,No internet service,Two year,No,Mailed check,19.3,602.9,No,0,25-36
2862-JVEOY,Male,0,No,No,6,Yes,No,No,No internet service,No internet service,No internet service,No internet service,No internet service,No internet service,One year,No,Mailed check,19.15,124.4,No,0,0-12
2969-QWUBZ,Female,0,No,No,2,No,No phone service,DSL,No,Yes,No,No,Yes,Yes,Month-to-month,No,Electronic check,51.4,96.8,No,0,0-12
9822-BIIGN,Male,0,Yes,Yes,53,Yes,Yes,DSL,Yes,No,No,Yes,No,Yes,Month-to-month,No,Electronic check,71.85,3827.9,No,0,49-60
2077-MPJQO,Male,1,Yes,No,7,Yes,Yes,Fiber optic,No,No,No,No,No,No,Month-to-month,Yes,Electronic check,75.4,533.05,No,0,0-12
1534-OULXE,Female,0,Yes,Yes,61,Yes,No,DSL,Yes,No,No,No,No,No,One year,Yes,Bank transfer (automatic),49.7,2961.4,No,0,61-72
7136-RVDTZ,Male,1,No,No,70,No,No phone service,DSL,No,No,No,No,Yes,Yes,One year,Yes,Electronic check,45.25,3264.45,Yes,1,61-72
2971-SGAFL,Female,0,No,No,13,Yes,Yes,DSL,Yes,No,Yes,No,Yes,Yes,Month-to-month,Yes,Electronic check,78.75,995.35,No,0,13-24
1480-IVEVR,Male,1,Yes,No,35,Yes,Yes,Fiber optic,No,No,Yes,No,No,No,One year,Yes,Bank transfer (automatic),81.6,2815.25,No,0,25-36
2905-KFQUV,Female,0,Yes,No,2,Yes,No,Fiber optic,No,No,No,No,No,No,Month-to-month,Yes,Credit card (automatic),70.4,154.8,No,0,0-12
4581-SSPWD,Female,0,No,No,3,Yes,Yes,Fiber optic,No,No,No,No,No,No,Month-to-month,Yes,Electronic check,75.8,246.3,Yes,1,0-12
3370-HXOPH,Female,0,No,No,3,Yes,Yes,Fiber optic,No,No,No,No,No,No,Month-to-month,No,Electronic check,76.1,257.6,No,0,0-12
9391-YZEJW,Female,0,No,No,62,Yes,Yes,Fiber optic,No,No,No,No,Yes,Yes,One year,Yes,Bank transfer (automatic),94.0,5757.2,No,0,61-72
9958-MEKUC,Male,0,Yes,Yes,72,Yes,Yes,Fiber optic,Yes,Yes,Yes,Yes,No,Yes,Two year,No,Credit card (automatic),103.95,7517.7,No,0,61-72
0281-CNTZX,Male,0,Yes,No,63,Yes,No,No,No internet service,No internet service,No internet service,No internet service,No internet service,No internet service,Two year,Yes,Bank transfer (automatic),19.95,1234.8,No,0,61-72
6927-WTFIV,Male,1,No,No,20,Yes,No,Fiber optic,No,No,No,No,No,No,Month-to-month,No,Credit card (automatic),71.3,1389.2,Yes,1,13-24
4118-CEVPF,Female,1,No,No,35,Yes,Yes,Fiber optic,Yes,Yes,Yes,Yes,Yes,Yes,One year,Yes,Bank transfer (automatic),110.8,3836.3,No,0,25-36
3398-ZOUAA,Male,1,Yes,No,21,Yes,No,Fiber optic,No,No,No,No,No,No,Month-to-month,Yes,Electronic check,69.1,1474.75,Yes,1,13-24
9114-VEPUF,Male,0,Yes,No,62,Yes,Yes,Fiber optic,Yes,Yes,No,No,No,Yes,One year,No,Electronic check,96.1,6001.45,No,0,61-72
7876-BEUTG,Female,0,No,No,15,Yes,Yes,DSL,No,No,No,No,No,No,Month-to-month,Yes,Mailed check,48.8,720.1,No,0,13-24
2338-BQEZT,Female,0,No,No,55,Yes,No,DSL,Yes,No,No,No,No,No,Month-to-month,Yes,Credit card (automatic),50.55,2832.75,No,0,49-60
9873-MNDKV,Female,0,No,No,11,Yes,No,DSL,No,No,No,No,No,No,Month-to-month,Yes,Mailed check,44.65,472.25,No,0,0-12
0378-NHQXU,Female,0,Yes,Yes,17,Yes,Yes,Fiber optic,No,No,Yes,No,Yes,No,Month-to-month,No,Electronic check,88.25,1460.65,Yes,1,13-24
8241-JUIQO,Female,0,No,No,61,Yes,No,No,No internet service,No internet service,No internet service,No internet service,No internet service,No internet service,One year,No,Bank transfer (automatic),19.45,1336.35,No,0,61-72
2194-IIQOF,Female,0,Yes,No,71,Yes,Yes,DSL,Yes,Yes,Yes,Yes,Yes,Yes,Two year,No,Credit card (automatic),89.3,6388.65,No,0,61-72
4512-ZUIYL,Female,0,No,No,2,Yes,No,Fiber optic,No,No,No,No,No,No,Month-to-month,No,Bank transfer (automatic),70.0,153.05,Yes,1,0-12
9631-RXVJM,Male,0,No,No,35,Yes,No,No,No internet service,No internet service,No internet service,No internet service,No internet service,No internet service,Two year,No,Mailed check,19.25,677.9,No,0,25-36
9584-EXCDZ,Female,0,No,No,17,Yes,No,Fiber optic,No,No,No,No,No,No,Month-to-month,No,Bank transfer (automatic),70.5,1165.6,No,0,13-24
7969-AULMZ,Female,0,No,No,21,Yes,Yes,Fiber optic,No,No,No,No,Yes,Yes,Month-to-month,Yes,Electronic check,97.35,2119.5,Yes,1,13-24
5093-FEGLU,Female,0,Yes,No,47,Yes,No,No,No internet service,No internet service,No internet service,No internet service,No internet service,No internet service,Two year,No,Bank transfer (automatic),19.65,921.55,No,0,37-48
2621-UDNLU,Female,0,Yes,No,3,Yes,No,No,No internet service,No internet service,No internet service,No internet service,No internet service,No internet service,Month-to-month,No,Mailed check,20.85,72.0,No,0,0-12
7526-IVLYU,Male,0,No,No,3,Yes,No,No,No internet service,No internet service,No internet service,No internet service,No internet service,No internet service,Month-to-month,Yes,Mailed check,19.65,68.35,No,0,0-12
2428-HYUNX,Male,1,Yes,No,44,Yes,No,No,No internet service,No internet service,No internet service,No internet service,No internet service,No internet service,Two year,Yes,Credit card (automatic),19.35,847.25,No,0,37-48
9214-EKVXR,Female,0,No,No,1,Yes,No,DSL,No,No,No,No,No,No,Month-to-month,Yes,Mailed check,44.0,44.0,No,0,0-12
3410-MHHUM,Female,0,Yes,Yes,44,Yes,Yes,Fiber optic,No,Yes,Yes,No,No,Yes,One year,No,Electronic check,94.4,4295.35,No,0,37-48
0568-ONFPC,Male,0,Yes,Yes,5,Yes,Yes,No,No internet service,No internet service,No internet service,No internet service,No internet service,No internet service,Month-to-month,Yes,Bank transfer (automatic),25.9,135.0,Yes,1,0-12
0733-VUNUW,Male,0,No,No,24,Yes,Yes,DSL,Yes,No,No,No,No,No,Month-to-month,Yes,Bank transfer (automatic),55.65,1400.55,Yes,1,13-24
4550-EVXNY,Female,0,No,Yes,1,Yes,No,Fiber optic,No,No,No,No,No,No,Month-to-month,Yes,Electronic check,69.65,69.65,Yes,1,0-12
2122-YWVYA,Female,0,No,No,18,Yes,No,Fiber optic,Yes,No,No,No,No,No,Month-to-month,Yes,Electronic check,75.4,1380.4,No,0,13-24
2968-SSGAA,Female,0,No,No,10,Yes,Yes,Fiber optic,No,No,Yes,No,Yes,Yes,Month-to-month,Yes,Electronic check,100.6,1060.2,Yes,1,0-12
2296-DKZFP,Female,0,Yes,No,65,Yes,No,DSL,Yes,Yes,Yes,No,No,Yes,Two year,No,Bank transfer (automatic),71.0,4386.2,No,0,61-72
4844-JJWUY,Female,1,No,No,1,Yes,No,Fiber optic,No,Yes,No,No,No,Yes,Month-to-month,Yes,Electronic check,86.0,86.0,Yes,1,0-12
6777-TGHTM,Female,0,No,No,53,Yes,Yes,Fiber optic,Yes,No,Yes,No,Yes,Yes,One year,Yes,Credit card (automatic),106.95,5785.5,Yes,1,49-60
8909-BOLNL,Male,0,No,No,3,Yes,No,No,No internet service,No internet service,No internet service,No internet service,No internet service,No internet service,One year,No,Mailed check,21.2,52.05,No,0,0-12
6603-YRDCJ,Male,0,Yes,No,33,Yes,No,DSL,Yes,Yes,No,Yes,No,No,Two year,Yes,Mailed check,61.05,2018.4,No,0,25-36
3538-WZPHD,Male,0,No,No,3,No,No phone service,DSL,No,Yes,No,No,No,No,Month-to-month,Yes,Electronic check,29.6,79.45,Yes,1,0-12
3229-USWAR,Female,0,No,No,34,Yes,No,DSL,Yes,No,Yes,Yes,Yes,Yes,One year,Yes,Bank transfer (automatic),79.95,2727.3,No,0,25-36
2138-VFAPZ,Female,0,Yes,Yes,14,Yes,No,No,No internet service,No internet service,No internet service,No internet service,No internet service,No internet service,Two year,Yes,Mailed check,19.7,263.65,No,0,13-24
6131-JLWZM,Female,0,No,No,13,Yes,No,No,No internet service,No internet service,No internet service,No internet service,No internet service,No internet service,Month-to-month,Yes,Mailed check,20.3,275.4,No,0,13-24
4785-QRJHC,Male,1,Yes,No,46,No,No phone service,DSL,No,Yes,Yes,Yes,Yes,Yes,One year,Yes,Bank transfer (automatic),59.9,2816.65,Yes,1,37-48
0269-XFESX,Male,0,Yes,Yes,23,Yes,Yes,No,No internet service,No internet service,No internet service,No internet service,No internet service,No internet service,One year,No,Mailed check,24.35,538.5,No,0,13-24
1709-EJDOX,Female,0,Yes,Yes,47,Yes,No,No,No internet service,No internet service,No internet service,No internet service,No internet service,No internet service,Two year,No,Mailed check,19.75,948.9,No,0,37-48
4316-XCSLJ,Male,0,No,Yes,17,Yes,No,DSL,Yes,No,No,No,No,No,Month-to-month,Yes,Mailed check,50.3,846.8,No,0,13-24
8610-WFCJF,Female,0,Yes,Yes,49,Yes,Yes,Fiber optic,No,No,No,No,Yes,Yes,Month-to-month,Yes,Electronic check,95.6,4783.5,Yes,1,49-60
9693-XMUOB,Male,1,Yes,No,59,No,No phone service,DSL,No,Yes,No,No,Yes,Yes,Month-to-month,Yes,Electronic check,50.25,2997.45,No,0,49-60
0383-CLDDA,Female,0,No,No,69,Yes,Yes,DSL,Yes,No,Yes,Yes,Yes,Yes,Two year,Yes,Credit card (automatic),85.35,5897.4,No,0,61-72
4905-JEFDW,Male,0,No,No,11,No,No phone service,DSL,No,No,Yes,No,Yes,No,One year,Yes,Electronic check,41.6,470.6,Yes,1,0-12
2709-UQGNP,Male,0,No,No,10,Yes,No,DSL,Yes,No,No,No,No,No,Month-to-month,Yes,Mailed check,51.65,524.5,No,0,0-12
3549-ZTMNH,Male,0,Yes,Yes,12,Yes,Yes,No,No internet service,No internet service,No internet service,No internet service,No internet service,No internet service,Two year,Yes,Bank transfer (automatic),24.0,269.65,No,0,0-12
7881-INRLC,Male,0,No,No,45,Yes,Yes,Fiber optic,No,Yes,No,No,Yes,Yes,Month-to-month,Yes,Credit card (automatic),100.85,4740.0,Yes,1,37-48
8033-ATFAS,Female,0,Yes,Yes,39,Yes,No,DSL,No,No,Yes,No,Yes,No,Month-to-month,Yes,Mailed check,59.85,2341.5,No,0,37-48
1635-NZATJ,Male,1,Yes,No,71,Yes,Yes,No,No internet service,No internet service,No internet service,No internet service,No internet service,No internet service,Two year,No,Credit card (automatic),25.45,1789.65,No,0,61-72
0562-HKHML,Male,0,Yes,Yes,71,Yes,Yes,No,No internet service,No internet service,No internet service,No internet service,No internet service,No internet service,Two year,No,Credit card (automatic),23.9,1626.4,No,0,61-72
8277-RVRSV,Female,0,Yes,Yes,33,Yes,Yes,No,No internet service,No internet service,No internet service,No internet service,No internet service,No internet service,One year,No,Credit card (automatic),24.15,800.3,No,0,25-36
9943-VSZUV,Male,1,No,No,67,Yes,Yes,Fiber optic,No,No,No,No,No,No,Month-to-month,Yes,Mailed check,75.7,5060.85,No,0,61-72
0117-LFRMW,Male,0,Yes,Yes,37,No,No phone service,DSL,Yes,Yes,Yes,No,No,No,Month-to-month,No,Bank transfer (automatic),40.2,1448.8,Yes,1,37-48
6172-FECYY,Male,0,Yes,Yes,49,Yes,Yes,Fiber optic,No,No,No,No,Yes,No,Month-to-month,No,Electronic check,84.5,4254.85,Yes,1,49-60
7054-ENNGU,Female,0,Yes,No,9,Yes,No,DSL,No,Yes,No,No,No,No,Month-to-month,No,Mailed check,50.85,466.6,No,0,0-12
1455-HFBXA,Male,0,Yes,No,52,Yes,Yes,Fiber optic,Yes,No,Yes,Yes,No,No,Two year,Yes,Credit card (automatic),91.6,4627.8,No,0,49-60
9402-CXWPL,Female,0,No,No,70,Yes,Yes,Fiber optic,No,Yes,No,No,Yes,Yes,One year,No,Electronic check,98.9,6838.6,No,0,61-72
1628-BIZYP,Male,0,No,No,1,Yes,No,Fiber optic,No,Yes,No,No,No,Yes,Month-to-month,Yes,Electronic check,85.0,85.0,No,0,0-12
1965-AKTSX,Female,1,No,No,14,Yes,Yes,Fiber optic,No,Yes,No,No,No,No,Month-to-month,Yes,Electronic check,78.95,1101.85,Yes,1,13-24
0082-LDZUE,Male,0,No,No,1,Yes,No,DSL,No,No,No,No,No,No,Month-to-month,Yes,Mailed check,44.3,44.3,No,0,0-12
4786-UKSNZ,Male,0,No,No,1,Yes,No,No,No internet service,No internet service,No internet service,No internet service,No internet service,No internet service,Month-to-month,No,Mailed check,20.2,20.2,Yes,1,0-12
5343-SGUBI,Female,0,No,No,52,Yes,Yes,Fiber optic,No,Yes,No,No,No,No,One year,Yes,Mailed check,80.2,4297.6,No,0,49-60
0856-NAOES,Male,0,No,No,6,Yes,No,DSL,No,No,Yes,No,Yes,No,Month-to-month,No,Mailed check,60.9,414.1,No,0,0-12
1976-AZZPJ,Male,0,Yes,No,7,No,No phone service,DSL,Yes,Yes,No,No,No,No,Month-to-month,No,Mailed check,34.2,256.6,No,0,0-12
7248-VZQLC,Female,1,No,No,47,Yes,Yes,Fiber optic,No,Yes,Yes,No,No,No,Month-to-month,Yes,Bank transfer (automatic),85.2,3969.35,Yes,1,37-48
6156-UZDLF,Female,0,No,No,26,Yes,No,Fiber optic,Yes,No,Yes,Yes,No,No,One year,Yes,Credit card (automatic),87.15,2274.1,No,0,25-36
3099-OONVS,Male,0,Yes,Yes,25,Yes,No,DSL,Yes,No,No,Yes,No,No,Month-to-month,No,Electronic check,54.3,1296.8,No,0,25-36
9500-WBGRP,Male,0,No,No,69,Yes,No,No,No internet service,No internet service,No internet service,No internet service,No internet service,No internet service,Two year,Yes,Mailed check,19.1,1268.85,No,0,61-72
5183-KLYEM,Female,0,No,No,72,Yes,Yes,Fiber optic,Yes,Yes,Yes,Yes,Yes,Yes,Two year,Yes,Credit card (automatic),112.75,8192.6,No,0,61-72
5144-PQCDZ,Male,0,No,No,4,Yes,No,No,No internet service,No internet service,No internet service,No internet service,No internet service,No internet service,Month-to-month,Yes,Mailed check,19.95,59.25,No,0,0-12
8514-VZHEB,Male,0,Yes,Yes,59,Yes,No,No,No internet service,No internet service,No internet service,No internet service,No internet service,No internet service,Two year,No,Mailed check,19.5,1147.85,No,0,49-60
6625-IUTTT,Male,0,No,No,67,Yes,No,DSL,Yes,No,Yes,No,No,Yes,Two year,No,Bank transfer (automatic),65.55,4361.55,No,0,61-72
9355-NPPFS,Female,1,No,No,26,Yes,No,Fiber optic,No,No,No,No,No,Yes,Month-to-month,Yes,Electronic check,78.8,2006.1,No,0,25-36
0068-FIGTF,Female,0,No,No,27,Yes,No,DSL,No,Yes,Yes,Yes,Yes,Yes,One year,No,Mailed check,78.2,2078.95,No,0,25-36
5965-GGPRW,Male,0,Yes,Yes,72,Yes,Yes,Fiber optic,Yes,No,Yes,No,Yes,Yes,Two year,No,Bank transfer (automatic),105.25,7609.75,No,0,61-72
8035-PWSEV,Female,0,No,No,6,Yes,No,Fiber optic,No,No,Yes,Yes,No,Yes,Month-to-month,Yes,Electronic check,89.25,487.05,No,0,0-12
2236-HILPA,Male,0,Yes,Yes,62,Yes,No,No,No internet service,No internet service,No internet service,No internet service,No internet service,No internet service,Two year,No,Credit card (automatic),20.65,1218.45,No,0,61-72
1840-BIUOG,Male,0,No,No,20,Yes,Yes,DSL,No,Yes,No,Yes,Yes,No,One year,Yes,Electronic check,68.7,1416.2,No,0,13-24
1356-MKYSK,Male,0,No,No,6,Yes,No,DSL,Yes,No,Yes,Yes,Yes,Yes,Month-to-month,No,Credit card (automatic),78.65,483.3,No,0,0-12
6080-LNESI,Male,0,No,No,51,Yes,Yes,No,No internet service,No internet service,No internet service,No internet service,No internet service,No internet service,Two year,No,Mailed check,24.75,1234.6,No,0,49-60
1830-IPXVJ,Female,0,Yes,Yes,61,Yes,No,No,No internet service,No internet service,No internet service,No internet service,No internet service,No internet service,Two year,No,Credit card (automatic),19.75,1311.6,No,0,61-72
5828-DWPIL,Male,1,Yes,No,62,Yes,Yes,Fiber optic,Yes,Yes,Yes,No,No,No,Month-to-month,Yes,Electronic check,89.1,5618.3,No,0,61-72
8398-TBIYD,Female,0,No,No,72,Yes,Yes,Fiber optic,Yes,No,No,Yes,No,No,Two year,Yes,Bank transfer (automatic),84.7,6185.15,No,0,61-72
0011-IGKFF,Male,1,Yes,No,13,Yes,No,Fiber optic,No,Yes,Yes,No,Yes,Yes,Month-to-month,Yes,Electronic check,98.0,1237.85,Yes,1,13-24
4192-GORJT,Male,0,Yes,No,5,Yes,No,Fiber optic,No,No,Yes,No,Yes,Yes,Month-to-month,Yes,Electronic check,94.45,498.1,Yes,1,0-12
6496-SLWHQ,Male,1,No,No,3,Yes,Yes,Fiber optic,No,Yes,Yes,No,Yes,Yes,Month-to-month,Yes,Electronic check,105.0,294.45,Yes,1,0-12
9912-GVSEQ,Female,1,Yes,No,26,Yes,Yes,Fiber optic,No,Yes,Yes,No,No,Yes,Month-to-month,Yes,Electronic check,93.85,2381.55,Yes,1,25-36
2931-FSOHN,Male,1,No,No,13,Yes,No,DSL,No,Yes,No,No,Yes,No,Month-to-month,Yes,Electronic check,59.9,788.35,No,0,13-24
9418-RUKPH,Female,0,Yes,Yes,38,Yes,No,No,No internet service,No internet service,No internet service,No internet service,No internet service,No internet service,Two year,Yes,Mailed check,19.95,756.4,No,0,37-48
5383-MMTWC,Female,1,Yes,No,8,Yes,Yes,Fiber optic,No,No,No,No,No,Yes,Month-to-month,Yes,Electronic check,84.0,613.4,Yes,1,0-12
9971-ZWPBF,Male,1,Yes,Yes,34,Yes,Yes,Fiber optic,No,Yes,Yes,Yes,Yes,Yes,Month-to-month,Yes,Electronic check,108.9,3625.2,No,0,25-36
4712-AUQZO,Male,0,No,No,18,No,No phone service,DSL,Yes,No,Yes,No,No,No,Month-to-month,No,Mailed check,33.6,550.35,No,0,13-24
9711-FJTBX,Male,0,Yes,Yes,56,Yes,No,Fiber optic,No,Yes,Yes,Yes,No,No,One year,Yes,Mailed check,85.85,4793.8,No,0,49-60
2908-ZTPNF,Female,0,No,No,36,No,No phone service,DSL,No,Yes,No,Yes,No,No,Month-to-month,Yes,Bank transfer (automatic),34.85,1267.2,No,0,25-36
7240-ETPTR,Female,0,Yes,No,9,No,No phone service,DSL,No,No,Yes,No,Yes,Yes,Month-to-month,Yes,Electronic check,48.75,442.2,Yes,1,0-12
2202-CUYXZ,Male,0,No,No,1,Yes,No,Fiber optic,No,No,Yes,No,Yes,No,Month-to-month,Yes,Electronic check,84.85,84.85,Yes,1,0-12
5995-OIGLP,Male,0,No,No,12,Yes,No,DSL,Yes,No,No,Yes,No,No,Month-to-month,No,Mailed check,56.65,654.85,Yes,1,0-12
8421-WZOOW,Female,1,Yes,Yes,57,Yes,No,Fiber optic,No,Yes,Yes,Yes,Yes,No,Month-to-month,Yes,Credit card (automatic),95.3,5567.45,No,0,49-60
6261-RCVNS,Female,0,No,No,42,Yes,No,DSL,Yes,Yes,Yes,Yes,No,Yes,One year,No,Credit card (automatic),73.9,3160.55,Yes,1,37-48
7951-QKZPL,Female,0,Yes,Yes,33,Yes,Yes,No,No internet service,No internet service,No internet service,No internet service,No internet service,No internet service,Two year,Yes,Mailed check,24.5,740.3,Yes,1,25-36
1414-YADCW,Male,0,Yes,No,70,Yes,No,Fiber optic,Yes,Yes,No,Yes,No,No,Two year,No,Bank transfer (automatic),84.6,5706.2,No,0,61-72
8756-RDDLT,Female,0,No,No,68,No,No phone service,DSL,No,Yes,No,Yes,No,Yes,Month-to-month,No,Electronic check,44.95,3085.35,No,0,61-72
2862-PFNIK,Male,0,No,Yes,1,No,No phone service,DSL,No,No,No,No,No,No,Month-to-month,Yes,Electronic check,24.7,24.7,No,0,0-12
5816-QVHRX,Female,0,No,No,37,Yes,Yes,Fiber optic,No,No,No,Yes,Yes,Yes,Month-to-month,No,Credit card (automatic),100.3,3541.4,No,0,37-48
4430-YHXGG,Female,0,No,Yes,4,Yes,Yes,No,No internet service,No internet service,No internet service,No internet service,No internet service,No internet service,Month-to-month,Yes,Mailed check,25.45,84.2,No,0,0-12
6888-SBYAI,Male,0,No,No,1,Yes,No,DSL,Yes,No,No,No,No,No,Month-to-month,Yes,Mailed check,50.7,50.7,No,0,0-12
7395-XWZOY,Male,0,No,No,20,No,No phone service,DSL,Yes,Yes,Yes,Yes,Yes,No,Month-to-month,Yes,Credit card (automatic),55.0,1165.55,No,0,13-24
7169-YWAMK,Male,0,Yes,Yes,72,Yes,No,DSL,Yes,Yes,No,Yes,Yes,No,Two year,No,Bank transfer (automatic),68.4,4855.35,No,0,61-72
3640-PHQXK,Female,0,No,No,31,Yes,Yes,Fiber optic,No,No,Yes,No,No,Yes,Month-to-month,Yes,Electronic check,89.9,2806.9,Yes,1,25-36
6877-LGWXO,Male,1,Yes,No,18,Yes,No,Fiber optic,No,No,No,No,No,Yes,Month-to-month,No,Electronic check,78.55,1422.65,Yes,1,13-24
6859-RKMZJ,Male,0,Yes,No,11,Yes,No,DSL,No,No,No,No,Yes,No,Month-to-month,Yes,Bank transfer (automatic),55.05,608.15,No,0,0-12
2729-VNVAP,Female,0,Yes,Yes,33,Yes,No,No,No internet service,No internet service,No internet service,No internet service,No internet service,No internet service,Two year,No,Credit card (automatic),19.8,641.35,No,0,25-36
2957-JIRMN,Female,1,No,No,62,Yes,Yes,Fiber optic,No,No,No,No,Yes,No,One year,No,Electronic check,84.45,4959.15,No,0,61-72
2049-BAFNW,Female,0,No,No,1,No,No phone service,DSL,No,No,Yes,Yes,No,No,Month-to-month,No,Mailed check,35.9,35.9,No,0,0-12
3842-QTGDL,Male,0,Yes,No,16,Yes,No,Fiber optic,Yes,Yes,No,No,No,No,Month-to-month,No,Bank transfer (automatic),80.75,1321.3,No,0,13-24
7163-OCEQI,Male,0,Yes,Yes,22,Yes,Yes,DSL,No,No,Yes,Yes,Yes,Yes,One year,Yes,Mailed check,78.65,1663.75,No,0,13-24
9782-LGXMC,Female,0,Yes,Yes,49,Yes,No,DSL,Yes,No,Yes,Yes,No,No,Month-to-month,No,Bank transfer (automatic),61.75,3024.15,No,0,49-60
5975-BAICR,Male,0,Yes,Yes,36,Yes,No,DSL,Yes,No,Yes,No,No,Yes,One year,Yes,Credit card (automatic),63.7,2188.5,No,0,25-36
8019-ENHXU,Male,0,Yes,No,42,Yes,Yes,Fiber optic,No,Yes,Yes,Yes,No,Yes,Month-to-month,Yes,Electronic check,99.45,4138.05,Yes,1,37-48
5167-GBFRE,Male,1,No,No,4,No,No phone service,DSL,No,No,No,No,No,No,Month-to-month,Yes,Bank transfer (automatic),25.2,102.5,Yes,1,0-12
9033-EOXWV,Female,0,No,No,12,Yes,Yes,DSL,No,No,No,Yes,Yes,Yes,One year,No,Mailed check,74.05,872.65,Yes,1,0-12
4673-KKSLS,Female,0,No,No,31,Yes,No,Fiber optic,Yes,No,Yes,Yes,No,No,Month-to-month,No,Electronic check,87.6,2724.25,No,0,25-36
4853-OITSN,Male,0,Yes,No,5,Yes,Yes,Fiber optic,Yes,No,No,No,No,Yes,Month-to-month,Yes,Electronic check,89.15,413.25,No,0,0-12
9800-OUIGR,Male,0,Yes,Yes,66,Yes,No,No,No internet service,No internet service,No internet service,No internet service,No internet service,No internet service,Two year,No,Credit card (automatic),20.0,1374.2,No,0,61-72
1324-NLTJE,Female,1,No,No,15,Yes,Yes,DSL,No,No,No,Yes,No,No,Month-to-month,No,Credit card (automatic),55.0,757.1,Yes,1,13-24
2324-EFHVG,Male,0,No,No,64,Yes,Yes,Fiber optic,No,Yes,Yes,No,Yes,Yes,Two year,Yes,Bank transfer (automatic),104.4,6692.65,No,0,61-72
7094-MSZAO,Male,0,Yes,Yes,10,Yes,No,No,No internet service,No internet service,No internet service,No internet service,No internet service,No internet service,Month-to-month,Yes,Credit card (automatic),20.05,218.5,No,0,0-12
1522-VVDMG,Male,0,Yes,Yes,7,Yes,No,Fiber optic,No,Yes,No,Yes,Yes,No,Month-to-month,Yes,Electronic check,89.75,608.8,Yes,1,0-12
6907-CQGPN,Male,0,No,No,29,No,No phone service,DSL,No,Yes,No,Yes,No,No,Month-to-month,No,Electronic check,34.3,1004.75,No,0,25-36
0780-XNZFN,Male,0,No,No,57,Yes,No,No,No internet service,No internet service,No internet service,No internet service,No internet service,No internet service,Two year,No,Bank transfer (automatic),20.65,1125.6,No,0,49-60
0239-OXEXL,Female,0,No,No,46,Yes,Yes,Fiber optic,Yes,Yes,No,No,No,No,Month-to-month,No,Mailed check,84.25,3847.6,No,0,37-48
2675-IJRGJ,Male,0,No,No,53,Yes,No,No,No internet service,No internet service,No internet service,No internet service,No internet service,No internet service,Two year,No,Bank transfer (automatic),19.65,978.0,No,0,49-60
7049-GKVZY,Female,0,No,No,17,Yes,No,DSL,Yes,Yes,No,Yes,Yes,Yes,One year,No,Credit card (automatic),79.85,1387.35,No,0,13-24
8577-QSOCG,Female,0,Yes,Yes,38,Yes,No,No,No internet service,No internet service,No internet service,No internet service,No internet service,No internet service,Two year,Yes,Mailed check,20.2,746.05,No,0,37-48
3721-CNZHX,Male,0,No,No,15,Yes,No,No,No internet service,No internet service,No internet service,No internet service,No internet service,No internet service,One year,No,Mailed check,19.8,304.6,No,0,13-24
0212-ISBBF,Female,0,No,No,22,No,No phone service,DSL,No,Yes,No,No,Yes,Yes,Month-to-month,Yes,Electronic check,50.35,1098.85,No,0,13-24
9185-TQCVP,Male,0,Yes,No,14,Yes,Yes,Fiber optic,No,No,No,No,No,Yes,Month-to-month,Yes,Electronic check,85.15,1139.2,Yes,1,13-24
3585-YNADK,Female,0,Yes,No,57,Yes,Yes,DSL,No,Yes,Yes,Yes,Yes,No,One year,No,Bank transfer (automatic),74.6,4368.95,No,0,49-60
5271-DBYSJ,Male,1,No,No,11,Yes,No,Fiber optic,No,No,No,No,No,Yes,Month-to-month,Yes,Credit card (automatic),79.15,827.7,No,0,0-12
1099-GODLO,Female,0,Yes,Yes,1,Yes,No,No,No internet service,No internet service,No internet service,No internet service,No internet service,No internet service,Two year,No,Mailed check,20.35,20.35,No,0,0-12
6828-HMKWP,Male,0,Yes,Yes,12,Yes,No,No,No internet service,No internet service,No internet service,No internet service,No internet service,No internet service,Two year,No,Bank transfer (automatic),21.05,262.05,No,0,0-12
5567-WSELE,Male,1,Yes,No,3,Yes,Yes,Fiber optic,No,No,No,No,Yes,Yes,Month-to-month,Yes,Electronic check,94.6,279.55,Yes,1,0-12
1472-TNCWL,Male,0,No,Yes,36,Yes,No,Fiber optic,No,Yes,No,No,Yes,Yes,Month-to-month,Yes,Electronic check,94.7,3512.5,No,0,25-36
8063-RJYNF,Male,0,No,No,16,Yes,No,Fiber optic,Yes,No,No,No,Yes,Yes,Month-to-month,Yes,Electronic check,94.25,1483.25,Yes,1,13-24
0687-ZVTHB,Male,0,Yes,Yes,65,Yes,Yes,DSL,Yes,Yes,Yes,No,No,Yes,One year,No,Credit card (automatic),72.45,4653.85,Yes,1,61-72
2080-GKCWQ,Male,0,No,No,2,Yes,No,Fiber optic,No,Yes,No,No,No,No,Month-to-month,No,Electronic check,74.95,151.75,No,0,0-12
9661-ACXBS,Female,0,No,No,42,Yes,Yes,Fiber optic,Yes,No,Yes,No,Yes,Yes,Month-to-month,Yes,Electronic check,105.2,4400.75,Yes,1,37-48
2193-SFWQW,Male,0,Yes,Yes,72,Yes,No,Fiber optic,Yes,Yes,Yes,Yes,Yes,Yes,Two year,No,Bank transfer (automatic),111.95,8033.1,No,0,61-72
5656-JAMLX,Male,0,No,No,62,Yes,No,No,No internet service,No internet service,No internet service,No internet service,No internet service,No internet service,Two year,No,Bank transfer (automatic),19.85,1253.65,No,0,61-72
3462-BJQQA,Female,0,No,No,6,Yes,Yes,Fiber optic,No,Yes,No,No,Yes,No,Month-to-month,Yes,Electronic check,89.75,552.65,No,0,0-12
0442-TDYUO,Male,0,Yes,No,48,Yes,No,No,No internet service,No internet service,No internet service,No internet service,No internet service,No internet service,Two year,Yes,Mailed check,20.05,1036.0,No,0,37-48
6733-LRIZX,Male,0,No,No,35,Yes,Yes,Fiber optic,Yes,No,Yes,Yes,Yes,Yes,Two year,Yes,Electronic check,108.95,4025.5,No,0,25-36
9503-XJUME,Male,0,No,Yes,52,Yes,No,No,No internet service,No internet service,No internet service,No internet service,No internet service,No internet service,One year,No,Credit card (automatic),19.65,928.4,No,0,49-60
4367-NHWMM,Female,0,No,No,1,No,No phone service,DSL,No,No,No,No,No,No,Month-to-month,Yes,Mailed check,24.9,24.9,No,0,0-12
3727-RJMEO,Male,0,Yes,No,6,Yes,Yes,Fiber optic,No,No,No,No,Yes,No,Month-to-month,Yes,Electronic check,82.85,460.25,Yes,1,0-12
3779-OSWCF,Female,0,Yes,No,71,Yes,Yes,DSL,Yes,Yes,Yes,Yes,Yes,Yes,Two year,No,Credit card (automatic),93.2,6506.15,No,0,61-72
6736-DHUQI,Female,0,Yes,Yes,67,Yes,No,Fiber optic,Yes,Yes,Yes,No,No,No,One year,No,Bank transfer (automatic),84.8,5598.3,No,0,61-72
3915-ODIYG,Male,1,No,No,60,Yes,Yes,DSL,Yes,Yes,No,No,No,Yes,One year,Yes,Electronic check,71.75,4374.55,No,0,49-60
1360-RCYRT,Male,0,Yes,Yes,23,No,No phone service,DSL,No,No,No,Yes,No,No,Month-to-month,Yes,Bank transfer (automatic),30.35,678.75,No,0,13-24
2724-FJDYW,Male,0,No,Yes,39,No,No phone service,DSL,No,No,Yes,Yes,Yes,Yes,One year,No,Bank transfer (automatic),54.85,2191.7,No,0,37-48
4451-RWASJ,Male,0,Yes,Yes,15,Yes,No,No,No internet service,No internet service,No internet service,No internet service,No internet service,No internet service,One year,Yes,Mailed check,19.5,239.75,No,0,13-24
6646-VRFOL,Male,1,Yes,No,53,Yes,Yes,Fiber optic,No,Yes,Yes,No,Yes,Yes,Month-to-month,Yes,Electronic check,103.85,5485.5,Yes,1,49-60
3460-TJBWI,Male,0,Yes,Yes,24,Yes,Yes,No,No internet service,No internet service,No internet service,No internet service,No internet service,No internet service,Two year,No,Mailed check,24.2,609.05,No,0,13-24
5917-HBSDW,Female,0,Yes,Yes,37,Yes,No,No,No internet service,No internet service,No internet service,No internet service,No internet service,No internet service,Month-to-month,No,Electronic check,19.35,683.75,No,0,37-48
5685-IIXLY,Female,0,Yes,Yes,5,Yes,No,Fiber optic,No,Yes,No,No,No,Yes,Month-to-month,Yes,Electronic check,83.6,404.2,Yes,1,0-12
5671-UUNXD,Female,1,Yes,No,50,Yes,Yes,Fiber optic,No,No,No,Yes,Yes,Yes,One year,Yes,Electronic check,100.65,5189.75,No,0,49-60
0956-ACVZC,Female,0,No,No,54,Yes,No,Fiber optic,No,No,Yes,No,Yes,Yes,One year,Yes,Credit card (automatic),94.1,5060.9,No,0,49-60
2325-NBPZG,Female,0,No,No,3,Yes,No,Fiber optic,Yes,No,No,No,No,No,Month-to-month,Yes,Electronic check,74.55,233.65,No,0,0-12
4250-ZBWLV,Male,0,No,No,68,Yes,Yes,Fiber optic,No,Yes,Yes,Yes,Yes,Yes,One year,No,Electronic check,108.45,7176.55,Yes,1,61-72
4482-FTFFX,Male,0,No,No,5,Yes,No,DSL,No,No,Yes,Yes,No,No,Month-to-month,No,Electronic check,56.15,291.45,No,0,0-12
8859-DZTGQ,Male,0,No,No,33,Yes,No,No,No internet service,No internet service,No internet service,No internet service,No internet service,No internet service,Two year,No,Mailed check,20.35,689.75,No,0,25-36
0440-MOGPM,Female,0,No,No,41,Yes,Yes,DSL,No,Yes,Yes,No,Yes,Yes,One year,Yes,Electronic check,80.55,3263.9,No,0,37-48
0020-JDNXP,Female,0,Yes,Yes,34,No,No phone service,DSL,Yes,No,Yes,Yes,Yes,Yes,One year,No,Mailed check,61.25,1993.2,No,0,25-36
3752-CQSJI,Female,0,Yes,Yes,13,Yes,No,No,No internet service,No internet service,No internet service,No internet service,No internet service,No internet service,Month-to-month,Yes,Mailed check,20.45,254.5,No,0,13-24
5025-GOOKI,Female,0,No,No,20,Yes,No,No,No internet service,No internet service,No internet service,No internet service,No internet service,No internet service,Month-to-month,Yes,Credit card (automatic),18.9,347.65,No,0,13-24
4698-KVLLG,Female,1,No,No,51,Yes,No,No,No internet service,No internet service,No internet service,No internet service,No internet service,No internet service,Two year,No,Credit card (automatic),19.6,967.9,No,0,49-60
5095-AESKG,Female,0,Yes,No,3,Yes,Yes,Fiber optic,No,Yes,No,No,No,Yes,Month-to-month,Yes,Credit card (automatic),91.5,242.95,Yes,1,0-12
2887-JPYLU,Female,0,No,Yes,41,Yes,No,DSL,No,No,No,No,No,No,Month-to-month,No,Bank transfer (automatic),45.2,1841.9,No,0,37-48
4770-QAZXN,Female,0,No,No,13,Yes,No,No,No internet service,No internet service,No internet service,No internet service,No internet service,No internet service,Month-to-month,No,Credit card (automatic),19.45,232.1,No,0,13-24
4896-CPRPF,Male,0,Yes,Yes,35,Yes,Yes,No,No internet service,No internet service,No internet service,No internet service,No internet service,No internet service,Two year,No,Bank transfer (automatic),25.45,809.25,No,0,25-36
1871-MOWRM,Male,0,Yes,No,12,Yes,No,Fiber optic,Yes,No,No,Yes,No,No,Month-to-month,No,Bank transfer (automatic),80.85,866.45,Yes,1,0-12
9714-EDSUC,Male,0,No,No,4,Yes,No,Fiber optic,Yes,Yes,No,Yes,No,Yes,Month-to-month,Yes,Mailed check,94.9,360.55,No,0,0-12
2027-OAQQC,Female,0,No,No,43,No,No phone service,DSL,No,No,Yes,No,Yes,Yes,Month-to-month,Yes,Bank transfer (automatic),49.05,2076.2,Yes,1,37-48
0282-NVSJS,Female,1,Yes,Yes,12,No,No phone service,DSL,No,No,No,Yes,No,No,Month-to-month,Yes,Mailed check,29.3,355.9,No,0,0-12
9090-SGQXL,Male,1,Yes,No,68,Yes,Yes,Fiber optic,No,Yes,Yes,No,Yes,Yes,Month-to-month,Yes,Electronic check,105.3,7299.65,Yes,1,61-72
6595-YGXIT,Male,1,No,No,25,Yes,Yes,Fiber optic,No,Yes,No,No,Yes,No,Month-to-month,Yes,Electronic check,88.95,2291.2,Yes,1,25-36
7353-YOWFP,Female,0,No,No,7,Yes,No,No,No internet service,No internet service,No internet service,No internet service,No internet service,No internet service,One year,No,Mailed check,20.25,129.15,No,0,0-12
9835-ZIITK,Male,1,Yes,No,66,Yes,Yes,Fiber optic,No,Yes,Yes,Yes,Yes,Yes,One year,Yes,Electronic check,110.85,7491.75,Yes,1,61-72
8008-ESFLK,Female,0,Yes,No,53,Yes,No,Fiber optic,Yes,Yes,Yes,Yes,Yes,Yes,One year,No,Electronic check,110.5,5835.5,No,0,49-60
7537-CBQUZ,Male,1,No,No,63,Yes,Yes,Fiber optic,Yes,Yes,Yes,No,Yes,Yes,Month-to-month,Yes,Bank transfer (automatic),109.4,7031.45,No,0,61-72
1555-DJEQW,Female,0,Yes,Yes,70,Yes,Yes,Fiber optic,Yes,Yes,Yes,Yes,Yes,Yes,Two year,Yes,Bank transfer (automatic),114.2,7723.9,Yes,1,61-72
5649-TJHOV,Male,1,Yes,No,27,No,No phone service,DSL,No,No,No,No,No,Yes,Month-to-month,No,Bank transfer (automatic),36.5,1032.0,Yes,1,25-36
0519-XUZJU,Female,0,No,No,1,Yes,No,Fiber optic,No,No,No,No,No,No,Month-to-month,No,Mailed check,70.75,70.75,Yes,1,0-12
3363-EWLGO,Female,0,No,No,5,Yes,No,No,No internet service,No internet service,No internet service,No internet service,No internet service,No internet service,Month-to-month,No,Mailed check,19.95,109.6,No,0,0-12
4750-UKWJK,Female,1,Yes,No,37,Yes,No,No,No internet service,No internet service,No internet service,No internet service,No internet service,No internet service,One year,No,Mailed check,19.6,727.8,No,0,37-48
6338-AVWCY,Male,0,No,No,3,No,No phone service,DSL,No,No,Yes,No,Yes,No,Month-to-month,Yes,Mailed check,40.15,130.75,Yes,1,0-12
1689-YQBYY,Female,0,No,Yes,12,Yes,Yes,Fiber optic,No,No,No,No,No,No,Month-to-month,Yes,Electronic check,76.6,893.0,No,0,0-12
4487-ZYJZK,Female,0,Yes,Yes,38,Yes,No,No,No internet service,No internet service,No internet service,No internet service,No internet service,No internet service,One year,No,Credit card (automatic),19.6,763.1,No,0,37-48
2959-FENLU,Female,0,No,No,9,Yes,No,Fiber optic,No,No,Yes,No,No,Yes,Month-to-month,Yes,Credit card (automatic),85.3,781.4,No,0,0-12
0708-LGSMF,Male,0,Yes,No,13,Yes,Yes,DSL,Yes,No,No,No,No,Yes,Month-to-month,Yes,Electronic check,65.85,902.25,No,0,13-24
9253-QXKBE,Male,1,Yes,No,29,Yes,Yes,Fiber optic,No,No,No,No,Yes,Yes,Month-to-month,Yes,Electronic check,94.45,2653.65,Yes,1,25-36
7634-HLQJR,Female,0,Yes,Yes,47,Yes,No,No,No internet service,No internet service,No internet service,No internet service,No internet service,No internet service,Two year,No,Credit card (automatic),20.05,1016.7,No,0,37-48
0487-RPVUM,Male,0,Yes,No,61,Yes,Yes,Fiber optic,Yes,No,Yes,Yes,Yes,No,Month-to-month,No,Bank transfer (automatic),99.4,5943.65,No,0,61-72
4079-ULGFR,Male,0,No,No,16,Yes,No,No,No internet service,No internet service,No internet service,No internet service,No internet service,No internet service,Month-to-month,No,Mailed check,20.0,275.7,No,0,13-24
2516-XSJKX,Female,0,Yes,Yes,41,Yes,No,DSL,Yes,Yes,No,Yes,Yes,Yes,Two year,No,Electronic check,78.45,3126.45,No,0,37-48
0057-QBUQH,Female,0,No,Yes,43,Yes,Yes,No,No internet service,No internet service,No internet service,No internet service,No internet service,No internet service,Two year,Yes,Electronic check,25.1,1070.15,No,0,37-48
9445-SZLCH,Female,0,Yes,Yes,36,Yes,Yes,Fiber optic,No,Yes,Yes,No,Yes,No,Month-to-month,Yes,Bank transfer (automatic),97.35,3457.9,Yes,1,25-36
6599-SFQVE,Female,0,No,No,6,Yes,No,DSL,No,No,No,No,No,Yes,Month-to-month,Yes,Electronic check,55.0,340.4,No,0,0-12
8331-ZXFOE,Female,0,No,No,58,Yes,Yes,DSL,Yes,Yes,Yes,Yes,No,No,One year,Yes,Credit card (automatic),71.1,4299.2,No,0,49-60
4003-FUSHP,Male,0,No,No,19,Yes,No,DSL,No,No,No,Yes,Yes,No,Month-to-month,Yes,Credit card (automatic),61.55,1093.2,No,0,13-24
0356-ERHVT,Male,0,Yes,No,11,Yes,No,DSL,No,No,No,No,No,No,Month-to-month,Yes,Bank transfer (automatic),45.9,521.9,No,0,0-12
7325-ENZFI,Female,0,No,No,39,No,No phone service,DSL,Yes,Yes,No,Yes,No,No,One year,Yes,Bank transfer (automatic),40.3,1630.4,No,0,37-48
4884-ZTHVF,Female,1,No,No,8,Yes,No,Fiber optic,No,Yes,No,No,Yes,No,Month-to-month,Yes,Electronic check,87.1,713.6,No,0,0-12
3920-HIHMQ,Female,0,No,Yes,26,Yes,Yes,DSL,No,No,No,No,No,No,Month-to-month,Yes,Mailed check,49.5,1265.65,No,0,25-36
3055-OYMSE,Female,1,No,No,53,Yes,No,Fiber optic,No,Yes,No,No,No,No,Month-to-month,Yes,Credit card (automatic),73.8,4003.85,No,0,49-60
0613-WUXUM,Female,0,Yes,Yes,70,Yes,No,No,No internet service,No internet service,No internet service,No internet service,No internet service,No internet service,Two year,Yes,Mailed check,19.2,1401.4,No,0,61-72
7568-PODML,Male,0,No,No,1,No,No phone service,DSL,No,No,No,No,Yes,Yes,Month-to-month,Yes,Mailed check,45.3,45.3,Yes,1,0-12
4458-KVRBJ,Male,0,No,No,59,Yes,Yes,No,No internet service,No internet service,No internet service,No internet service,No internet service,No internet service,Two year,No,Mailed check,25.0,1510.5,No,0,49-60
5349-IECLD,Male,0,No,No,2,Yes,No,Fiber optic,No,No,Yes,No,Yes,Yes,Month-to-month,No,Electronic check,94.95,178.1,Yes,1,0-12
1397-XKKWR,Male,0,No,No,7,No,No phone service,DSL,Yes,No,Yes,No,No,No,One year,No,Mailed check,35.3,264.8,No,0,0-12
3945-GFWQL,Female,0,No,Yes,12,Yes,No,DSL,No,No,No,No,No,No,Month-to-month,Yes,Electronic check,44.55,480.6,Yes,1,0-12
8097-OMULG,Male,0,Yes,Yes,59,Yes,No,DSL,No,Yes,Yes,Yes,Yes,Yes,One year,No,Credit card (automatic),76.75,4541.9,No,0,49-60
6013-BHCAW,Male,0,Yes,Yes,61,Yes,Yes,DSL,No,No,Yes,Yes,Yes,Yes,Two year,Yes,Bank transfer (automatic),81.0,4976.15,No,0,61-72
0401-WDBXM,Male,0,Yes,Yes,72,Yes,Yes,Fiber optic,Yes,No,Yes,No,Yes,Yes,Two year,Yes,Bank transfer (automatic),105.55,7542.25,No,0,61-72
3387-PLKUI,Female,0,Yes,Yes,13,Yes,No,No,No internet service,No internet service,No internet service,No internet service,No internet service,No internet service,Month-to-month,No,Mailed check,18.8,251.25,No,0,13-24
6096-EGVTU,Female,0,Yes,Yes,64,Yes,Yes,No,No internet service,No internet service,No internet service,No internet service,No internet service,No internet service,One year,No,Mailed check,24.9,1595.5,No,0,61-72
3797-VTIDR,Male,0,Yes,No,1,No,No phone service,DSL,No,No,No,No,No,No,Month-to-month,Yes,Electronic check,23.45,23.45,Yes,1,0-12
5081-NWSUP,Female,0,No,No,10,Yes,No,DSL,No,Yes,No,Yes,No,Yes,One year,No,Mailed check,64.9,685.55,No,0,0-12
2580-ATZSQ,Female,0,Yes,Yes,65,Yes,No,DSL,Yes,Yes,Yes,No,No,No,One year,No,Bank transfer (automatic),61.35,3874.1,No,0,61-72
8085-MSNLK,Female,0,Yes,No,62,Yes,Yes,Fiber optic,Yes,Yes,Yes,Yes,Yes,Yes,Two year,No,Mailed check,113.95,6891.4,No,0,61-72
9691-HKOVS,Female,0,Yes,No,55,Yes,Yes,DSL,Yes,Yes,Yes,Yes,Yes,Yes,One year,Yes,Electronic check,90.15,4916.95,No,0,49-60
9881-VCZEP,Female,0,Yes,No,25,Yes,Yes,DSL,No,Yes,No,No,No,No,Month-to-month,No,Electronic check,54.1,1373.0,No,0,25-36
9526-BIHHD,Male,0,No,No,1,No,No phone service,DSL,Yes,No,No,No,No,No,Month-to-month,No,Mailed check,29.7,29.7,Yes,1,0-12
8757-TFHHJ,Male,0,No,No,1,Yes,No,DSL,Yes,No,No,No,No,No,Month-to-month,Yes,Credit card (automatic),49.8,49.8,No,0,0-12
4523-WXCEF,Female,0,Yes,No,59,Yes,Yes,Fiber optic,No,Yes,No,No,Yes,Yes,Month-to-month,No,Electronic check,101.1,6039.9,Yes,1,49-60
1468-DEFNC,Male,1,Yes,Yes,64,Yes,Yes,No,No internet service,No internet service,No internet service,No internet service,No internet service,No internet service,Two year,Yes,Bank transfer (automatic),24.4,1548.65,No,0,61-72
5119-KEPFY,Male,0,Yes,No,36,Yes,Yes,Fiber optic,No,No,No,No,Yes,Yes,Month-to-month,Yes,Bank transfer (automatic),95.0,3440.25,No,0,25-36
8364-TRMMK,Female,0,No,No,3,Yes,Yes,DSL,No,No,No,No,No,No,Month-to-month,Yes,Mailed check,50.65,151.3,Yes,1,0-12
0916-KNFAJ,Male,0,Yes,No,61,Yes,Yes,DSL,Yes,No,Yes,No,No,Yes,Two year,Yes,Mailed check,69.9,4226.7,No,0,61-72
8319-QBEHW,Male,0,No,Yes,26,No,No phone service,DSL,No,Yes,No,No,Yes,No,One year,Yes,Bank transfer (automatic),39.95,1023.75,No,0,25-36
3063-QFSZL,Female,0,No,No,1,Yes,No,DSL,No,No,No,No,No,Yes,Month-to-month,Yes,Electronic check,55.4,55.4,Yes,1,0-12
8775-LHDJH,Female,1,Yes,No,1,Yes,Yes,Fiber optic,No,Yes,No,No,Yes,No,Month-to-month,Yes,Electronic check,90.6,90.6,Yes,1,0-12
9625-QNLUX,Male,0,Yes,Yes,68,Yes,No,Fiber optic,Yes,Yes,Yes,No,Yes,Yes,Two year,Yes,Credit card (automatic),103.25,7074.4,No,0,61-72
3097-NQYSN,Male,1,Yes,No,2,Yes,Yes,Fiber optic,No,No,No,No,Yes,No,Month-to-month,Yes,Mailed check,86.85,156.35,Yes,1,0-12
4024-CSNBY,Female,0,Yes,No,72,Yes,Yes,Fiber optic,Yes,Yes,Yes,Yes,No,No,Two year,Yes,Bank transfer (automatic),94.25,6849.75,No,0,61-72
7110-BDTWG,Female,0,Yes,No,71,No,No phone service,DSL,No,No,Yes,Yes,No,Yes,Two year,Yes,Electronic check,47.05,3263.6,No,0,61-72
7493-GVFIO,Male,0,No,No,57,Yes,No,No,No internet service,No internet service,No internet service,No internet service,No internet service,No internet service,Two year,No,Credit card (automatic),20.55,1252.85,No,0,49-60
0690-SRQID,Male,0,No,No,4,Yes,No,No,No internet service,No internet service,No internet service,No internet service,No internet service,No internet service,Month-to-month,Yes,Mailed check,19.65,67.55,No,0,0-12
9605-WGJVW,Female,1,No,No,1,Yes,No,Fiber optic,No,No,No,No,No,No,Month-to-month,Yes,Electronic check,70.2,70.2,No,0,0-12
9114-DPSIA,Male,0,Yes,Yes,72,Yes,Yes,DSL,Yes,Yes,Yes,Yes,No,Yes,Two year,No,Credit card (automatic),81.0,5750.0,No,0,61-72
4700-UBQMV,Male,0,Yes,Yes,21,Yes,Yes,DSL,Yes,No,No,No,Yes,Yes,One year,Yes,Bank transfer (automatic),75.9,1549.75,No,0,13-24
7711-GQBZC,Female,0,Yes,Yes,71,Yes,Yes,No,No internet service,No internet service,No internet service,No internet service,No internet service,No internet service,Two year,No,Bank transfer (automatic),24.7,1810.55,No,0,61-72
3565-UNOCC,Female,1,Yes,No,29,Yes,Yes,Fiber optic,No,No,Yes,No,Yes,Yes,Month-to-month,Yes,Bank transfer (automatic),99.05,2952.85,Yes,1,25-36
4627-MIHJH,Female,1,No,No,69,Yes,Yes,Fiber optic,Yes,No,Yes,Yes,Yes,Yes,Two year,No,Credit card (automatic),110.25,7467.55,No,0,61-72
9795-NREXC,Female,0,Yes,No,64,Yes,Yes,DSL,Yes,No,Yes,Yes,Yes,Yes,Two year,Yes,Credit card (automatic),85.0,5484.4,No,0,61-72
8573-CGOCC,Male,0,No,No,16,Yes,No,No,No internet service,No internet service,No internet service,No internet service,No internet service,No internet service,Month-to-month,No,Credit card (automatic),19.75,294.9,No,0,13-24
7356-AYNJP,Female,0,No,No,4,Yes,Yes,No,No internet service,No internet service,No internet service,No internet service,No internet service,No internet service,One year,No,Electronic check,23.9,97.5,No,0,0-12
9249-FXSCK,Female,0,No,No,52,Yes,Yes,Fiber optic,Yes,Yes,No,Yes,Yes,Yes,One year,Yes,Credit card (automatic),111.25,5916.45,Yes,1,49-60
5493-SDRDQ,Male,0,No,No,2,Yes,No,DSL,Yes,No,Yes,No,No,No,Month-to-month,Yes,Mailed check,55.1,113.35,Yes,1,0-12
6286-SUUWT,Male,0,No,No,1,Yes,No,No,No internet service,No internet service,No internet service,No internet service,No internet service,No internet service,Month-to-month,No,Mailed check,19.95,19.95,No,0,0-12
4819-HJPIW,Male,0,No,No,18,No,No phone service,DSL,No,No,No,No,No,No,Month-to-month,No,Mailed check,25.15,476.8,No,0,13-24
8654-DHAOW,Female,0,No,No,2,Yes,Yes,DSL,No,Yes,No,No,No,No,Month-to-month,No,Mailed check,54.15,101.65,No,0,0-12
5438-QMDDL,Female,0,Yes,No,19,Yes,No,DSL,No,Yes,No,No,No,Yes,Month-to-month,Yes,Mailed check,59.8,1130.85,No,0,13-24
9812-GHVRI,Female,0,No,No,40,Yes,Yes,Fiber optic,No,No,No,No,No,Yes,Month-to-month,No,Bank transfer (automatic),83.85,3532.25,No,0,37-48
5553-AOINX,Female,1,Yes,Yes,66,Yes,Yes,Fiber optic,No,Yes,Yes,No,Yes,Yes,One year,Yes,Electronic check,104.9,6891.45,No,0,61-72
1228-ZLNBX,Male,0,No,No,21,Yes,Yes,Fiber optic,No,No,No,No,No,No,Month-to-month,No,Mailed check,75.3,1570.7,No,0,13-24
4226-KKDON,Male,0,No,No,8,Yes,No,DSL,No,Yes,No,Yes,Yes,No,Month-to-month,Yes,Electronic check,66.65,520.95,No,0,0-12
3831-YCPUO,Female,0,Yes,Yes,72,Yes,No,Fiber optic,Yes,Yes,Yes,Yes,Yes,Yes,Two year,Yes,Credit card (automatic),109.5,7854.9,No,0,61-72
7445-WMRBW,Female,0,No,No,48,Yes,Yes,DSL,No,Yes,Yes,Yes,Yes,No,One year,Yes,Bank transfer (automatic),73.85,3581.4,No,0,37-48
3308-DGHKL,Male,0,No,No,69,Yes,No,No,No internet service,No internet service,No internet service,No internet service,No internet service,No internet service,Two year,Yes,Bank transfer (automatic),19.3,1447.9,No,0,61-72
9924-JPRMC,Male,0,No,No,72,Yes,Yes,Fiber optic,Yes,Yes,Yes,Yes,Yes,Yes,Two year,Yes,Electronic check,118.2,8547.15,No,0,61-72
0080-EMYVY,Female,0,No,No,14,Yes,No,DSL,No,Yes,No,No,No,No,One year,No,Credit card (automatic),51.45,727.85,No,0,13-24
6218-KNUBD,Male,0,No,No,6,Yes,No,DSL,No,Yes,No,No,Yes,No,Month-to-month,No,Electronic check,59.45,357.6,No,0,0-12
7337-CINUD,Female,0,Yes,Yes,8,Yes,No,No,No internet service,No internet service,No internet service,No internet service,No internet service,No internet service,Two year,No,Bank transfer (automatic),19.5,159.35,No,0,0-12
7609-NRNCA,Female,0,No,No,17,Yes,No,No,No internet service,No internet service,No internet service,No internet service,No internet service,No internet service,One year,No,Mailed check,19.55,280.85,No,0,13-24
0623-EJQEG,Male,0,No,No,65,Yes,Yes,Fiber optic,Yes,No,No,Yes,No,Yes,One year,No,Electronic check,93.55,6069.25,No,0,61-72
7153-CHRBV,Female,0,Yes,Yes,57,Yes,No,DSL,Yes,No,Yes,Yes,No,No,One year,Yes,Mailed check,59.3,3274.35,No,0,49-60
0871-URUWO,Male,0,Yes,No,13,Yes,Yes,Fiber optic,No,No,Yes,No,Yes,Yes,Month-to-month,Yes,Credit card (automatic),102.25,1359.0,Yes,1,13-24
9190-MFJLN,Male,1,No,No,19,Yes,No,Fiber optic,No,No,Yes,No,Yes,Yes,Month-to-month,Yes,Credit card (automatic),95.9,1777.9,Yes,1,13-24
6198-PNNSZ,Female,0,Yes,No,56,Yes,Yes,Fiber optic,Yes,Yes,Yes,No,Yes,Yes,One year,No,Bank transfer (automatic),109.8,6109.65,No,0,49-60
3317-VLGQT,Female,0,Yes,No,14,Yes,No,Fiber optic,No,No,No,No,No,Yes,Month-to-month,Yes,Electronic check,78.1,1122.4,No,0,13-24
4132-POCZS,Male,0,Yes,No,52,No,No phone service,DSL,Yes,No,No,No,No,Yes,Month-to-month,Yes,Electronic check,39.9,2020.9,No,0,49-60
5614-DNZCE,Female,0,No,No,58,Yes,No,DSL,Yes,Yes,Yes,Yes,No,No,Two year,Yes,Credit card (automatic),64.9,3795.45,No,0,49-60
1095-JUDTC,Female,1,No,No,47,Yes,Yes,Fiber optic,No,Yes,No,Yes,Yes,No,Month-to-month,Yes,Electronic check,95.05,4504.55,Yes,1,37-48
3896-RCYYE,Female,0,No,No,67,No,No phone service,DSL,No,No,Yes,Yes,Yes,Yes,Month-to-month,Yes,Credit card (automatic),53.4,3579.15,No,0,61-72
9638-JIQYA,Male,0,No,No,2,No,No phone service,DSL,No,No,No,No,No,No,Month-to-month,Yes,Credit card (automatic),24.9,49.7,No,0,0-12
3258-SANFR,Male,1,No,No,6,Yes,No,DSL,No,No,No,No,No,No,Month-to-month,No,Credit card (automatic),44.7,276.5,No,0,0-12
3726-TBHQT,Male,0,Yes,Yes,71,Yes,Yes,Fiber optic,Yes,Yes,Yes,Yes,Yes,Yes,Two year,Yes,Bank transfer (automatic),114.0,8175.9,No,0,61-72
3190-ITQXP,Female,0,Yes,Yes,46,Yes,No,No,No internet service,No internet service,No internet service,No internet service,No internet service,No internet service,Two year,No,Bank transfer (automatic),20.25,890.35,No,0,37-48
0870-VEMYL,Female,0,No,No,5,Yes,No,DSL,Yes,No,No,Yes,No,No,Month-to-month,No,Credit card (automatic),53.85,259.8,Yes,1,0-12
4833-QTJNO,Male,1,Yes,No,67,Yes,Yes,Fiber optic,Yes,Yes,No,No,No,No,Month-to-month,No,Bank transfer (automatic),83.85,5588.8,No,0,61-72
3039-MJSLN,Male,0,No,Yes,3,Yes,No,No,No internet service,No internet service,No internet service,No internet service,No internet service,No internet service,Month-to-month,No,Bank transfer (automatic),20.2,50.6,No,0,0-12
0178-CIIKR,Female,0,No,No,3,Yes,No,No,No internet service,No internet service,No internet service,No internet service,No internet service,No internet service,Month-to-month,No,Mailed check,19.95,58.0,No,0,0-12
5385-SUIRI,Male,1,Yes,No,52,Yes,Yes,Fiber optic,Yes,No,Yes,No,Yes,Yes,Month-to-month,Yes,Electronic check,104.2,5568.35,Yes,1,49-60
3982-XWFZQ,Female,0,Yes,No,42,Yes,Yes,DSL,No,No,No,No,No,No,Month-to-month,Yes,Electronic check,50.25,2203.65,Yes,1,37-48
5774-QPLTF,Male,0,Yes,Yes,50,Yes,No,No,No internet service,No internet service,No internet service,No internet service,No internet service,No internet service,One year,Yes,Mailed check,20.35,938.95,No,0,49-60
2322-VCZHZ,Male,1,Yes,No,23,Yes,No,Fiber optic,Yes,Yes,No,No,No,Yes,Month-to-month,Yes,Electronic check,90.0,2024.1,No,0,13-24
5010-IPEAQ,Female,0,Yes,Yes,67,No,No phone service,DSL,Yes,Yes,Yes,Yes,Yes,No,Two year,No,Credit card (automatic),54.2,3623.95,No,0,61-72
4009-ALQFH,Female,0,No,No,25,Yes,No,Fiber optic,No,Yes,Yes,No,Yes,Yes,Month-to-month,Yes,Electronic check,99.5,2369.05,Yes,1,25-36
6383-ZTSIW,Female,1,Yes,No,39,Yes,No,Fiber optic,Yes,Yes,No,No,Yes,Yes,One year,No,Mailed check,99.1,3877.95,No,0,37-48
8990-YOZLV,Female,0,No,No,69,Yes,Yes,DSL,Yes,Yes,No,Yes,No,No,Two year,Yes,Mailed check,66.9,4577.9,No,0,61-72
3069-SSVSN,Female,0,No,No,1,No,No phone service,DSL,No,No,No,No,No,No,One year,No,Mailed check,25.85,25.85,No,0,0-12
5222-IMUKT,Male,0,No,No,32,Yes,No,Fiber optic,No,No,No,No,Yes,Yes,Month-to-month,No,Electronic check,91.05,2871.5,No,0,25-36
3627-FCRDW,Female,0,No,No,9,Yes,No,Fiber optic,No,No,No,No,No,No,Month-to-month,No,Electronic check,71.0,672.55,Yes,1,0-12
7562-GSUHK,Female,0,No,No,16,Yes,No,Fiber optic,No,Yes,Yes,No,No,Yes,Month-to-month,Yes,Credit card (automatic),93.2,1573.7,Yes,1,13-24
6685-XSHHU,Male,0,Yes,Yes,60,Yes,No,No,No internet service,No internet service,No internet service,No internet service,No internet service,No internet service,Two year,Yes,Bank transfer (automatic),20.95,1270.55,No,0,49-60
8901-UPRHR,Female,0,Yes,Yes,72,Yes,Yes,Fiber optic,No,Yes,Yes,Yes,Yes,Yes,Two year,Yes,Bank transfer (automatic),109.2,7711.45,No,0,61-72
4903-UYAVB,Male,0,Yes,No,5,Yes,No,No,No internet service,No internet service,No internet service,No internet service,No internet service,No internet service,Month-to-month,No,Mailed check,19.35,126.05,Yes,1,0-12
0118-JPNOY,Female,1,No,No,26,Yes,No,Fiber optic,Yes,No,No,No,Yes,No,Month-to-month,Yes,Credit card (automatic),85.8,2193.65,No,0,25-36
6776-TLWOI,Male,0,No,No,3,Yes,No,No,No internet service,No internet service,No internet service,No internet service,No internet service,No internet service,Month-to-month,No,Mailed check,19.85,64.55,Yes,1,0-12
3845-FXCYS,Male,0,No,No,2,Yes,No,No,No internet service,No internet service,No internet service,No internet service,No internet service,No internet service,Month-to-month,Yes,Electronic check,19.65,31.2,No,0,0-12
5857-XRECV,Female,0,No,Yes,2,Yes,No,No,No internet service,No internet service,No internet service,No internet service,No internet service,No internet service,One year,No,Bank transfer (automatic),20.5,38.25,No,0,0-12
0725-CXOTM,Female,0,No,No,36,Yes,Yes,DSL,Yes,No,Yes,Yes,Yes,Yes,One year,Yes,Credit card (automatic),89.65,3348.1,No,0,25-36
4343-EJVQB,Male,0,No,No,7,Yes,No,Fiber optic,Yes,No,No,No,No,No,Month-to-month,No,Mailed check,74.35,533.6,No,0,0-12
9000-PLFUZ,Female,1,Yes,No,60,No,No phone service,DSL,No,Yes,No,No,Yes,Yes,Two year,Yes,Credit card (automatic),49.45,2907.55,No,0,49-60
3427-GGZZI,Female,0,Yes,No,19,Yes,Yes,Fiber optic,No,Yes,No,No,No,Yes,Month-to-month,Yes,Electronic check,89.1,1620.8,No,0,13-24
7779-ORAEL,Male,1,Yes,No,45,Yes,Yes,DSL,Yes,No,Yes,Yes,No,Yes,Two year,No,Credit card (automatic),75.15,3480.35,No,0,37-48
0644-OQMDK,Male,1,No,No,4,Yes,No,Fiber optic,No,No,No,No,No,No,Month-to-month,Yes,Electronic check,70.65,293.85,No,0,0-12
4077-CROMM,Female,0,Yes,Yes,31,Yes,Yes,Fiber optic,No,No,Yes,Yes,Yes,Yes,Month-to-month,Yes,Electronic check,104.2,3243.45,Yes,1,25-36
3154-CFSZG,Male,0,Yes,Yes,47,Yes,No,Fiber optic,Yes,No,Yes,No,No,Yes,Month-to-month,No,Electronic check,90.05,4137.2,No,0,37-48
2868-MZAGQ,Male,0,No,No,1,Yes,No,Fiber optic,No,No,No,No,No,Yes,Month-to-month,Yes,Electronic check,79.25,79.25,Yes,1,0-12
4847-QNOKA,Female,0,No,No,1,Yes,No,DSL,No,No,No,No,No,No,Month-to-month,Yes,Bank transfer (automatic),44.9,44.9,Yes,1,0-12
2220-IAHLS,Female,0,No,No,1,Yes,No,No,No internet service,No internet service,No internet service,No internet service,No internet service,No internet service,Month-to-month,No,Credit card (automatic),19.4,19.4,No,0,0-12
1658-XUHBX,Female,1,Yes,Yes,59,Yes,Yes,Fiber optic,No,No,Yes,No,No,Yes,Month-to-month,Yes,Credit card (automatic),88.75,5348.65,No,0,49-60
6379-RXJRQ,Male,0,Yes,No,10,Yes,No,Fiber optic,No,No,No,No,No,No,Month-to-month,Yes,Electronic check,70.1,659.65,Yes,1,0-12
2378-HTWFW,Male,1,No,No,35,Yes,Yes,Fiber optic,Yes,No,No,No,No,Yes,Month-to-month,No,Credit card (automatic),91.0,3180.5,No,0,25-36
8650-RHRKE,Male,0,No,No,4,No,No phone service,DSL,No,No,Yes,No,No,No,Month-to-month,Yes,Electronic check,29.65,118.5,Yes,1,0-12
4377-VDHYI,Male,0,Yes,Yes,32,Yes,No,Fiber optic,Yes,Yes,No,No,No,Yes,One year,Yes,Electronic check,90.8,3023.85,No,0,25-36
0475-RIJEP,Male,0,No,No,43,Yes,Yes,Fiber optic,No,Yes,No,No,No,No,Month-to-month,Yes,Electronic check,77.85,3365.85,Yes,1,37-48
1260-TTRXI,Male,0,No,No,4,Yes,No,DSL,No,No,No,No,No,Yes,Month-to-month,No,Electronic check,54.3,195.3,Yes,1,0-12
3719-TDVQB,Female,1,Yes,No,54,Yes,No,No,No internet service,No internet service,No internet service,No internet service,No internet service,No internet service,Two year,Yes,Mailed check,18.95,1031.1,No,0,49-60
6328-ZPBGN,Female,1,No,No,11,Yes,Yes,Fiber optic,No,No,No,No,Yes,Yes,Month-to-month,Yes,Bank transfer (automatic),95.15,997.65,Yes,1,0-12
0201-MIBOL,Female,1,No,No,66,Yes,Yes,Fiber optic,Yes,No,No,No,Yes,Yes,Two year,Yes,Bank transfer (automatic),102.4,6471.85,No,0,61-72
4937-QPZPO,Male,0,Yes,Yes,61,Yes,Yes,Fiber optic,No,No,Yes,No,Yes,Yes,One year,Yes,Electronic check,99.9,6241.35,No,0,61-72
2925-VDZHY,Male,0,Yes,Yes,72,Yes,Yes,DSL,Yes,Yes,Yes,Yes,Yes,Yes,Two year,No,Credit card (automatic),88.7,6501.35,No,0,61-72
6981-TDRFT,Male,0,Yes,Yes,44,No,No phone service,DSL,No,No,Yes,Yes,Yes,Yes,One year,Yes,Electronic check,54.3,2317.1,No,0,37-48
3413-CSSTH,Male,0,No,No,41,Yes,Yes,DSL,No,No,Yes,No,No,No,Month-to-month,Yes,Bank transfer (automatic),55.7,2237.55,No,0,37-48
8033-VCZGH,Male,0,Yes,No,50,Yes,Yes,Fiber optic,Yes,No,Yes,No,Yes,Yes,One year,Yes,Electronic check,103.95,5231.3,No,0,49-60
4789-KWMXN,Male,0,Yes,No,47,Yes,Yes,Fiber optic,Yes,No,Yes,Yes,Yes,Yes,One year,Yes,Credit card (automatic),110.85,5275.8,Yes,1,37-48
0224-NIJLP,Male,0,Yes,Yes,8,Yes,No,No,No internet service,No internet service,No internet service,No internet service,No internet service,No internet service,Two year,No,Mailed check,20.15,165.5,No,0,0-12
7542-CYDDM,Male,0,No,No,18,Yes,No,No,No internet service,No internet service,No internet service,No internet service,No internet service,No internet service,Month-to-month,No,Mailed check,20.05,358.5,No,0,13-24
4718-WXBGI,Male,0,Yes,Yes,72,Yes,Yes,DSL,Yes,Yes,Yes,Yes,Yes,Yes,Two year,Yes,Credit card (automatic),91.95,6614.9,No,0,61-72
2867-UIMSS,Male,0,No,No,1,Yes,No,Fiber optic,No,No,No,No,No,Yes,Month-to-month,No,Electronic check,80.5,80.5,Yes,1,0-12
8495-PRWFH,Female,1,No,No,42,Yes,Yes,DSL,No,No,Yes,No,No,No,Month-to-month,No,Electronic check,55.65,2421.75,No,0,37-48
0439-IFYUN,Female,1,No,No,18,Yes,No,Fiber optic,No,Yes,No,No,No,No,Month-to-month,Yes,Electronic check,74.7,1294.6,No,0,13-24
5716-LIBJC,Female,0,No,Yes,13,Yes,Yes,Fiber optic,No,Yes,Yes,No,Yes,Yes,One year,Yes,Credit card (automatic),104.15,1299.1,No,0,13-24
2868-LLSKM,Female,0,Yes,Yes,68,Yes,Yes,Fiber optic,No,Yes,No,Yes,No,No,One year,Yes,Bank transfer (automatic),83.65,5733.4,No,0,61-72
8111-RKSPX,Male,0,No,No,4,Yes,Yes,Fiber optic,No,No,No,No,No,No,Month-to-month,Yes,Bank transfer (automatic),72.2,305.55,Yes,1,0-12
2988-QRAJY,Male,0,No,No,69,Yes,Yes,Fiber optic,Yes,Yes,Yes,No,Yes,Yes,Two year,Yes,Credit card (automatic),110.05,7430.75,No,0,61-72
1585-MQSSU,Male,0,No,No,17,Yes,No,DSL,No,No,No,Yes,No,No,Month-to-month,No,Mailed check,51.5,900.5,Yes,1,13-24
0071-NDAFP,Male,0,Yes,Yes,25,Yes,Yes,No,No internet service,No internet service,No internet service,No internet service,No internet service,No internet service,Two year,No,Credit card (automatic),25.5,630.6,No,0,25-36
2856-NNASM,Male,1,No,No,43,Yes,No,Fiber optic,No,No,No,No,Yes,Yes,Month-to-month,Yes,Mailed check,89.55,3856.75,Yes,1,37-48
7328-ZJAJO,Female,0,Yes,Yes,59,Yes,No,No,No internet service,No internet service,No internet service,No internet service,No internet service,No internet service,Two year,No,Credit card (automatic),19.5,1222.65,No,0,49-60
6458-CYIDZ,Female,1,No,No,5,Yes,No,Fiber optic,Yes,Yes,No,No,No,No,Month-to-month,No,Electronic check,80.7,374.8,No,0,0-12
8559-CIZFV,Male,0,Yes,Yes,21,Yes,Yes,DSL,Yes,Yes,No,Yes,Yes,No,One year,No,Mailed check,77.5,1625.0,Yes,1,13-24
1090-PYKCI,Female,0,Yes,Yes,69,Yes,Yes,Fiber optic,Yes,Yes,Yes,Yes,Yes,No,One year,Yes,Credit card (automatic),105.1,7234.8,No,0,61-72
3058-WQDRE,Male,0,No,No,13,No,No phone service,DSL,No,No,No,No,No,No,Month-to-month,Yes,Bank transfer (automatic),25.15,331.85,No,0,13-24
7547-EKNFS,Male,0,Yes,No,42,Yes,Yes,Fiber optic,No,Yes,Yes,No,Yes,No,Month-to-month,Yes,Bank transfer (automatic),95.25,3959.35,Yes,1,37-48
2279-AXJJK,Male,0,Yes,No,52,Yes,Yes,Fiber optic,No,Yes,No,Yes,No,Yes,Month-to-month,Yes,Credit card (automatic),95.65,5088.4,No,0,49-60
6769-DYBQN,Male,1,No,No,46,Yes,No,Fiber optic,Yes,No,No,No,No,Yes,Month-to-month,No,Electronic check,85.0,3969.4,Yes,1,37-48
0909-SELIE,Male,0,Yes,No,61,Yes,Yes,DSL,Yes,Yes,Yes,Yes,No,Yes,Two year,Yes,Bank transfer (automatic),80.8,4860.85,No,0,61-72
3417-TSCIC,Male,0,No,No,29,No,No phone service,DSL,No,No,No,No,No,No,One year,Yes,Mailed check,24.85,788.05,No,0,25-36
1042-HFUCW,Female,0,No,Yes,25,Yes,No,DSL,No,Yes,No,Yes,No,No,One year,Yes,Credit card (automatic),54.75,1266.35,No,0,25-36
4439-JMPMT,Female,0,Yes,Yes,5,Yes,No,Fiber optic,No,No,No,Yes,Yes,No,Month-to-month,Yes,Electronic check,85.75,470.95,Yes,1,0-12
6537-OTKMY,Male,0,No,No,15,No,No phone service,DSL,No,No,Yes,No,Yes,Yes,One year,No,Electronic check,50.75,688.2,No,0,13-24
8999-EXMNO,Female,0,Yes,Yes,19,Yes,No,No,No internet service,No internet service,No internet service,No internet service,No internet service,No internet service,Two year,No,Mailed check,20.15,387.7,No,0,13-24
6725-TPKJO,Male,0,No,No,44,Yes,No,No,No internet service,No internet service,No internet service,No internet service,No internet service,No internet service,Two year,No,Mailed check,20.05,845.25,No,0,37-48
2446-BEGGB,Female,1,No,No,6,Yes,Yes,Fiber optic,No,Yes,No,No,Yes,Yes,Month-to-month,Yes,Electronic check,98.25,560.6,Yes,1,0-12
7162-WPHPM,Male,0,Yes,Yes,58,Yes,Yes,DSL,Yes,Yes,Yes,Yes,No,No,Two year,No,Credit card (automatic),71.6,4230.25,No,0,49-60
1599-MMYRQ,Male,0,Yes,Yes,62,Yes,No,Fiber optic,Yes,Yes,No,No,No,No,One year,Yes,Credit card (automatic),81.45,4983.05,No,0,61-72
8821-KVZKQ,Female,0,Yes,Yes,70,No,No phone service,DSL,No,Yes,Yes,Yes,Yes,Yes,One year,Yes,Bank transfer (automatic),58.4,4113.15,No,0,61-72
1496-GGSUK,Female,1,No,No,1,No,No phone service,DSL,No,No,No,No,No,No,Month-to-month,Yes,Mailed check,25.7,25.7,Yes,1,0-12
6434-TTGJP,Male,0,Yes,Yes,10,No,No phone service,DSL,Yes,Yes,Yes,Yes,No,Yes,Two year,No,Credit card (automatic),53.7,521.0,No,0,0-12
0042-JVWOJ,Male,0,No,No,26,Yes,No,No,No internet service,No internet service,No internet service,No internet service,No internet service,No internet service,One year,Yes,Bank transfer (automatic),19.6,471.85,No,0,25-36
0130-SXOUN,Male,0,No,No,66,Yes,Yes,Fiber optic,No,Yes,No,No,No,Yes,Month-to-month,No,Credit card (automatic),89.4,5976.9,No,0,61-72
2575-GFSOE,Female,0,Yes,Yes,7,Yes,No,Fiber optic,No,No,No,No,No,No,Month-to-month,Yes,Electronic check,69.0,506.9,Yes,1,0-12
2330-PQGDQ,Male,0,Yes,Yes,51,Yes,Yes,Fiber optic,No,Yes,No,Yes,No,No,One year,No,Bank transfer (automatic),84.2,4299.75,No,0,49-60
1452-UZOSF,Male,0,Yes,Yes,72,Yes,Yes,Fiber optic,Yes,Yes,Yes,Yes,Yes,No,Two year,Yes,Credit card (automatic),106.1,7548.6,No,0,61-72
2097-YVPKN,Male,0,No,No,65,Yes,Yes,No,No internet service,No internet service,No internet service,No internet service,No internet service,No internet service,Two year,No,Mailed check,25.75,1654.75,No,0,61-72
2842-JTCCU,Male,0,No,No,2,Yes,No,DSL,No,No,No,No,No,No,Month-to-month,No,Bank transfer (automatic),46.05,80.35,Yes,1,0-12
8597-CTXVJ,Male,0,No,Yes,70,Yes,Yes,DSL,Yes,Yes,No,Yes,No,No,One year,No,Bank transfer (automatic),64.95,4551.5,No,0,61-72
6631-HMANX,Male,0,Yes,No,72,Yes,Yes,DSL,No,Yes,Yes,Yes,Yes,Yes,Two year,Yes,Credit card (automatic),85.45,6227.5,No,0,61-72
9962-BFPDU,Female,0,Yes,Yes,1,Yes,No,No,No internet service,No internet service,No internet service,No internet service,No internet service,No internet service,Month-to-month,No,Mailed check,20.05,20.05,No,0,0-12
3296-SILRA,Female,1,Yes,No,1,Yes,No,Fiber optic,No,Yes,No,No,No,No,Month-to-month,Yes,Mailed check,76.4,76.4,Yes,1,0-12
9681-OXGVC,Female,0,No,No,5,Yes,Yes,Fiber optic,No,No,Yes,No,Yes,Yes,Month-to-month,Yes,Electronic check,100.5,514.0,Yes,1,0-12
6394-HHHZM,Male,0,No,No,3,Yes,No,No,No internet service,No internet service,No internet service,No internet service,No internet service,No internet service,Month-to-month,No,Mailed check,20.7,57.5,No,0,0-12
5995-LFTLE,Male,0,No,No,58,Yes,Yes,No,No internet service,No internet service,No internet service,No internet service,No internet service,No internet service,Two year,Yes,Credit card (automatic),25.3,1474.35,No,0,49-60
5180-UCIIQ,Male,1,Yes,Yes,22,No,No phone service,DSL,Yes,No,No,No,No,Yes,Month-to-month,No,Mailed check,40.05,880.2,Yes,1,13-24
1932-UEDCX,Male,1,Yes,No,33,Yes,Yes,Fiber optic,No,Yes,No,No,Yes,Yes,Month-to-month,Yes,Bank transfer (automatic),100.6,3270.25,No,0,25-36
7153-OANIO,Male,0,No,No,1,Yes,No,Fiber optic,No,No,No,No,No,No,Month-to-month,No,Electronic check,69.95,69.95,Yes,1,0-12
5188-HGMLP,Male,1,Yes,No,54,Yes,Yes,Fiber optic,No,No,No,No,No,No,Month-to-month,No,Bank transfer (automatic),74.0,3919.15,No,0,49-60
0665-XHDJU,Male,0,Yes,No,72,Yes,Yes,Fiber optic,No,Yes,No,No,Yes,Yes,Two year,Yes,Electronic check,99.4,7285.7,No,0,61-72
6521-YYTYI,Male,0,No,Yes,1,Yes,Yes,Fiber optic,No,No,No,No,Yes,Yes,Month-to-month,Yes,Electronic check,93.3,93.3,Yes,1,0-12
8878-HMWBV,Male,0,No,No,3,Yes,No,DSL,No,No,Yes,No,No,No,Month-to-month,Yes,Electronic check,49.15,169.05,Yes,1,0-12
8265-HKSOW,Female,0,Yes,Yes,72,Yes,Yes,Fiber optic,Yes,Yes,Yes,Yes,No,Yes,Two year,No,Credit card (automatic),107.45,7658.3,No,0,61-72
3544-FBCAS,Female,0,Yes,Yes,72,Yes,Yes,DSL,Yes,Yes,Yes,No,Yes,Yes,Two year,Yes,Credit card (automatic),83.6,5959.3,No,0,61-72
5331-RGMTT,Male,1,Yes,No,54,Yes,Yes,Fiber optic,No,No,Yes,No,Yes,Yes,Month-to-month,Yes,Credit card (automatic),99.05,5295.7,No,0,49-60
4759-PXTAN,Female,0,Yes,No,59,Yes,Yes,DSL,No,Yes,No,Yes,Yes,Yes,One year,Yes,Electronic check,80.1,4693.2,No,0,49-60
7054-DMVAS,Male,0,No,No,54,Yes,No,DSL,Yes,Yes,No,No,Yes,No,Two year,Yes,Bank transfer (automatic),65.3,3512.9,No,0,49-60
3428-MMGUB,Male,0,No,No,60,Yes,Yes,Fiber optic,No,No,Yes,No,Yes,No,Two year,Yes,Electronic check,89.55,5231.2,No,0,49-60
6549-BTYPG,Female,0,Yes,No,60,No,No phone service,DSL,No,Yes,Yes,Yes,Yes,Yes,Two year,No,Credit card (automatic),60.8,3603.45,No,0,49-60
7823-JSOAG,Male,0,No,No,3,Yes,Yes,Fiber optic,No,No,No,No,No,No,Month-to-month,No,Electronic check,74.5,217.45,No,0,0-12
3705-RHRFR,Female,0,Yes,No,69,Yes,Yes,Fiber optic,Yes,No,No,No,Yes,Yes,Two year,No,Bank transfer (automatic),99.15,6875.35,No,0,61-72
9374-YOLBJ,Female,0,Yes,Yes,1,Yes,No,No,No internet service,No internet service,No internet service,No internet service,No internet service,No internet service,Month-to-month,No,Electronic check,19.25,19.25,No,0,0-12
9074-KGVOX,Male,0,Yes,Yes,50,No,No phone service,DSL,Yes,No,No,No,Yes,No,Month-to-month,Yes,Credit card (automatic),39.45,2021.35,No,0,49-60
6128-DAFVY,Female,0,No,No,56,No,No phone service,DSL,No,No,No,No,Yes,Yes,Month-to-month,Yes,Credit card (automatic),44.85,2564.95,No,0,49-60
9933-QRGTX,Female,0,Yes,No,60,Yes,No,Fiber optic,Yes,No,No,Yes,Yes,Yes,Two year,Yes,Electronic check,97.2,5611.75,No,0,49-60
4476-OSWTN,Male,1,Yes,No,69,Yes,Yes,Fiber optic,Yes,No,Yes,Yes,Yes,Yes,One year,Yes,Mailed check,110.55,7610.1,No,0,61-72
3751-KTZEL,Female,0,No,No,1,No,No phone service,DSL,No,No,No,No,No,Yes,Month-to-month,No,Mailed check,35.05,35.05,Yes,1,0-12
1977-STDKI,Female,1,No,No,1,Yes,No,Fiber optic,No,Yes,No,No,No,No,Month-to-month,Yes,Electronic check,73.0,73.0,Yes,1,0-12
5066-GFJMM,Female,0,Yes,No,3,Yes,No,No,No internet service,No internet service,No internet service,No internet service,No internet service,No internet service,Month-to-month,Yes,Mailed check,19.9,45.75,No,0,0-12
2661-GKBTK,Male,0,Yes,Yes,60,Yes,No,DSL,No,Yes,No,Yes,Yes,Yes,Two year,No,Bank transfer (automatic),76.95,4543.95,No,0,49-60
0458-HEUZG,Female,0,No,No,13,No,No phone service,DSL,No,No,Yes,Yes,No,No,Two year,No,Mailed check,35.4,450.4,No,0,13-24
7268-WNTCP,Male,0,Yes,Yes,62,Yes,No,No,No internet service,No internet service,No internet service,No internet service,No internet service,No internet service,Two year,No,Bank transfer (automatic),20.45,1297.35,No,0,61-72
0824-VWDPO,Female,0,No,No,45,Yes,Yes,Fiber optic,Yes,Yes,No,No,No,Yes,One year,No,Bank transfer (automatic),96.75,4442.75,No,0,37-48
8409-WQJUX,Female,0,No,No,25,No,No phone service,DSL,No,No,Yes,Yes,Yes,Yes,One year,No,Electronic check,54.2,1423.15,No,0,25-36
2578-JQPHZ,Male,0,No,No,44,Yes,No,Fiber optic,No,No,Yes,Yes,Yes,Yes,Two year,No,Bank transfer (automatic),100.1,4378.35,No,0,37-48
3278-FSIXX,Female,0,No,No,2,Yes,No,DSL,No,No,No,No,No,No,Month-to-month,Yes,Mailed check,45.25,74.2,No,0,0-12
5813-UECBU,Male,1,No,No,33,Yes,Yes,Fiber optic,No,Yes,Yes,No,No,No,Month-to-month,Yes,Credit card (automatic),83.85,2716.3,Yes,1,25-36
0328-GRPMV,Female,0,No,No,1,Yes,No,Fiber optic,No,No,No,No,No,No,Month-to-month,Yes,Electronic check,70.1,70.1,Yes,1,0-12
9746-UGFAC,Female,0,No,No,22,Yes,No,No,No internet service,No internet service,No internet service,No internet service,No internet service,No internet service,One year,No,Bank transfer (automatic),20.85,450.65,No,0,13-24
2946-KIQSP,Female,0,No,No,35,No,No phone service,DSL,No,No,Yes,Yes,No,No,Month-to-month,Yes,Mailed check,33.45,1175.85,No,0,25-36
0625-AFOHS,Female,0,Yes,Yes,29,Yes,No,No,No internet service,No internet service,No internet service,No internet service,No internet service,No internet service,Two year,No,Mailed check,20.2,558.8,No,0,25-36
6726-WEXXK,Male,1,Yes,No,27,Yes,Yes,Fiber optic,Yes,No,Yes,No,No,No,One year,Yes,Electronic check,85.9,2220.1,No,0,25-36
4636-OLWOE,Male,0,No,Yes,54,Yes,No,DSL,No,Yes,Yes,Yes,No,No,One year,Yes,Electronic check,61.0,3283.05,No,0,49-60
4342-HENTK,Female,1,No,No,2,Yes,No,Fiber optic,No,No,No,No,No,No,Month-to-month,Yes,Electronic check,70.65,142.35,Yes,1,0-12
4685-ERGHK,Male,0,No,No,57,Yes,Yes,Fiber optic,No,No,No,No,Yes,No,One year,Yes,Electronic check,86.9,4939.25,No,0,49-60
0885-HMGPY,Male,0,No,No,62,Yes,Yes,DSL,Yes,Yes,Yes,Yes,No,No,Two year,No,Bank transfer (automatic),69.4,4237.5,No,0,61-72
5003-OKNNK,Female,0,Yes,Yes,15,Yes,No,No,No internet service,No internet service,No internet service,No internet service,No internet service,No internet service,One year,No,Credit card (automatic),20.35,335.95,No,0,13-24
4195-SMMNX,Male,0,No,No,2,Yes,No,No,No internet service,No internet service,No internet service,No internet service,No internet service,No internet service,Month-to-month,No,Mailed check,20.35,33.2,Yes,1,0-12
7208-PSIHR,Female,0,Yes,No,70,Yes,Yes,Fiber optic,No,No,Yes,Yes,Yes,Yes,Two year,Yes,Bank transfer (automatic),104.3,7188.5,No,0,61-72
4012-ZTHBR,Female,0,Yes,Yes,21,Yes,No,DSL,No,No,No,No,No,No,Month-to-month,Yes,Electronic check,44.95,926.25,No,0,13-24
0489-WMEMG,Female,0,No,Yes,23,Yes,No,DSL,No,No,No,Yes,No,No,One year,Yes,Electronic check,49.45,1119.35,No,0,13-24
7435-ZNUYY,Male,0,No,No,6,Yes,No,No,No internet service,No internet service,No internet service,No internet service,No internet service,No internet service,One year,No,Mailed check,20.6,116.6,No,0,0-12
1354-YZFNB,Male,0,Yes,Yes,4,Yes,No,No,No internet service,No internet service,No internet service,No internet service,No internet service,No internet service,Two year,No,Credit card (automatic),19.55,68.8,No,0,0-12
6956-SMUCM,Female,0,No,No,3,Yes,No,Fiber optic,Yes,No,Yes,No,Yes,Yes,Month-to-month,Yes,Credit card (automatic),99.0,287.4,Yes,1,0-12
2985-FMWYF,Female,0,No,No,23,Yes,Yes,Fiber optic,No,No,No,No,Yes,Yes,Month-to-month,Yes,Electronic check,93.5,2341.55,No,0,13-24
2812-ENYMO,Male,0,No,No,26,No,No phone service,DSL,Yes,No,No,Yes,Yes,Yes,One year,No,Credit card (automatic),54.55,1362.85,No,0,25-36
2717-HVIZY,Female,0,No,Yes,8,Yes,No,No,No internet service,No internet service,No internet service,No internet service,No internet service,No internet service,Month-to-month,No,Mailed check,20.05,163.6,No,0,0-12
3223-WZWJM,Male,0,No,No,26,Yes,Yes,Fiber optic,No,No,No,No,No,Yes,Month-to-month,Yes,Electronic check,83.95,2254.2,Yes,1,25-36
3422-GALYP,Male,0,No,No,2,Yes,Yes,Fiber optic,No,Yes,No,No,No,No,Month-to-month,Yes,Electronic check,79.45,145.15,No,0,0-12
9053-JZFKV,Male,0,No,No,67,Yes,Yes,Fiber optic,Yes,Yes,Yes,Yes,Yes,Yes,Two year,No,Credit card (automatic),116.2,7752.3,Yes,1,61-72
2530-ENDWQ,Female,0,Yes,No,71,Yes,Yes,Fiber optic,No,No,No,No,Yes,Yes,Two year,Yes,Bank transfer (automatic),93.7,6585.35,Yes,1,61-72
2890-WFBHU,Female,0,No,No,59,Yes,Yes,DSL,Yes,Yes,Yes,Yes,No,Yes,One year,No,Credit card (automatic),79.85,4786.1,No,0,49-60
0327-WFZSY,Male,0,Yes,Yes,39,Yes,Yes,Fiber optic,No,No,Yes,No,Yes,Yes,One year,No,Electronic check,100.0,3835.55,No,0,37-48
7977-HXJKU,Male,0,No,Yes,21,Yes,No,No,No internet service,No internet service,No internet service,No internet service,No internet service,No internet service,Two year,No,Mailed check,19.6,397.0,No,0,13-24
6615-ZGEDR,Male,0,No,No,1,Yes,No,No,No internet service,No internet service,No internet service,No internet service,No internet service,No internet service,Month-to-month,No,Mailed check,19.7,19.7,Yes,1,0-12
7033-CLAMM,Female,0,Yes,Yes,48,Yes,No,No,No internet service,No internet service,No internet service,No internet service,No internet service,No internet service,Two year,No,Bank transfer (automatic),20.2,1027.25,No,0,37-48
4023-RTIQM,Female,1,Yes,No,31,No,No phone service,DSL,Yes,Yes,Yes,No,No,Yes,One year,Yes,Credit card (automatic),50.4,1580.1,No,0,25-36
0864-FVJNJ,Female,0,Yes,Yes,64,Yes,Yes,Fiber optic,Yes,Yes,Yes,Yes,Yes,Yes,One year,No,Electronic check,113.35,7222.75,No,0,61-72
7356-IWLFW,Male,0,Yes,Yes,46,Yes,Yes,Fiber optic,No,Yes,No,No,No,No,Month-to-month,Yes,Bank transfer (automatic),80.0,3769.7,No,0,37-48
9541-PWTWO,Female,0,No,No,52,Yes,Yes,DSL,No,No,Yes,Yes,Yes,Yes,Two year,Yes,Bank transfer (automatic),80.95,4233.95,No,0,49-60
3967-VQOGC,Female,0,Yes,Yes,67,Yes,Yes,No,No internet service,No internet service,No internet service,No internet service,No internet service,No internet service,Two year,Yes,Mailed check,24.9,1680.25,No,0,61-72
7872-RDDLZ,Female,1,No,No,67,Yes,Yes,DSL,No,Yes,No,No,No,No,Month-to-month,No,Electronic check,54.9,3725.5,No,0,61-72
9250-WYPLL,Female,0,No,No,5,Yes,Yes,Fiber optic,No,No,No,No,No,No,Month-to-month,No,Electronic check,75.55,413.65,Yes,1,0-12
6308-CQRBU,Female,0,Yes,No,71,Yes,Yes,Fiber optic,No,Yes,Yes,Yes,Yes,Yes,Two year,No,Electronic check,109.25,7707.7,No,0,61-72
2754-XBHTB,Female,0,No,No,9,Yes,No,Fiber optic,No,No,No,No,Yes,No,Month-to-month,Yes,Bank transfer (automatic),77.65,714.15,Yes,1,0-12
1597-LHYNC,Female,1,No,No,26,Yes,Yes,Fiber optic,Yes,Yes,No,No,No,Yes,Month-to-month,Yes,Electronic check,95.0,2497.2,Yes,1,25-36
0186-CAERR,Male,0,No,No,71,Yes,Yes,Fiber optic,Yes,Yes,Yes,Yes,Yes,Yes,One year,Yes,Bank transfer (automatic),116.3,8309.55,No,0,61-72
3043-SUDUA,Female,0,No,No,32,Yes,No,No,No internet service,No internet service,No internet service,No internet service,No internet service,No internet service,Month-to-month,No,Bank transfer (automatic),19.9,601.55,No,0,25-36
5442-BHQNG,Female,0,No,No,2,Yes,No,Fiber optic,No,No,No,No,No,No,Month-to-month,No,Electronic check,70.35,139.25,No,0,0-12
2169-RRLFW,Female,0,Yes,No,71,Yes,Yes,No,No internet service,No internet service,No internet service,No internet service,No internet service,No internet service,Two year,No,Credit card (automatic),25.6,1888.25,No,0,61-72
5872-OEQNH,Female,0,No,No,60,No,No phone service,DSL,Yes,No,Yes,No,No,Yes,One year,Yes,Electronic check,44.45,2773.9,No,0,49-60
3162-KKZXO,Female,1,No,No,55,Yes,Yes,Fiber optic,No,No,Yes,No,Yes,Yes,One year,Yes,Electronic check,100.15,5409.75,No,0,49-60
7055-VKGDA,Male,0,No,No,54,Yes,No,Fiber optic,Yes,Yes,No,Yes,Yes,Yes,One year,Yes,Credit card (automatic),105.4,5643.4,Yes,1,49-60
0754-UKWQP,Male,0,No,No,2,Yes,No,Fiber optic,No,No,Yes,No,Yes,Yes,Month-to-month,Yes,Electronic check,95.85,197.7,Yes,1,0-12
8873-GLDMH,Female,0,No,No,6,Yes,Yes,Fiber optic,No,No,No,No,No,No,Month-to-month,Yes,Mailed check,73.85,401.3,No,0,0-12
5696-JVVQY,Female,0,Yes,Yes,48,Yes,No,DSL,Yes,Yes,Yes,No,No,Yes,Two year,Yes,Credit card (automatic),70.1,3238.4,No,0,37-48
8946-BFWSG,Male,0,Yes,Yes,63,Yes,Yes,No,No internet service,No internet service,No internet service,No internet service,No internet service,No internet service,Two year,No,Mailed check,25.25,1573.05,No,0,61-72
7493-TPUWZ,Male,0,No,No,1,Yes,Yes,Fiber optic,No,Yes,No,No,No,No,Month-to-month,Yes,Electronic check,79.15,79.15,Yes,1,0-12
0547-HURJB,Male,0,No,Yes,12,Yes,No,No,No internet service,No internet service,No internet service,No internet service,No internet service,No internet service,Month-to-month,No,Credit card (automatic),21.05,235.8,No,0,0-12
8904-OPDCK,Male,1,Yes,No,54,No,No phone service,DSL,No,No,No,No,No,No,Month-to-month,Yes,Bank transfer (automatic),24.95,1364.75,No,0,49-60
8845-LWKGE,Female,0,Yes,Yes,30,Yes,No,DSL,No,No,Yes,Yes,Yes,No,One year,Yes,Electronic check,64.5,1985.15,No,0,25-36
1577-HKTFG,Female,0,Yes,No,30,Yes,No,No,No internet service,No internet service,No internet service,No internet service,No internet service,No internet service,Month-to-month,No,Bank transfer (automatic),19.65,655.85,Yes,1,25-36
8752-STIVR,Female,0,No,No,4,Yes,No,Fiber optic,No,No,No,No,Yes,No,Month-to-month,Yes,Electronic check,79.0,303.15,Yes,1,0-12
0691-NIKRI,Female,0,No,No,40,Yes,Yes,Fiber optic,No,No,Yes,Yes,Yes,Yes,One year,Yes,Credit card (automatic),105.95,4335.2,No,0,37-48
5022-JNQEQ,Female,0,Yes,Yes,9,Yes,No,Fiber optic,No,No,No,Yes,No,No,Month-to-month,Yes,Electronic check,75.85,647.5,No,0,0-12
4558-FANTW,Female,0,Yes,Yes,17,Yes,No,Fiber optic,Yes,No,No,Yes,Yes,No,Month-to-month,No,Electronic check,91.85,1574.45,Yes,1,13-24
3249-VHRIP,Female,0,No,No,62,No,No phone service,DSL,No,Yes,Yes,No,No,Yes,Two year,Yes,Credit card (automatic),43.6,2748.7,No,0,61-72
3736-BLEPA,Male,0,No,No,28,Yes,No,Fiber optic,No,Yes,No,Yes,Yes,No,One year,Yes,Bank transfer (automatic),91.25,2483.65,No,0,25-36
4701-LKOZD,Female,0,No,No,70,Yes,Yes,DSL,Yes,Yes,Yes,Yes,Yes,Yes,Two year,No,Credit card (automatic),89.75,6367.2,No,0,61-72
6603-QWSPR,Female,0,No,No,46,Yes,No,Fiber optic,No,Yes,Yes,Yes,Yes,Yes,Two year,Yes,Bank transfer (automatic),104.4,4904.2,No,0,37-48
9921-QFQUL,Female,0,Yes,No,23,Yes,Yes,Fiber optic,No,No,Yes,No,No,Yes,Month-to-month,No,Mailed check,90.15,2044.95,No,0,13-24
1929-ZCBHE,Male,0,Yes,Yes,47,No,No phone service,DSL,Yes,No,Yes,Yes,No,No,One year,No,Electronic check,40.3,1794.8,No,0,37-48
4378-MYPGO,Male,0,Yes,Yes,68,Yes,No,Fiber optic,Yes,Yes,Yes,No,Yes,Yes,Two year,Yes,Bank transfer (automatic),105.25,7173.15,No,0,61-72
8651-ENBZX,Female,1,No,No,60,Yes,Yes,Fiber optic,No,No,Yes,Yes,Yes,Yes,One year,Yes,Electronic check,106.0,6441.4,Yes,1,49-60
4129-LYCOI,Female,0,No,Yes,67,Yes,Yes,Fiber optic,No,Yes,No,Yes,Yes,Yes,Two year,Yes,Electronic check,104.0,7039.05,No,0,61-72
7798-JVXYM,Female,0,No,No,14,Yes,No,DSL,No,No,No,Yes,Yes,Yes,Month-to-month,Yes,Electronic check,69.65,921.4,No,0,13-24
8647-SDTWQ,Male,0,Yes,Yes,57,Yes,Yes,Fiber optic,No,No,No,No,No,No,Month-to-month,Yes,Electronic check,74.3,4018.35,No,0,49-60
2696-ECXKC,Female,0,Yes,Yes,55,Yes,Yes,Fiber optic,Yes,No,No,No,Yes,Yes,One year,No,Mailed check,100.9,5448.6,No,0,49-60
2081-KJSQF,Male,0,No,No,1,Yes,No,No,No internet service,No internet service,No internet service,No internet service,No internet service,No internet service,Month-to-month,Yes,Mailed check,20.25,20.25,No,0,0-12
7623-TRNQN,Male,0,No,Yes,1,Yes,No,DSL,No,No,No,Yes,No,No,Month-to-month,Yes,Mailed check,49.9,49.9,Yes,1,0-12
3323-CPBWR,Male,0,No,No,23,Yes,Yes,Fiber optic,No,No,Yes,Yes,Yes,No,Month-to-month,Yes,Credit card (automatic),96.9,2085.45,No,0,13-24
9330-IJWIO,Female,0,No,No,13,Yes,Yes,Fiber optic,Yes,No,No,No,Yes,Yes,Month-to-month,Yes,Electronic check,100.35,1358.85,Yes,1,13-24
3384-CTMSF,Male,0,Yes,No,47,Yes,Yes,Fiber optic,No,Yes,Yes,No,Yes,Yes,Month-to-month,Yes,Electronic check,104.1,5135.15,No,0,37-48
0902-RFHOF,Male,0,No,No,38,Yes,No,No,No internet service,No internet service,No internet service,No internet service,No internet service,No internet service,One year,No,Mailed check,20.1,730.1,No,0,37-48
9286-DOJGF,Female,1,Yes,No,38,Yes,Yes,Fiber optic,No,No,No,No,No,No,Month-to-month,Yes,Bank transfer (automatic),74.95,2869.85,Yes,1,37-48
6048-QBXKL,Female,1,No,No,2,Yes,Yes,DSL,No,Yes,No,No,No,No,Month-to-month,Yes,Credit card (automatic),56.55,118.25,No,0,0-12
9661-MHUMO,Male,1,Yes,Yes,1,Yes,No,DSL,No,No,No,Yes,No,No,Month-to-month,Yes,Credit card (automatic),49.25,49.25,Yes,1,0-12
7718-RXDGG,Male,0,Yes,No,15,Yes,No,Fiber optic,No,No,No,No,No,No,Month-to-month,Yes,Bank transfer (automatic),68.6,1108.6,No,0,13-24
1025-FALIX,Female,0,No,No,26,Yes,No,Fiber optic,No,No,No,No,No,No,Month-to-month,Yes,Credit card (automatic),69.05,1815.65,No,0,25-36
3451-VAWLI,Female,0,Yes,Yes,35,Yes,No,No,No internet service,No internet service,No internet service,No internet service,No internet service,No internet service,Two year,No,Credit card (automatic),19.7,730.4,No,0,25-36
3407-QGWLG,Male,0,No,Yes,3,Yes,No,No,No internet service,No internet service,No internet service,No internet service,No internet service,No internet service,Month-to-month,Yes,Mailed check,20.05,75.45,No,0,0-12
1842-EZJMK,Male,0,Yes,Yes,50,Yes,Yes,Fiber optic,No,Yes,No,Yes,Yes,Yes,Month-to-month,No,Electronic check,103.7,5071.05,Yes,1,49-60
2347-WKKAE,Male,0,Yes,No,42,Yes,Yes,Fiber optic,Yes,No,Yes,No,No,Yes,Month-to-month,Yes,Electronic check,94.4,4014.6,No,0,37-48
8735-DCXNF,Male,0,Yes,No,10,Yes,No,DSL,Yes,No,No,Yes,No,No,Month-to-month,Yes,Credit card (automatic),54.95,568.85,No,0,0-12
3214-IYUUQ,Female,0,Yes,No,61,Yes,No,Fiber optic,Yes,Yes,No,Yes,No,Yes,One year,No,Bank transfer (automatic),93.7,5860.7,No,0,61-72
1936-UAFEH,Female,0,No,No,68,Yes,Yes,Fiber optic,Yes,Yes,No,Yes,Yes,Yes,Two year,No,Credit card (automatic),110.25,7279.35,No,0,61-72
3587-PMCOY,Male,0,No,No,10,Yes,No,Fiber optic,Yes,No,Yes,No,Yes,Yes,One year,Yes,Electronic check,98.9,1064.95,No,0,0-12
8079-XRJRS,Male,0,Yes,No,65,Yes,Yes,Fiber optic,Yes,Yes,Yes,No,No,No,One year,No,Electronic check,89.75,5769.6,Yes,1,61-72
1027-LKKQQ,Female,0,Yes,Yes,72,Yes,No,DSL,Yes,No,Yes,Yes,Yes,Yes,Two year,Yes,Bank transfer (automatic),80.45,5886.85,No,0,61-72
7148-XZPHA,Male,0,Yes,Yes,55,Yes,No,Fiber optic,No,Yes,No,Yes,No,No,Month-to-month,No,Electronic check,79.4,4238.45,No,0,49-60
8073-IJDCM,Female,0,No,No,1,Yes,No,No,No internet service,No internet service,No internet service,No internet service,No internet service,No internet service,Month-to-month,Yes,Mailed check,20.3,20.3,Yes,1,0-12
5309-TAIKL,Female,0,No,No,7,Yes,No,DSL,No,No,Yes,Yes,No,Yes,Month-to-month,No,Bank transfer (automatic),62.8,418.3,No,0,0-12
6856-RAURS,Female,0,No,No,2,Yes,Yes,Fiber optic,No,No,No,No,No,No,Month-to-month,Yes,Mailed check,74.9,136.05,No,0,0-12
8778-LMWTJ,Female,0,No,No,9,Yes,No,Fiber optic,Yes,No,No,No,No,No,Month-to-month,Yes,Electronic check,74.85,708.2,No,0,0-12
9717-IOAAF,Male,0,No,Yes,27,Yes,Yes,No,No internet service,No internet service,No internet service,No internet service,No internet service,No internet service,Two year,Yes,Credit card (automatic),25.85,788.55,No,0,25-36
8884-ADFVN,Male,1,Yes,No,7,Yes,Yes,Fiber optic,No,No,Yes,No,Yes,Yes,Month-to-month,Yes,Electronic check,101.95,700.85,Yes,1,0-12
2845-KDHVX,Female,0,Yes,No,64,Yes,No,DSL,No,Yes,Yes,Yes,No,Yes,Two year,Yes,Mailed check,68.3,4378.8,No,0,61-72
0848-SOMKO,Male,0,No,No,70,No,No phone service,DSL,Yes,No,Yes,Yes,No,Yes,Two year,No,Bank transfer (automatic),48.4,3442.8,No,0,61-72
2720-WGKHP,Male,1,No,No,2,Yes,Yes,Fiber optic,No,No,No,No,Yes,Yes,Month-to-month,Yes,Electronic check,94.0,181.7,Yes,1,0-12
6734-FQAJX,Male,1,No,No,67,Yes,No,Fiber optic,Yes,Yes,No,Yes,Yes,Yes,Two year,Yes,Electronic check,105.05,7171.7,No,0,61-72
2869-ADAWR,Female,0,No,No,45,Yes,Yes,Fiber optic,No,Yes,No,No,Yes,No,Month-to-month,Yes,Credit card (automatic),89.3,4016.85,Yes,1,37-48
1535-VTJOQ,Female,0,No,No,24,Yes,Yes,No,No internet service,No internet service,No internet service,No internet service,No internet service,No internet service,Two year,No,Credit card (automatic),25.15,553.0,No,0,13-24
6368-TZZDT,Male,0,Yes,Yes,4,Yes,No,No,No internet service,No internet service,No internet service,No internet service,No internet service,No internet service,Two year,No,Credit card (automatic),19.5,96.85,No,0,0-12
0943-ZQPXH,Male,0,Yes,Yes,44,Yes,No,Fiber optic,No,No,Yes,No,Yes,Yes,Month-to-month,Yes,Bank transfer (automatic),92.95,4122.9,No,0,37-48
1293-BSEUN,Female,0,Yes,Yes,72,Yes,No,No,No internet service,No internet service,No internet service,No internet service,No internet service,No internet service,Two year,Yes,Mailed check,20.7,1482.3,No,0,61-72
9894-EZEWG,Female,0,No,No,1,Yes,No,Fiber optic,No,Yes,No,No,No,No,Month-to-month,Yes,Credit card (automatic),74.3,74.3,Yes,1,0-12
1302-TPUBN,Male,0,No,No,66,Yes,No,No,No internet service,No internet service,No internet service,No internet service,No internet service,No internet service,Two year,No,Bank transfer (automatic),19.35,1240.8,No,0,61-72
7851-FLGGQ,Male,0,No,No,1,No,No phone service,DSL,No,Yes,No,Yes,No,Yes,Month-to-month,Yes,Mailed check,44.65,44.65,Yes,1,0-12
0637-UBJRP,Male,0,Yes,Yes,13,Yes,No,Fiber optic,Yes,No,No,No,No,Yes,Month-to-month,No,Electronic check,84.05,1095.3,Yes,1,13-24
0940-OUQEC,Male,0,No,No,10,Yes,Yes,Fiber optic,No,Yes,No,No,No,No,Month-to-month,Yes,Bank transfer (automatic),80.7,788.8,Yes,1,0-12
2378-VTKDH,Male,1,Yes,No,65,Yes,Yes,Fiber optic,No,Yes,Yes,No,Yes,Yes,Month-to-month,Yes,Electronic check,104.35,6578.55,No,0,61-72
0927-CNGRH,Male,0,No,Yes,1,Yes,No,No,No internet service,No internet service,No internet service,No internet service,No internet service,No internet service,Month-to-month,No,Mailed check,19.55,19.55,No,0,0-12
8608-OZTLB,Male,0,Yes,Yes,38,Yes,No,DSL,Yes,Yes,Yes,Yes,Yes,No,One year,No,Electronic check,74.05,2802.3,No,0,37-48
2335-GSODA,Male,0,No,Yes,23,No,No phone service,DSL,Yes,No,Yes,Yes,No,No,Two year,No,Mailed check,40.1,857.75,No,0,13-24
1952-DVVSW,Female,0,Yes,No,10,Yes,No,No,No internet service,No internet service,No internet service,No internet service,No internet service,No internet service,One year,No,Mailed check,20.1,184.4,No,0,0-12
0702-PGIBZ,Male,0,No,Yes,4,Yes,Yes,Fiber optic,No,Yes,No,No,Yes,Yes,Month-to-month,Yes,Electronic check,101.7,364.55,Yes,1,0-12
6656-GULJQ,Male,0,Yes,Yes,72,Yes,Yes,DSL,Yes,No,Yes,Yes,Yes,Yes,Two year,Yes,Credit card (automatic),83.55,6093.3,No,0,61-72
9853-JFZDU,Female,0,Yes,No,35,Yes,No,DSL,No,Yes,No,Yes,No,No,Month-to-month,No,Electronic check,56.85,1861.1,No,0,25-36
1963-VAUKV,Female,0,No,No,1,Yes,No,No,No internet service,No internet service,No internet service,No internet service,No internet service,No internet service,Month-to-month,No,Mailed check,20.4,20.4,Yes,1,0-12
3777-XROBG,Female,0,Yes,Yes,58,Yes,No,No,No internet service,No internet service,No internet service,No internet service,No internet service,No internet service,Two year,No,Credit card (automatic),19.55,1079.65,No,0,49-60
6994-FGRHH,Male,0,Yes,Yes,70,Yes,No,Fiber optic,No,Yes,Yes,Yes,Yes,Yes,One year,Yes,Electronic check,106.15,7475.1,No,0,61-72
4000-VGMQP,Male,0,Yes,Yes,38,Yes,Yes,DSL,No,Yes,Yes,No,Yes,Yes,One year,No,Credit card (automatic),78.95,2862.55,No,0,37-48
3999-WRNGR,Female,0,Yes,Yes,60,No,No phone service,DSL,No,Yes,No,No,Yes,Yes,Month-to-month,Yes,Electronic check,49.75,3069.45,No,0,49-60
3466-RITXD,Male,0,No,No,26,Yes,Yes,Fiber optic,Yes,Yes,No,No,Yes,No,Month-to-month,Yes,Credit card (automatic),92.4,2349.8,No,0,25-36
2680-XKKNJ,Female,0,No,No,8,Yes,No,DSL,Yes,Yes,No,Yes,No,No,One year,No,Bank transfer (automatic),58.2,469.25,No,0,0-12
3058-HJCUY,Male,0,Yes,Yes,41,Yes,Yes,Fiber optic,No,No,Yes,Yes,Yes,Yes,One year,Yes,Electronic check,102.6,4213.35,Yes,1,37-48
2974-GGUXS,Female,1,Yes,No,36,Yes,Yes,Fiber optic,No,Yes,No,No,Yes,No,Month-to-month,Yes,Credit card (automatic),91.95,3301.05,No,0,25-36
7994-XIRTR,Male,1,No,No,54,Yes,No,DSL,No,No,Yes,Yes,No,Yes,One year,No,Bank transfer (automatic),65.25,3529.95,No,0,49-60
3259-FDWOY,Male,0,Yes,Yes,71,Yes,Yes,Fiber optic,No,Yes,Yes,No,Yes,Yes,Two year,Yes,Bank transfer (automatic),106.0,7723.7,Yes,1,61-72
2101-RANCD,Female,0,No,No,55,Yes,Yes,Fiber optic,No,No,No,No,No,No,Month-to-month,Yes,Electronic check,73.1,4144.9,No,0,49-60
7921-BEPCI,Female,0,No,No,72,Yes,Yes,DSL,Yes,Yes,No,No,No,No,Two year,No,Bank transfer (automatic),59.75,4265.0,No,0,61-72
0807-ZABDG,Female,0,No,Yes,3,Yes,No,DSL,Yes,No,No,Yes,No,No,Month-to-month,Yes,Mailed check,55.1,154.65,Yes,1,0-12
8510-TMWYB,Female,0,Yes,Yes,54,Yes,Yes,DSL,No,Yes,Yes,No,No,No,Two year,Yes,Bank transfer (automatic),59.8,3246.45,No,0,49-60
3258-ZKPAI,Male,0,Yes,Yes,72,Yes,Yes,Fiber optic,Yes,Yes,Yes,Yes,Yes,Yes,Two year,Yes,Bank transfer (automatic),116.6,8337.45,No,0,61-72
1428-IEDPR,Male,0,No,No,52,Yes,Yes,Fiber optic,Yes,No,Yes,Yes,Yes,Yes,Two year,Yes,Electronic check,109.3,5731.4,No,0,49-60
5298-GSTLM,Female,1,No,No,60,Yes,Yes,Fiber optic,Yes,No,No,No,Yes,Yes,One year,Yes,Bank transfer (automatic),101.4,6176.6,No,0,49-60
4450-YOOHP,Female,0,No,No,39,No,No phone service,DSL,No,No,Yes,No,Yes,Yes,Month-to-month,Yes,Credit card (automatic),50.65,1905.4,No,0,37-48
6728-CZFEI,Female,0,No,No,15,Yes,No,DSL,No,No,No,No,Yes,No,One year,No,Mailed check,56.15,931.9,No,0,13-24
5748-RNCJT,Male,0,No,No,69,Yes,Yes,Fiber optic,No,No,Yes,Yes,Yes,Yes,Two year,Yes,Bank transfer (automatic),106.5,7348.8,Yes,1,61-72
3653-NCRDJ,Male,0,Yes,Yes,43,Yes,No,No,No internet service,No internet service,No internet service,No internet service,No internet service,No internet service,One year,Yes,Mailed check,19.2,776.25,No,0,37-48
6121-TNHBO,Female,1,No,No,63,Yes,Yes,DSL,Yes,Yes,Yes,Yes,Yes,No,One year,No,Bank transfer (automatic),83.0,5243.05,No,0,61-72
5119-NZPTV,Male,1,Yes,No,2,Yes,No,Fiber optic,No,No,No,No,No,No,Month-to-month,No,Electronic check,70.1,141.65,No,0,0-12
6519-ZHPXP,Female,0,Yes,Yes,72,Yes,No,Fiber optic,Yes,Yes,Yes,Yes,Yes,Yes,Two year,Yes,Bank transfer (automatic),108.3,7679.65,No,0,61-72
7739-LAXOG,Female,0,Yes,Yes,32,Yes,Yes,Fiber optic,No,No,Yes,No,No,Yes,Month-to-month,Yes,Bank transfer (automatic),91.05,2954.5,Yes,1,25-36
3472-QPRCH,Male,0,Yes,Yes,40,Yes,Yes,No,No internet service,No internet service,No internet service,No internet service,No internet service,No internet service,Two year,No,Credit card (automatic),25.25,1006.9,No,0,37-48
8224-UAXBZ,Female,0,Yes,No,58,No,No phone service,DSL,Yes,Yes,No,No,Yes,No,One year,Yes,Electronic check,45.35,2540.1,No,0,49-60
9610-WCESF,Male,0,No,No,67,No,No phone service,DSL,Yes,No,No,Yes,Yes,No,Two year,No,Electronic check,43.9,3097.2,No,0,61-72
9776-CLUJA,Female,1,Yes,No,51,Yes,Yes,Fiber optic,Yes,No,No,No,No,No,Month-to-month,Yes,Electronic check,77.5,3807.35,Yes,1,49-60
2486-WYVVE,Male,0,Yes,No,31,Yes,Yes,DSL,No,No,Yes,Yes,Yes,Yes,One year,Yes,Mailed check,79.3,2484.0,No,0,25-36
3865-ZYKAD,Male,1,Yes,No,69,Yes,Yes,Fiber optic,Yes,Yes,No,No,No,No,Month-to-month,Yes,Credit card (automatic),84.9,5785.65,No,0,61-72
1422-DGUBX,Male,0,Yes,No,32,Yes,Yes,Fiber optic,No,No,No,Yes,No,No,One year,Yes,Electronic check,79.25,2619.15,No,0,25-36
2999-AANRQ,Female,0,No,No,21,Yes,No,DSL,Yes,Yes,No,Yes,Yes,No,Two year,No,Credit card (automatic),71.05,1524.85,No,0,13-24
8668-KNZTI,Male,0,No,No,52,Yes,No,DSL,Yes,No,Yes,No,No,No,One year,No,Electronic check,53.75,2790.65,No,0,49-60
0480-KYJVA,Female,0,Yes,Yes,72,Yes,Yes,No,No internet service,No internet service,No internet service,No internet service,No internet service,No internet service,Two year,No,Credit card (automatic),24.25,1784.5,No,0,61-72
6034-ZRYCV,Female,0,Yes,No,72,No,No phone service,DSL,No,Yes,Yes,No,Yes,Yes,Two year,Yes,Electronic check,54.2,3937.45,Yes,1,61-72
9746-YKGXB,Male,0,Yes,Yes,52,No,No phone service,DSL,Yes,No,Yes,No,No,Yes,One year,No,Bank transfer (automatic),44.25,2276.1,No,0,49-60
3926-YZVVX,Female,0,No,No,41,Yes,No,DSL,No,No,No,Yes,No,No,One year,No,Bank transfer (automatic),50.05,2029.05,No,0,37-48
6000-UKLWI,Male,0,No,No,41,Yes,No,No,No internet service,No internet service,No internet service,No internet service,No internet service,No internet service,Two year,No,Mailed check,20.15,802.35,No,0,37-48
2079-FBMZK,Female,0,No,No,6,Yes,No,Fiber optic,No,No,No,No,No,No,Month-to-month,Yes,Mailed check,69.25,418.4,Yes,1,0-12
6332-FBZRI,Male,0,Yes,Yes,67,Yes,Yes,DSL,Yes,Yes,Yes,Yes,No,No,One year,Yes,Credit card (automatic),69.35,4653.25,No,0,61-72
2096-XOTMO,Female,0,Yes,Yes,16,Yes,No,No,No internet service,No internet service,No internet service,No internet service,No internet service,No internet service,Month-to-month,No,Mailed check,19.35,275.9,No,0,13-24
3266-FTKHB,Male,0,No,No,17,Yes,No,No,No internet service,No internet service,No internet service,No internet service,No internet service,No internet service,Two year,No,Mailed check,19.15,343.45,No,0,13-24
8221-EQDGL,Male,0,Yes,No,35,Yes,No,DSL,Yes,Yes,Yes,No,No,No,Month-to-month,No,Mailed check,61.0,2130.45,No,0,25-36
2346-LOCWC,Female,0,Yes,Yes,58,Yes,No,No,No internet service,No internet service,No internet service,No internet service,No internet service,No internet service,Two year,No,Credit card (automatic),20.5,1191.4,No,0,49-60
6608-QQLVK,Male,0,No,No,1,Yes,No,DSL,No,No,Yes,No,No,No,Month-to-month,Yes,Electronic check,50.5,50.5,Yes,1,0-12
0298-XACET,Male,0,Yes,Yes,52,No,No phone service,DSL,No,Yes,Yes,Yes,Yes,No,Two year,No,Mailed check,50.2,2554.0,No,0,49-60
7560-QJAVJ,Female,0,No,No,70,Yes,No,DSL,Yes,No,Yes,Yes,Yes,Yes,Two year,No,Bank transfer (automatic),79.6,5589.45,No,0,61-72
2995-YWTCD,Female,0,Yes,Yes,19,Yes,Yes,No,No internet service,No internet service,No internet service,No internet service,No internet service,No internet service,Two year,Yes,Bank transfer (automatic),24.9,467.7,No,0,13-24
3551-HUAZH,Male,1,No,No,1,Yes,Yes,Fiber optic,No,No,No,No,No,No,Month-to-month,Yes,Electronic check,74.4,74.4,Yes,1,0-12
9137-UIYPG,Female,0,Yes,Yes,35,Yes,No,Fiber optic,Yes,No,Yes,Yes,Yes,Yes,Month-to-month,Yes,Electronic check,106.9,3756.45,No,0,25-36
2809-ZMYOQ,Female,0,No,No,32,Yes,Yes,Fiber optic,No,No,Yes,No,Yes,Yes,Month-to-month,Yes,Electronic check,101.35,3334.9,No,0,25-36
5084-OOVCJ,Female,0,Yes,Yes,17,Yes,No,DSL,Yes,No,No,Yes,No,No,Month-to-month,Yes,Credit card (automatic),55.35,920.5,No,0,13-24
0254-WWRKD,Female,0,Yes,Yes,67,Yes,No,DSL,No,Yes,No,No,No,No,One year,No,Credit card (automatic),50.55,3431.75,No,0,61-72
7727-SHVZV,Female,0,No,No,9,Yes,No,No,No internet service,No internet service,No internet service,No internet service,No internet service,No internet service,Month-to-month,No,Bank transfer (automatic),19.5,150.35,No,0,0-12
6302-JGYRJ,Male,0,No,Yes,31,Yes,Yes,DSL,No,Yes,No,Yes,Yes,Yes,One year,Yes,Mailed check,79.45,2587.7,Yes,1,25-36
5339-PXDVH,Male,0,No,No,4,Yes,Yes,Fiber optic,Yes,No,No,No,Yes,No,Month-to-month,No,Electronic check,90.65,367.95,No,0,0-12
2205-LPVGL,Male,1,Yes,Yes,58,Yes,Yes,Fiber optic,Yes,Yes,No,Yes,No,No,One year,Yes,Bank transfer (automatic),89.85,5125.75,No,0,49-60
8782-NUUOL,Male,0,No,No,60,Yes,No,DSL,Yes,No,Yes,Yes,Yes,Yes,One year,No,Mailed check,79.0,4801.1,No,0,49-60
3685-YLCMQ,Male,0,No,No,58,Yes,Yes,Fiber optic,No,No,Yes,Yes,Yes,Yes,One year,Yes,Electronic check,104.65,6219.6,Yes,1,49-60
7601-WFVZV,Male,0,No,No,1,Yes,No,No,No internet service,No internet service,No internet service,No internet service,No internet service,No internet service,Month-to-month,No,Mailed check,19.55,19.55,No,0,0-12
4609-KNNWG,Female,0,Yes,Yes,27,Yes,No,No,No internet service,No internet service,No internet service,No internet service,No internet service,No internet service,Two year,No,Mailed check,19.9,550.1,No,0,25-36
4868-AADLV,Male,1,Yes,Yes,66,Yes,Yes,Fiber optic,Yes,Yes,Yes,Yes,Yes,Yes,One year,Yes,Electronic check,116.25,7862.25,No,0,61-72
9529-OFXHY,Male,0,No,No,15,Yes,Yes,Fiber optic,Yes,No,No,No,Yes,No,Month-to-month,Yes,Bank transfer (automatic),87.75,1242.2,No,0,13-24
8634-MPHTR,Male,1,Yes,No,47,Yes,Yes,Fiber optic,No,No,Yes,No,Yes,Yes,Month-to-month,Yes,Electronic check,100.05,4871.05,Yes,1,37-48
2669-QVCRG,Female,0,No,No,41,Yes,Yes,Fiber optic,Yes,No,No,No,No,No,Month-to-month,Yes,Credit card (automatic),81.3,3190.65,No,0,37-48
2478-EEWWM,Male,0,Yes,No,59,No,No phone service,DSL,No,No,No,No,Yes,Yes,Month-to-month,Yes,Electronic check,44.3,2666.75,No,0,49-60
9174-IHETN,Female,0,No,Yes,50,Yes,No,Fiber optic,No,No,No,No,No,No,Two year,No,Credit card (automatic),70.35,3533.6,No,0,49-60
2233-TXSIU,Male,0,Yes,Yes,17,No,No phone service,DSL,Yes,No,Yes,No,Yes,No,One year,No,Credit card (automatic),44.45,792.15,No,0,13-24
9644-UMGQA,Male,0,Yes,Yes,6,Yes,No,DSL,Yes,No,No,No,No,No,Month-to-month,Yes,Electronic check,49.15,295.65,No,0,0-12
3256-EZDBI,Male,1,Yes,No,51,No,No phone service,DSL,No,Yes,No,No,No,No,Month-to-month,Yes,Credit card (automatic),29.45,1459.35,No,0,49-60
8761-NSOBC,Male,0,No,No,44,Yes,No,Fiber optic,No,Yes,No,Yes,Yes,Yes,Month-to-month,No,Electronic check,100.55,4398.15,Yes,1,37-48
0419-YAAPX,Male,0,Yes,No,49,Yes,No,Fiber optic,No,Yes,No,No,Yes,No,Month-to-month,Yes,Credit card (automatic),85.3,4297.95,No,0,49-60
8413-VONUO,Male,0,No,No,2,Yes,No,Fiber optic,No,Yes,No,No,Yes,Yes,Month-to-month,No,Electronic check,95.65,167.3,Yes,1,0-12
0872-CASZJ,Male,0,Yes,No,59,Yes,Yes,DSL,Yes,No,No,Yes,No,Yes,One year,Yes,Mailed check,69.1,4096.9,No,0,49-60
4726-DLWQN,Male,1,No,No,50,Yes,Yes,DSL,Yes,Yes,No,No,Yes,No,Month-to-month,Yes,Bank transfer (automatic),70.35,3454.6,No,0,49-60
8164-OCKUJ,Female,0,Yes,Yes,59,Yes,No,No,No internet service,No internet service,No internet service,No internet service,No internet service,No internet service,Two year,No,Mailed check,20.6,1286.0,No,0,49-60
3094-JOJAI,Male,0,No,No,18,Yes,Yes,Fiber optic,No,No,No,No,No,No,Month-to-month,No,Mailed check,74.15,1387.0,No,0,13-24
9494-MRNYX,Male,0,No,No,10,Yes,Yes,Fiber optic,No,No,No,No,No,No,Month-to-month,No,Electronic check,75.05,786.3,No,0,0-12
2599-CZABP,Male,0,Yes,No,14,Yes,No,DSL,No,No,No,No,No,No,One year,No,Electronic check,44.6,641.25,No,0,13-24
7945-PRBVF,Male,0,No,No,35,Yes,No,No,No internet service,No internet service,No internet service,No internet service,No internet service,No internet service,Two year,No,Bank transfer (automatic),21.45,705.45,No,0,25-36
4544-RXFMG,Male,0,Yes,Yes,8,Yes,No,DSL,No,No,No,No,No,No,One year,Yes,Mailed check,43.45,345.5,No,0,0-12
0859-YGKFW,Male,0,Yes,Yes,18,Yes,No,No,No internet service,No internet service,No internet service,No internet service,No internet service,No internet service,One year,No,Bank transfer (automatic),20.05,345.9,No,0,13-24
1150-FTQGN,Female,0,Yes,Yes,60,Yes,Yes,Fiber optic,Yes,Yes,No,No,Yes,No,One year,No,Bank transfer (automatic),94.15,5811.8,No,0,49-60
9223-UCPVT,Female,0,No,No,1,Yes,No,Fiber optic,No,No,Yes,No,Yes,Yes,Month-to-month,No,Electronic check,94.4,94.4,Yes,1,0-12
7196-LIWRH,Female,0,No,No,6,Yes,No,No,No internet service,No internet service,No internet service,No internet service,No internet service,No internet service,Two year,No,Mailed check,19.55,124.45,No,0,0-12
5448-VWNAM,Female,0,No,Yes,19,Yes,Yes,DSL,Yes,Yes,No,Yes,Yes,No,Month-to-month,Yes,Mailed check,75.9,1375.6,No,0,13-24
1177-XZBJL,Male,0,Yes,Yes,53,Yes,Yes,DSL,Yes,Yes,No,Yes,No,No,One year,No,Bank transfer (automatic),64.15,3491.55,No,0,49-60
3518-FSTWG,Male,1,Yes,No,72,Yes,Yes,Fiber optic,Yes,Yes,Yes,No,Yes,Yes,Two year,Yes,Bank transfer (automatic),109.55,7920.7,No,0,61-72
9330-VOFSZ,Female,0,Yes,No,60,Yes,Yes,Fiber optic,No,Yes,Yes,Yes,Yes,Yes,Two year,Yes,Credit card (automatic),110.8,6640.7,No,0,49-60
4351-QLCSU,Female,0,No,No,1,Yes,No,DSL,No,No,No,No,Yes,No,Month-to-month,Yes,Credit card (automatic),55.0,55.0,Yes,1,0-12
0939-EREMR,Female,0,No,Yes,13,Yes,No,DSL,No,No,Yes,Yes,No,No,Month-to-month,No,Mailed check,53.45,718.1,No,0,13-24
9389-ACWBI,Female,0,Yes,Yes,5,Yes,No,Fiber optic,No,No,No,No,No,No,Month-to-month,No,Credit card (automatic),69.95,320.4,No,0,0-12
5419-JPRRN,Male,0,No,No,1,Yes,Yes,Fiber optic,No,No,Yes,No,Yes,Yes,Month-to-month,Yes,Electronic check,101.45,101.45,Yes,1,0-12
3644-QXEHN,Male,0,Yes,Yes,13,Yes,No,Fiber optic,No,No,Yes,No,Yes,Yes,Month-to-month,No,Electronic check,97.0,1334.45,No,0,13-24
2911-IJORQ,Male,0,No,No,37,Yes,Yes,DSL,Yes,Yes,Yes,Yes,Yes,Yes,One year,Yes,Bank transfer (automatic),90.6,3358.65,No,0,37-48
5921-NGYRH,Male,0,Yes,No,64,Yes,No,Fiber optic,Yes,No,No,No,No,No,Month-to-month,Yes,Mailed check,73.55,4764.0,No,0,61-72
2100-BDNSN,Female,0,Yes,No,5,Yes,Yes,DSL,No,No,Yes,Yes,Yes,No,Month-to-month,No,Bank transfer (automatic),67.95,350.3,Yes,1,0-12
5998-DZLYR,Female,0,Yes,No,61,Yes,Yes,Fiber optic,No,Yes,No,Yes,No,Yes,Two year,Yes,Bank transfer (automatic),94.35,5703.0,No,0,61-72
0488-GSLFR,Female,0,No,No,1,Yes,No,Fiber optic,No,No,No,No,No,No,Month-to-month,Yes,Electronic check,69.5,69.5,Yes,1,0-12
9318-NKNFC,Male,0,No,No,1,Yes,No,No,No internet service,No internet service,No internet service,No internet service,No internet service,No internet service,Month-to-month,Yes,Mailed check,18.85,18.85,Yes,1,0-12
3985-HOYPM,Male,0,No,No,26,Yes,No,No,No internet service,No internet service,No internet service,No internet service,No internet service,No internet service,One year,No,Mailed check,19.4,525.55,No,0,25-36
9728-FTTVZ,Female,0,No,No,1,Yes,No,Fiber optic,No,No,No,No,No,No,Month-to-month,Yes,Electronic check,69.2,69.2,Yes,1,0-12
9548-LERKT,Male,0,Yes,No,24,Yes,No,No,No internet service,No internet service,No internet service,No internet service,No internet service,No internet service,Two year,No,Mailed check,19.75,483.15,No,0,13-24
6576-FBXOJ,Male,0,Yes,No,17,No,No phone service,DSL,No,No,Yes,Yes,Yes,Yes,One year,No,Electronic check,54.6,934.8,No,0,13-24
4310-KEDTB,Female,0,No,Yes,26,No,No phone service,DSL,No,No,Yes,No,No,No,Month-to-month,Yes,Mailed check,29.8,786.5,No,0,25-36
7254-IQWOZ,Male,0,No,No,1,Yes,No,Fiber optic,No,No,No,No,No,No,Month-to-month,Yes,Electronic check,69.65,69.65,Yes,1,0-12
2474-BRUCM,Male,1,Yes,No,40,Yes,Yes,Fiber optic,Yes,No,No,No,Yes,Yes,Month-to-month,No,Electronic check,101.85,4086.3,Yes,1,37-48
4062-HBMOS,Male,0,No,No,52,Yes,Yes,Fiber optic,No,Yes,Yes,No,Yes,Yes,Month-to-month,Yes,Electronic check,103.05,5364.8,No,0,49-60
0742-NXBGR,Female,0,No,No,1,Yes,No,Fiber optic,No,Yes,Yes,No,No,No,Month-to-month,Yes,Electronic check,82.3,82.3,Yes,1,0-12
2676-ISHSF,Male,0,No,No,1,Yes,No,No,No internet service,No internet service,No internet service,No internet service,No internet service,No internet service,Month-to-month,No,Mailed check,20.3,20.3,No,0,0-12
9236-NDUCW,Female,0,No,No,21,No,No phone service,DSL,Yes,No,No,Yes,No,No,Two year,No,Mailed check,35.1,770.4,No,0,13-24
4753-PADAS,Female,0,Yes,No,67,Yes,Yes,Fiber optic,No,Yes,Yes,No,Yes,Yes,One year,Yes,Bank transfer (automatic),105.7,6816.95,No,0,61-72
6103-QCKFX,Female,0,Yes,Yes,44,Yes,No,DSL,Yes,No,No,Yes,No,No,Month-to-month,No,Bank transfer (automatic),56.25,2419.55,No,0,37-48
7781-EWARA,Male,0,Yes,Yes,70,No,No phone service,DSL,No,Yes,Yes,Yes,Yes,Yes,One year,No,Electronic check,60.35,4138.7,No,0,61-72
6110-OHIHY,Male,0,No,No,3,Yes,No,Fiber optic,No,No,No,No,Yes,No,Month-to-month,No,Electronic check,79.25,267.6,Yes,1,0-12
7018-FPXHH,Male,0,Yes,Yes,56,Yes,No,DSL,Yes,Yes,Yes,No,No,No,Two year,Yes,Bank transfer (automatic),59.8,3457.45,No,0,49-60
5889-LFOLL,Female,0,No,No,13,Yes,Yes,Fiber optic,No,No,No,No,No,Yes,Month-to-month,Yes,Electronic check,84.6,1115.2,Yes,1,13-24
5708-EVONK,Female,0,Yes,Yes,58,Yes,Yes,Fiber optic,Yes,Yes,No,No,No,Yes,Month-to-month,Yes,Bank transfer (automatic),93.4,5435.6,Yes,1,49-60
8708-XPXHZ,Female,0,Yes,Yes,42,Yes,Yes,Fiber optic,No,No,No,No,Yes,Yes,Month-to-month,Yes,Electronic check,94.2,4186.3,Yes,1,37-48
0616-ATFGB,Male,1,Yes,No,1,No,No phone service,DSL,No,No,No,No,No,No,Month-to-month,No,Electronic check,25.05,25.05,Yes,1,0-12
0572-ZJKLT,Female,0,Yes,Yes,46,Yes,Yes,Fiber optic,Yes,No,Yes,Yes,No,Yes,Two year,No,Mailed check,99.65,4630.2,No,0,37-48
5135-RDDQL,Female,0,Yes,Yes,63,Yes,No,DSL,Yes,No,No,No,No,No,Two year,Yes,Bank transfer (automatic),50.65,3221.25,No,0,61-72
1353-LJWEM,Male,0,No,No,11,Yes,No,DSL,No,Yes,Yes,Yes,No,No,Month-to-month,Yes,Electronic check,60.9,688.5,No,0,0-12
1794-SWWKL,Male,0,Yes,Yes,15,Yes,Yes,DSL,No,No,Yes,Yes,No,No,Month-to-month,Yes,Bank transfer (automatic),59.65,867.1,No,0,13-24
6166-YIPFO,Male,0,Yes,No,72,No,No phone service,DSL,Yes,Yes,Yes,Yes,Yes,Yes,Two year,Yes,Electronic check,64.7,4746.05,No,0,61-72
7016-BPGEU,Female,0,No,No,29,No,No phone service,DSL,No,No,No,No,No,No,Month-to-month,Yes,Credit card (automatic),25.1,712.85,Yes,1,25-36
6876-ADESB,Male,0,No,Yes,1,Yes,No,DSL,No,No,Yes,No,No,No,Month-to-month,No,Electronic check,48.95,48.95,Yes,1,0-12
9332-GYWLO,Female,0,Yes,Yes,6,Yes,No,DSL,No,No,No,No,Yes,No,Month-to-month,No,Electronic check,54.85,355.1,No,0,0-12
1963-SVUCV,Male,0,No,No,1,Yes,No,DSL,No,No,No,No,No,No,Month-to-month,No,Electronic check,45.3,45.3,Yes,1,0-12
4184-VODJZ,Male,0,Yes,Yes,63,Yes,Yes,Fiber optic,No,Yes,No,No,No,Yes,One year,Yes,Electronic check,91.35,5764.7,No,0,61-72
0220-EBGCE,Male,0,No,No,2,Yes,No,Fiber optic,No,No,Yes,No,No,Yes,Month-to-month,Yes,Electronic check,85.85,167.3,Yes,1,0-12
1092-WPIVQ,Female,0,Yes,Yes,18,Yes,Yes,No,No internet service,No internet service,No internet service,No internet service,No internet service,No internet service,Two year,No,Mailed check,25.1,428.45,No,0,13-24
7233-IOQNP,Female,0,Yes,No,43,No,No phone service,DSL,Yes,No,No,Yes,No,No,Month-to-month,No,Bank transfer (automatic),34.0,1505.35,No,0,37-48
2834-JKOOW,Female,0,No,No,15,No,No phone service,DSL,Yes,Yes,Yes,Yes,No,No,One year,No,Mailed check,45.9,693.45,No,0,13-24
2754-VDLTR,Male,0,No,Yes,10,Yes,Yes,Fiber optic,No,No,No,No,Yes,Yes,Month-to-month,No,Electronic check,95.2,930.4,Yes,1,0-12
2400-FEQME,Male,0,Yes,Yes,55,Yes,No,No,No internet service,No internet service,No internet service,No internet service,No internet service,No internet service,Two year,No,Mailed check,20.5,1177.95,No,0,49-60
3190-XFANI,Male,0,No,Yes,49,Yes,Yes,Fiber optic,No,No,No,Yes,Yes,Yes,One year,Yes,Bank transfer (automatic),100.6,5069.65,Yes,1,49-60
7551-DACSP,Male,0,Yes,Yes,6,Yes,No,DSL,No,Yes,Yes,No,No,No,Month-to-month,Yes,Mailed check,55.3,324.25,Yes,1,0-12
4957-SREEC,Male,0,Yes,Yes,70,Yes,No,No,No internet service,No internet service,No internet service,No internet service,No internet service,No internet service,Two year,No,Credit card (automatic),20.35,1458.1,No,0,61-72
7235-NXZCP,Male,1,No,No,2,Yes,Yes,Fiber optic,No,No,No,No,No,No,Month-to-month,Yes,Mailed check,74.85,156.4,Yes,1,0-12
0230-UBYPQ,Male,1,Yes,No,63,No,No phone service,DSL,Yes,No,No,Yes,No,No,One year,No,Bank transfer (automatic),36.1,2298.9,No,0,61-72
4923-ADWXJ,Female,0,No,No,25,Yes,No,DSL,No,Yes,No,Yes,No,Yes,Month-to-month,Yes,Bank transfer (automatic),65.8,1679.65,No,0,25-36
1763-KUAAW,Female,1,No,No,18,Yes,No,No,No internet service,No internet service,No internet service,No internet service,No internet service,No internet service,One year,No,Bank transfer (automatic),20.35,369.6,No,0,13-24
1104-TNLZA,Male,1,Yes,No,28,Yes,Yes,Fiber optic,No,Yes,No,Yes,Yes,Yes,Month-to-month,Yes,Electronic check,105.8,2998.0,No,0,25-36
5195-KPUNQ,Female,1,No,No,53,Yes,No,Fiber optic,Yes,Yes,No,Yes,No,Yes,One year,Yes,Mailed check,96.75,5206.55,No,0,49-60
0520-FDVVT,Male,0,No,No,35,Yes,No,Fiber optic,No,Yes,Yes,No,Yes,Yes,One year,Yes,Bank transfer (automatic),102.35,3626.1,Yes,1,25-36
3439-GVUSX,Male,0,No,No,1,No,No phone service,DSL,No,No,No,No,No,No,Month-to-month,No,Mailed check,24.4,24.4,No,0,0-12
1444-VVSGW,Male,0,Yes,No,70,Yes,Yes,Fiber optic,Yes,Yes,Yes,Yes,Yes,Yes,One year,No,Credit card (automatic),115.65,7968.85,Yes,1,61-72
5712-PTIWW,Male,0,No,No,2,Yes,No,Fiber optic,No,No,Yes,Yes,No,No,Month-to-month,Yes,Electronic check,79.85,152.45,Yes,1,0-12
5949-HGVJL,Female,0,Yes,No,26,Yes,No,DSL,No,Yes,No,Yes,Yes,Yes,Month-to-month,Yes,Electronic check,73.05,1959.5,No,0,25-36
5203-XEHAX,Female,0,No,No,34,Yes,No,DSL,Yes,Yes,No,No,No,Yes,One year,No,Electronic check,64.35,2053.05,No,0,25-36
1635-HDGFT,Female,0,No,Yes,19,Yes,No,No,No internet service,No internet service,No internet service,No internet service,No internet service,No internet service,Two year,No,Mailed check,20.5,398.55,No,0,13-24
3315-TOTBP,Male,0,No,No,15,Yes,Yes,Fiber optic,No,No,No,No,No,No,Month-to-month,Yes,Mailed check,76.0,1130.85,Yes,1,13-24
8050-XGRVL,Female,0,Yes,Yes,62,Yes,No,DSL,Yes,No,Yes,No,No,No,One year,No,Credit card (automatic),54.75,3425.35,No,0,61-72
6661-HBGWL,Female,1,No,No,42,Yes,Yes,Fiber optic,No,Yes,Yes,No,Yes,Yes,Month-to-month,Yes,Bank transfer (automatic),104.75,4323.45,Yes,1,37-48
1518-VOWAV,Female,0,No,No,9,Yes,No,DSL,Yes,Yes,No,No,Yes,Yes,Month-to-month,Yes,Electronic check,74.65,703.55,Yes,1,0-12
9828-QHFBK,Male,0,No,No,24,Yes,No,DSL,Yes,No,No,No,No,No,Month-to-month,Yes,Electronic check,51.15,1275.7,No,0,13-24
3908-MKIMJ,Male,1,Yes,No,68,No,No phone service,DSL,Yes,Yes,Yes,No,No,No,Two year,Yes,Electronic check,41.95,2965.75,No,0,61-72
5012-YSPJJ,Male,0,Yes,Yes,31,Yes,No,DSL,No,No,Yes,Yes,No,No,Month-to-month,No,Mailed check,54.35,1647.0,No,0,25-36
5909-ECHUI,Female,0,No,No,1,Yes,No,DSL,No,No,No,No,No,Yes,Month-to-month,Yes,Electronic check,56.25,56.25,Yes,1,0-12
1309-BXVOQ,Male,0,Yes,No,21,Yes,Yes,Fiber optic,No,No,Yes,Yes,Yes,Yes,Month-to-month,Yes,Electronic check,106.1,2249.95,Yes,1,13-24
6728-VOIFY,Female,0,Yes,No,63,Yes,No,Fiber optic,No,Yes,No,No,Yes,Yes,One year,Yes,Electronic check,96.0,6109.75,No,0,61-72
9317-WZPGV,Female,1,No,No,2,Yes,No,Fiber optic,No,No,No,No,No,Yes,Month-to-month,Yes,Bank transfer (automatic),79.75,159.4,Yes,1,0-12
4891-NLUBA,Female,0,Yes,Yes,61,No,No phone service,DSL,No,Yes,Yes,Yes,Yes,Yes,Two year,Yes,Bank transfer (automatic),61.45,3751.15,No,0,61-72
2856-HYAPG,Female,0,No,No,1,Yes,No,Fiber optic,No,No,No,No,No,No,Month-to-month,No,Electronic check,68.65,68.65,Yes,1,0-12
8969-PRHFK,Male,0,No,No,18,Yes,No,No,No internet service,No internet service,No internet service,No internet service,No internet service,No internet service,One year,No,Mailed check,19.65,411.25,No,0,13-24
0661-KQHNK,Female,0,Yes,Yes,6,Yes,No,No,No internet service,No internet service,No internet service,No internet service,No internet service,No internet service,One year,No,Credit card (automatic),19.0,105.5,No,0,0-12
8709-KRDVL,Female,0,No,No,33,Yes,Yes,Fiber optic,No,Yes,No,No,Yes,Yes,Month-to-month,Yes,Electronic check,100.0,3320.6,No,0,25-36
4488-PSYCG,Male,0,No,No,16,Yes,No,No,No internet service,No internet service,No internet service,No internet service,No internet service,No internet service,Month-to-month,No,Bank transfer (automatic),20.25,327.45,Yes,1,13-24
1427-VERSM,Female,0,Yes,No,56,Yes,No,Fiber optic,No,No,Yes,Yes,Yes,Yes,Month-to-month,Yes,Electronic check,98.7,5669.5,No,0,49-60
9801-NOSHQ,Male,0,No,Yes,23,Yes,No,No,No internet service,No internet service,No internet service,No internet service,No internet service,No internet service,One year,No,Mailed check,19.8,465.45,No,0,13-24
6339-YPSAH,Male,0,No,No,9,Yes,No,Fiber optic,No,No,Yes,No,No,No,Month-to-month,Yes,Electronic check,73.8,704.3,No,0,0-12
3621-CEOVK,Female,1,Yes,No,14,Yes,Yes,Fiber optic,No,Yes,No,No,Yes,Yes,Month-to-month,Yes,Electronic check,100.2,1369.8,Yes,1,13-24
6906-ANDWJ,Male,0,Yes,Yes,15,Yes,Yes,Fiber optic,No,No,No,No,No,No,Month-to-month,Yes,Bank transfer (automatic),74.9,1107.25,Yes,1,13-24
2159-TURXX,Male,0,No,No,5,Yes,No,No,No internet service,No internet service,No internet service,No internet service,No internet service,No internet service,Month-to-month,No,Credit card (automatic),20.05,95.55,No,0,0-12
1548-FEHVL,Male,0,Yes,No,61,Yes,Yes,Fiber optic,Yes,Yes,No,No,Yes,Yes,Month-to-month,Yes,Electronic check,106.2,6375.2,No,0,61-72
3795-CAWEX,Male,0,Yes,Yes,70,Yes,Yes,Fiber optic,Yes,Yes,Yes,Yes,Yes,Yes,Two year,Yes,Credit card (automatic),116.55,8152.3,No,0,61-72
6215-NQCPY,Male,0,No,No,15,Yes,Yes,Fiber optic,Yes,No,No,No,Yes,Yes,Month-to-month,Yes,Electronic check,99.7,1566.75,No,0,13-24
5647-URDKA,Male,0,Yes,Yes,8,Yes,No,No,No internet service,No internet service,No internet service,No internet service,No internet service,No internet service,Two year,No,Mailed check,19.7,130.25,No,0,0-12
2229-DPMBI,Female,0,Yes,Yes,8,Yes,No,No,No internet service,No internet service,No internet service,No internet service,No internet service,No internet service,Two year,No,Mailed check,19.5,162.15,No,0,0-12
9626-WEQRM,Female,0,No,No,4,No,No phone service,DSL,Yes,No,No,No,No,No,Month-to-month,Yes,Mailed check,29.15,110.05,No,0,0-12
2188-SXWVT,Female,0,No,No,34,Yes,No,DSL,Yes,Yes,No,No,No,No,One year,No,Mailed check,55.0,1885.15,No,0,25-36
6258-PVZWJ,Male,0,Yes,No,68,Yes,Yes,DSL,Yes,Yes,Yes,Yes,Yes,Yes,Two year,Yes,Credit card (automatic),90.8,6302.85,No,0,61-72
1094-BKOSX,Female,0,Yes,Yes,45,No,No phone service,DSL,No,Yes,Yes,Yes,No,Yes,One year,No,Bank transfer (automatic),51.0,2264.5,No,0,37-48
6969-MVBAI,Female,1,No,No,9,Yes,Yes,Fiber optic,No,No,Yes,No,Yes,No,Month-to-month,Yes,Electronic check,90.1,816.8,No,0,0-12
2978-XXSOG,Female,0,No,No,22,Yes,Yes,DSL,Yes,No,No,Yes,No,No,Month-to-month,Yes,Mailed check,59.05,1253.5,No,0,13-24
2342-CKIAO,Female,0,No,No,2,Yes,No,No,No internet service,No internet service,No internet service,No internet service,No internet service,No internet service,Month-to-month,No,Mailed check,20.3,41.2,No,0,0-12
6953-PBDIN,Male,0,Yes,No,70,Yes,Yes,DSL,No,Yes,Yes,Yes,Yes,No,Two year,No,Bank transfer (automatic),72.95,5265.55,No,0,61-72
3898-BSJYF,Female,0,No,Yes,10,Yes,Yes,DSL,Yes,No,Yes,Yes,No,Yes,One year,No,Credit card (automatic),73.55,693.3,No,0,0-12
3938-YFPXD,Male,0,No,No,72,Yes,Yes,DSL,Yes,No,Yes,Yes,Yes,Yes,Two year,No,Credit card (automatic),84.3,5997.1,No,0,61-72
7696-AMHOD,Female,0,Yes,Yes,49,Yes,No,DSL,No,Yes,Yes,No,Yes,Yes,One year,No,Credit card (automatic),78.0,3824.2,No,0,49-60
2453-SAFNS,Female,1,No,No,54,Yes,Yes,DSL,No,Yes,No,Yes,Yes,No,One year,No,Mailed check,72.1,3886.05,No,0,49-60
9558-IHEZX,Female,0,No,No,71,Yes,Yes,Fiber optic,Yes,Yes,Yes,No,Yes,Yes,Two year,Yes,Credit card (automatic),106.75,7283.25,No,0,61-72
9617-UDPEU,Female,0,No,No,22,Yes,No,No,No internet service,No internet service,No internet service,No internet service,No internet service,No internet service,One year,Yes,Mailed check,19.25,412.55,No,0,13-24
6340-DACFT,Female,0,Yes,Yes,50,Yes,No,No,No internet service,No internet service,No internet service,No internet service,No internet service,No internet service,Two year,No,Credit card (automatic),20.55,1070.25,No,0,49-60
4955-VCWBI,Female,0,Yes,Yes,43,Yes,No,No,No internet service,No internet service,No internet service,No internet service,No internet service,No internet service,One year,No,Mailed check,20.0,817.95,No,0,37-48
6813-GZQCG,Female,0,Yes,Yes,45,Yes,Yes,No,No internet service,No internet service,No internet service,No internet service,No internet service,No internet service,Two year,Yes,Credit card (automatic),24.65,1171.3,No,0,37-48
7426-GSWPO,Male,1,No,No,64,Yes,Yes,Fiber optic,Yes,Yes,No,No,Yes,Yes,Month-to-month,Yes,Bank transfer (automatic),103.5,6548.65,No,0,61-72
3389-KTRXV,Female,0,Yes,Yes,23,Yes,Yes,No,No internet service,No internet service,No internet service,No internet service,No internet service,No internet service,Two year,No,Mailed check,23.85,625.65,No,0,13-24
3118-UHVVQ,Female,0,Yes,No,68,Yes,Yes,No,No internet service,No internet service,No internet service,No internet service,No internet service,No internet service,Two year,No,Credit card (automatic),25.8,1911.5,No,0,61-72
1031-IIDEO,Female,0,No,No,1,Yes,No,Fiber optic,No,No,No,No,No,No,Month-to-month,Yes,Electronic check,70.85,70.85,Yes,1,0-12
5832-XKAES,Male,0,No,No,2,Yes,No,Fiber optic,No,No,No,No,No,No,Month-to-month,Yes,Credit card (automatic),69.8,134.7,Yes,1,0-12
3205-MXZRA,Male,0,No,No,26,Yes,No,DSL,No,No,No,Yes,Yes,No,One year,No,Credit card (automatic),59.45,1507.0,No,0,25-36
4701-AHWMW,Male,0,Yes,No,55,No,No phone service,DSL,No,No,Yes,Yes,Yes,Yes,Month-to-month,Yes,Bank transfer (automatic),54.55,2978.3,Yes,1,49-60
8317-BVKSO,Male,0,No,No,14,Yes,No,No,No internet service,No internet service,No internet service,No internet service,No internet service,No internet service,Month-to-month,Yes,Electronic check,20.05,299.3,No,0,13-24
5702-KVQRD,Male,0,Yes,No,71,Yes,No,DSL,Yes,No,Yes,Yes,Yes,Yes,Two year,Yes,Electronic check,82.55,5832.65,No,0,61-72
0083-PIVIK,Male,0,No,No,64,Yes,Yes,DSL,Yes,Yes,Yes,Yes,Yes,No,One year,No,Electronic check,81.25,5567.55,No,0,61-72
9210-IAHGH,Female,0,No,No,7,Yes,No,DSL,No,No,No,Yes,Yes,Yes,Month-to-month,Yes,Credit card (automatic),70.75,450.8,Yes,1,0-12
6169-PGNCD,Female,0,No,No,57,Yes,No,DSL,Yes,Yes,Yes,Yes,Yes,No,Two year,Yes,Credit card (automatic),74.3,4166.35,No,0,49-60
0023-XUOPT,Female,0,Yes,No,13,Yes,Yes,Fiber optic,No,Yes,Yes,No,Yes,No,Month-to-month,No,Electronic check,94.1,1215.6,Yes,1,13-24
4592-IWTJI,Female,0,Yes,Yes,3,No,No phone service,DSL,Yes,No,No,No,No,No,Month-to-month,No,Credit card (automatic),29.7,91.7,Yes,1,0-12
4909-JOUPP,Male,1,Yes,No,72,Yes,Yes,Fiber optic,No,Yes,Yes,Yes,Yes,Yes,Two year,No,Credit card (automatic),109.7,7898.45,No,0,61-72
4657-FWVFY,Female,0,Yes,Yes,40,Yes,Yes,Fiber optic,No,Yes,Yes,No,Yes,No,Month-to-month,Yes,Credit card (automatic),96.35,3915.4,No,0,37-48
2257-BOVXD,Male,0,Yes,No,14,Yes,Yes,DSL,No,No,No,Yes,Yes,No,Month-to-month,Yes,Credit card (automatic),66.6,979.5,No,0,13-24
7729-JTEEC,Male,0,Yes,Yes,2,Yes,No,DSL,No,No,No,No,No,No,Month-to-month,Yes,Electronic check,44.5,90.05,No,0,0-12
7632-MNYOY,Male,1,No,No,66,Yes,Yes,Fiber optic,No,Yes,Yes,Yes,Yes,Yes,One year,No,Credit card (automatic),110.9,7432.05,Yes,1,61-72
6518-LGAOV,Female,0,Yes,No,38,Yes,Yes,Fiber optic,No,No,Yes,Yes,Yes,Yes,Month-to-month,Yes,Electronic check,105.0,4026.4,Yes,1,37-48
7242-QZLXF,Male,0,No,Yes,1,No,No phone service,DSL,No,No,No,No,No,No,Month-to-month,Yes,Electronic check,25.3,25.3,Yes,1,0-12
4576-CSAJH,Male,0,No,No,22,Yes,No,DSL,No,Yes,No,Yes,No,No,One year,Yes,Credit card (automatic),55.15,1193.05,Yes,1,13-24
1000-AJSLD,Male,0,No,No,1,Yes,No,No,No internet service,No internet service,No internet service,No internet service,No internet service,No internet service,Month-to-month,Yes,Mailed check,20.1,20.1,Yes,1,0-12
9696-RMYBA,Male,0,No,No,5,Yes,No,Fiber optic,No,No,No,No,Yes,No,Month-to-month,Yes,Mailed check,80.1,398.55,No,0,0-12
8690-UPCZI,Male,0,Yes,Yes,29,Yes,Yes,DSL,Yes,No,No,Yes,Yes,No,One year,No,Bank transfer (automatic),69.05,1958.45,No,0,25-36
1062-LHZOD,Male,0,Yes,Yes,1,Yes,No,Fiber optic,No,No,No,No,No,No,Month-to-month,Yes,Mailed check,69.9,69.9,Yes,1,0-12
9770-LXDBK,Female,0,No,No,3,Yes,No,No,No internet service,No internet service,No internet service,No internet service,No internet service,No internet service,Month-to-month,No,Mailed check,20.4,63.15,No,0,0-12
4086-WITJG,Male,0,Yes,Yes,71,Yes,No,No,No internet service,No internet service,No internet service,No internet service,No internet service,No internet service,Two year,No,Credit card (automatic),19.7,1301.1,No,0,61-72
8344-WFMFH,Male,0,No,Yes,9,Yes,No,DSL,No,Yes,No,No,No,No,Month-to-month,Yes,Electronic check,50.1,484.05,No,0,0-12
9600-NAXZN,Male,0,No,No,43,Yes,Yes,Fiber optic,No,Yes,No,No,Yes,Yes,Month-to-month,Yes,Electronic check,101.4,4528.0,Yes,1,37-48
8822-KNBHV,Female,0,No,No,48,Yes,Yes,DSL,Yes,Yes,Yes,No,Yes,Yes,One year,Yes,Credit card (automatic),83.45,3887.85,No,0,37-48
8404-FYDIB,Male,0,No,No,26,Yes,Yes,Fiber optic,Yes,Yes,No,No,No,No,Month-to-month,Yes,Credit card (automatic),86.65,2208.75,No,0,25-36
2791-SFVEW,Female,0,No,No,9,Yes,No,No,No internet service,No internet service,No internet service,No internet service,No internet service,No internet service,Month-to-month,No,Bank transfer (automatic),20.15,238.15,No,0,0-12
6457-USBER,Male,0,No,No,1,Yes,No,Fiber optic,No,No,No,No,No,Yes,Month-to-month,Yes,Electronic check,80.8,80.8,Yes,1,0-12
6762-NSODU,Female,0,Yes,Yes,46,Yes,No,No,No internet service,No internet service,No internet service,No internet service,No internet service,No internet service,Two year,No,Credit card (automatic),19.4,958.15,No,0,37-48
4662-EKDPQ,Male,0,No,No,2,Yes,Yes,DSL,No,No,No,No,No,Yes,Month-to-month,No,Bank transfer (automatic),62.05,118.3,Yes,1,0-12
9248-OJYKK,Male,1,No,No,1,Yes,Yes,Fiber optic,No,No,No,No,No,No,Month-to-month,Yes,Electronic check,76.45,76.45,Yes,1,0-12
9888-ZCUMM,Male,0,Yes,Yes,64,No,No phone service,DSL,Yes,No,Yes,Yes,Yes,Yes,Two year,Yes,Bank transfer (automatic),60.05,3845.45,No,0,61-72
3398-FSHON,Female,1,No,No,12,Yes,Yes,Fiber optic,No,Yes,No,No,Yes,No,Month-to-month,Yes,Electronic check,91.3,1094.5,Yes,1,0-12
3319-DWOEP,Male,1,Yes,No,6,Yes,No,Fiber optic,No,No,Yes,No,Yes,Yes,Month-to-month,Yes,Electronic check,95.75,573.75,Yes,1,0-12
1074-WVEVG,Female,0,Yes,No,59,Yes,No,No,No internet service,No internet service,No internet service,No internet service,No internet service,No internet service,One year,No,Mailed check,20.35,1267.0,No,0,49-60
9979-RGMZT,Female,0,No,No,7,Yes,No,Fiber optic,No,Yes,No,No,Yes,Yes,One year,Yes,Mailed check,94.05,633.45,No,0,0-12
6437-UDQJM,Female,1,Yes,No,72,Yes,Yes,DSL,Yes,Yes,Yes,No,Yes,Yes,Two year,Yes,Credit card (automatic),84.1,6129.65,No,0,61-72
1226-IENZN,Male,1,No,No,16,Yes,No,Fiber optic,No,No,No,No,No,Yes,Month-to-month,Yes,Electronic check,78.75,1218.25,No,0,13-24
2108-GLPQB,Male,0,Yes,No,25,Yes,Yes,DSL,No,No,Yes,No,No,No,Month-to-month,No,Credit card (automatic),55.55,1405.3,No,0,25-36
9259-PACGQ,Female,0,Yes,No,34,Yes,Yes,DSL,Yes,Yes,No,Yes,No,No,Month-to-month,No,Electronic check,62.65,2274.9,Yes,1,25-36
4415-IJZTP,Female,0,No,No,1,Yes,Yes,Fiber optic,No,No,No,No,No,No,Month-to-month,Yes,Electronic check,74.5,74.5,Yes,1,0-12
1465-VINDH,Female,0,Yes,Yes,10,Yes,Yes,Fiber optic,No,Yes,Yes,No,Yes,Yes,Month-to-month,Yes,Credit card (automatic),102.1,1068.85,Yes,1,0-12
5474-LAMUQ,Male,0,Yes,No,24,Yes,No,No,No internet service,No internet service,No internet service,No internet service,No internet service,No internet service,One year,No,Mailed check,20.1,533.9,No,0,13-24
3468-DRVQJ,Female,0,Yes,Yes,10,Yes,Yes,DSL,Yes,Yes,No,No,Yes,No,One year,No,Electronic check,70.3,676.15,No,0,0-12
1122-YJBCS,Male,0,Yes,No,69,Yes,No,DSL,Yes,Yes,No,No,No,No,One year,Yes,Credit card (automatic),53.65,3804.4,No,0,61-72
4990-ALDGW,Male,0,No,No,57,Yes,No,No,No internet service,No internet service,No internet service,No internet service,No internet service,No internet service,Two year,No,Mailed check,20.75,1118.8,No,0,49-60
4816-OKWNX,Male,0,Yes,Yes,50,Yes,No,Fiber optic,No,Yes,Yes,Yes,Yes,Yes,One year,Yes,Bank transfer (automatic),103.4,5236.4,No,0,49-60
3315-IKYZQ,Male,0,Yes,Yes,28,No,No phone service,DSL,Yes,No,Yes,Yes,Yes,No,One year,No,Mailed check,50.8,1386.8,No,0,25-36
2810-FTLEM,Female,0,No,No,16,Yes,No,DSL,Yes,No,No,No,No,No,Month-to-month,Yes,Electronic check,50.15,762.25,Yes,1,13-24
4747-LCAQL,Male,0,No,No,25,Yes,No,DSL,Yes,Yes,No,Yes,Yes,Yes,Month-to-month,Yes,Mailed check,79.0,1902.0,No,0,25-36
3411-WLRSQ,Female,1,Yes,No,3,Yes,No,Fiber optic,No,Yes,No,No,No,No,Month-to-month,Yes,Bank transfer (automatic),74.6,239.05,No,0,0-12
0898-XCGTF,Male,0,Yes,No,61,Yes,Yes,Fiber optic,No,No,No,No,Yes,Yes,One year,Yes,Bank transfer (automatic),96.5,5673.7,No,0,61-72
8006-PYCSW,Female,0,No,No,2,Yes,No,No,No internet service,No internet service,No internet service,No internet service,No internet service,No internet service,Month-to-month,No,Mailed check,20.1,39.8,No,0,0-12
8249-THVEC,Male,0,Yes,Yes,51,Yes,No,No,No internet service,No internet service,No internet service,No internet service,No internet service,No internet service,One year,No,Mailed check,19.4,997.75,No,0,49-60
8722-PRFDV,Female,0,Yes,Yes,71,Yes,No,DSL,Yes,No,Yes,No,Yes,Yes,Two year,No,Credit card (automatic),77.55,5574.35,No,0,61-72
2164-SOQXL,Female,0,Yes,Yes,20,Yes,No,No,No internet service,No internet service,No internet service,No internet service,No internet service,No internet service,Month-to-month,No,Mailed check,20.05,406.05,No,0,13-24
4020-KIUDI,Male,0,Yes,Yes,6,Yes,No,No,No internet service,No internet service,No internet service,No internet service,No internet service,No internet service,Month-to-month,No,Credit card (automatic),19.85,138.85,No,0,0-12
5850-BDWCY,Female,0,No,No,6,Yes,No,No,No internet service,No internet service,No internet service,No internet service,No internet service,No internet service,Month-to-month,No,Mailed check,20.2,123.65,No,0,0-12
2038-YSEZE,Female,0,No,No,29,Yes,Yes,DSL,Yes,Yes,No,Yes,No,No,Month-to-month,No,Mailed check,67.45,1801.1,No,0,25-36
0827-ITJPH,Male,0,No,No,36,Yes,No,No,No internet service,No internet service,No internet service,No internet service,No internet service,No internet service,Two year,Yes,Credit card (automatic),18.55,689.0,No,0,25-36
8799-OXZMD,Female,0,No,No,28,No,No phone service,DSL,No,No,Yes,No,No,No,Month-to-month,Yes,Mailed check,29.75,790.7,No,0,25-36
1925-TIBLE,Female,0,Yes,No,7,Yes,Yes,Fiber optic,No,No,No,No,Yes,No,Month-to-month,Yes,Electronic check,86.5,582.5,Yes,1,0-12
1705-GUHPV,Female,0,No,No,63,Yes,Yes,No,No internet service,No internet service,No internet service,No internet service,No internet service,No internet service,Two year,No,Mailed check,24.2,1618.2,No,0,61-72
4779-ZGICK,Male,0,Yes,Yes,48,Yes,Yes,No,No internet service,No internet service,No internet service,No internet service,No internet service,No internet service,Two year,No,Mailed check,23.55,1173.35,No,0,37-48
0048-PIHNL,Female,0,Yes,No,49,Yes,No,No,No internet service,No internet service,No internet service,No internet service,No internet service,No internet service,One year,No,Bank transfer (automatic),20.45,900.9,No,0,49-60
0818-OCPZO,Male,1,No,No,27,Yes,Yes,Fiber optic,No,Yes,No,No,No,No,Month-to-month,Yes,Electronic check,81.45,2122.05,Yes,1,25-36
3967-KXAPS,Male,0,Yes,No,72,Yes,Yes,DSL,Yes,Yes,Yes,Yes,Yes,Yes,Two year,No,Credit card (automatic),92.3,6719.9,No,0,61-72
1447-GIQMR,Male,0,Yes,No,1,Yes,No,Fiber optic,No,No,No,No,No,No,Month-to-month,Yes,Electronic check,69.15,69.15,Yes,1,0-12
3704-IEAXF,Female,0,Yes,Yes,72,No,No phone service,DSL,No,Yes,No,Yes,Yes,Yes,Two year,No,Credit card (automatic),53.65,3784.0,No,0,61-72
6810-VCAEX,Female,0,No,No,47,No,No phone service,DSL,Yes,Yes,No,Yes,No,No,One year,No,Credit card (automatic),39.65,1798.65,No,0,37-48
0674-EYYZV,Female,0,No,No,1,Yes,No,DSL,No,No,No,No,Yes,No,Month-to-month,Yes,Electronic check,54.65,54.65,No,0,0-12
4480-MBMLB,Female,0,No,No,36,Yes,Yes,Fiber optic,No,Yes,Yes,No,Yes,Yes,One year,Yes,Bank transfer (automatic),104.8,3886.45,No,0,25-36
1395-OFUWC,Male,0,Yes,Yes,43,No,No phone service,DSL,No,Yes,No,No,No,No,Month-to-month,No,Credit card (automatic),29.3,1224.05,No,0,37-48
0822-QGCXA,Female,1,Yes,No,27,Yes,Yes,DSL,No,Yes,Yes,Yes,Yes,Yes,Month-to-month,No,Electronic check,83.85,2310.2,No,0,25-36
0872-NXJYS,Female,0,No,No,9,Yes,No,Fiber optic,No,No,No,No,No,Yes,Month-to-month,Yes,Electronic check,79.55,723.4,Yes,1,0-12
2832-KJCRD,Female,0,No,No,38,Yes,Yes,Fiber optic,No,No,Yes,Yes,Yes,Yes,Month-to-month,Yes,Electronic check,103.65,3988.5,No,0,37-48
3588-WSTTJ,Female,1,No,No,35,Yes,Yes,Fiber optic,Yes,No,No,No,Yes,Yes,Month-to-month,Yes,Electronic check,99.05,3554.6,No,0,25-36
4075-WKNIU,Female,0,Yes,Yes,0,Yes,Yes,DSL,No,Yes,Yes,Yes,Yes,No,Two year,No,Mailed check,73.35,,No,0,0-12
5090-EMGTC,Female,0,Yes,No,59,Yes,No,Fiber optic,No,Yes,No,Yes,Yes,Yes,Two year,Yes,Mailed check,100.05,6034.85,No,0,49-60
2346-CZYIL,Male,0,No,No,27,Yes,No,No,No internet service,No internet service,No internet service,No internet service,No internet service,No internet service,Two year,No,Credit card (automatic),20.35,531.6,No,0,25-36
3798-EPWRR,Female,1,No,No,2,Yes,No,DSL,No,No,No,No,No,No,Month-to-month,No,Electronic check,43.95,85.1,No,0,0-12
6258-NGCNG,Male,0,No,No,7,Yes,Yes,No,No internet service,No internet service,No internet service,No internet service,No internet service,No internet service,Month-to-month,No,Mailed check,23.5,173.0,No,0,0-12
4186-ZBUEW,Female,0,No,No,36,Yes,Yes,DSL,No,Yes,No,Yes,No,Yes,One year,Yes,Mailed check,70.7,2511.95,No,0,25-36
5274-XHAKY,Female,0,Yes,Yes,41,Yes,Yes,Fiber optic,Yes,Yes,No,No,Yes,No,Month-to-month,Yes,Bank transfer (automatic),94.3,3893.6,No,0,37-48
1442-BQPVU,Female,0,No,No,13,No,No phone service,DSL,No,Yes,No,No,No,No,Month-to-month,No,Electronic check,29.15,357.15,No,0,13-24
3978-YNKDD,Male,0,No,Yes,19,Yes,No,No,No internet service,No internet service,No internet service,No internet service,No internet service,No internet service,Two year,No,Credit card (automatic),20.85,467.5,No,0,13-24
4940-KHCWD,Female,0,Yes,No,60,No,No phone service,DSL,Yes,Yes,No,Yes,No,No,Two year,No,Bank transfer (automatic),37.7,2288.7,No,0,49-60
9412-ARGBX,Female,0,No,Yes,48,Yes,No,Fiber optic,No,Yes,Yes,Yes,Yes,No,Two year,Yes,Mailed check,95.5,4627.85,Yes,1,37-48
1389-CXMLU,Male,1,No,No,3,Yes,Yes,Fiber optic,No,No,Yes,No,Yes,No,Month-to-month,No,Electronic check,91.05,289.1,Yes,1,0-12
9589-ABEPT,Male,0,Yes,No,69,Yes,Yes,Fiber optic,No,Yes,No,Yes,Yes,No,Two year,Yes,Mailed check,92.45,6460.55,No,0,61-72
9388-ZEYVT,Male,0,No,No,43,No,No phone service,DSL,No,No,Yes,Yes,No,Yes,One year,No,Electronic check,44.15,1931.3,No,0,37-48
0305-SQECB,Female,0,No,Yes,11,No,No phone service,DSL,Yes,No,No,Yes,No,No,One year,Yes,Mailed check,36.05,402.6,No,0,0-12
7605-SNLQG,Female,0,Yes,No,45,Yes,No,DSL,No,No,Yes,No,No,No,Month-to-month,Yes,Credit card (automatic),50.25,2221.55,No,0,37-48
4670-TABXH,Male,0,Yes,No,72,Yes,Yes,Fiber optic,No,Yes,Yes,Yes,Yes,Yes,Two year,Yes,Credit card (automatic),109.75,7758.9,No,0,61-72
5561-NWEVX,Female,1,Yes,No,2,Yes,Yes,Fiber optic,No,No,Yes,No,No,No,Month-to-month,No,Electronic check,79.2,172.85,Yes,1,0-12
0064-SUDOG,Female,0,Yes,Yes,12,Yes,No,No,No internet service,No internet service,No internet service,No internet service,No internet service,No internet service,Two year,No,Bank transfer (automatic),20.3,224.5,No,0,0-12
8561-NMTBD,Female,0,Yes,Yes,67,Yes,Yes,Fiber optic,No,Yes,Yes,Yes,Yes,Yes,One year,Yes,Credit card (automatic),112.35,7388.45,No,0,61-72
5161-XEUVX,Male,0,Yes,No,37,Yes,Yes,Fiber optic,No,No,Yes,Yes,Yes,No,Two year,No,Mailed check,94.3,3460.95,No,0,37-48
8292-FRFZQ,Female,0,No,No,39,No,No phone service,DSL,Yes,Yes,No,Yes,No,No,One year,No,Bank transfer (automatic),41.15,1700.9,No,0,37-48
8591-NXRCV,Female,0,No,No,41,Yes,Yes,DSL,Yes,No,Yes,Yes,No,Yes,Month-to-month,Yes,Bank transfer (automatic),74.65,3090.65,No,0,37-48
7895-VONWT,Female,0,No,No,25,No,No phone service,DSL,No,No,Yes,No,Yes,Yes,Month-to-month,Yes,Electronic check,48.25,1293.8,No,0,25-36
4526-RMTLL,Male,0,Yes,Yes,8,Yes,Yes,DSL,Yes,Yes,No,Yes,No,Yes,Two year,Yes,Credit card (automatic),76.15,645.8,No,0,0-12
6253-GNHWH,Female,0,Yes,Yes,71,Yes,Yes,DSL,Yes,Yes,Yes,Yes,No,No,Two year,No,Mailed check,71.1,5224.95,No,0,61-72
4566-NECEV,Male,0,No,No,5,Yes,Yes,Fiber optic,No,Yes,Yes,No,No,Yes,Month-to-month,No,Electronic check,96.55,500.1,No,0,0-12
8080-POTJR,Female,0,No,No,30,Yes,Yes,DSL,Yes,No,Yes,No,Yes,Yes,One year,Yes,Credit card (automatic),79.3,2427.1,No,0,25-36
6906-MPARY,Male,0,No,No,40,Yes,No,Fiber optic,No,Yes,No,Yes,No,Yes,One year,Yes,Credit card (automatic),89.6,3488.15,No,0,37-48
3662-FXJFO,Female,0,No,No,54,Yes,No,No,No internet service,No internet service,No internet service,No internet service,No internet service,No internet service,Two year,Yes,Mailed check,20.5,1035.7,No,0,49-60
8107-RZLNV,Male,0,Yes,No,72,Yes,Yes,Fiber optic,No,Yes,Yes,No,Yes,Yes,Two year,Yes,Bank transfer (automatic),106.3,7565.35,No,0,61-72
0516-OOHAR,Male,0,Yes,Yes,28,Yes,No,Fiber optic,No,Yes,Yes,No,Yes,Yes,One year,No,Bank transfer (automatic),100.35,2799.0,No,0,25-36
2027-CWDNU,Male,0,Yes,Yes,18,Yes,No,Fiber optic,No,No,No,Yes,No,Yes,Month-to-month,Yes,Electronic check,85.6,1601.5,No,0,13-24
2737-WFVYW,Female,0,No,No,2,No,No phone service,DSL,No,No,No,No,Yes,Yes,Month-to-month,Yes,Electronic check,45.25,85.5,Yes,1,0-12
9912-OMZDS,Female,0,Yes,Yes,59,Yes,Yes,Fiber optic,No,Yes,Yes,No,Yes,Yes,One year,Yes,Electronic check,106.15,6256.2,No,0,49-60
3733-ZEECP,Male,0,Yes,Yes,22,Yes,No,DSL,No,No,No,Yes,No,No,Month-to-month,Yes,Electronic check,51.1,1232.9,No,0,13-24
7878-RTCZG,Female,0,No,No,1,Yes,No,No,No internet service,No internet service,No internet service,No internet service,No internet service,No internet service,Month-to-month,No,Mailed check,19.9,19.9,No,0,0-12
2452-MRMZF,Female,1,Yes,No,72,Yes,Yes,No,No internet service,No internet service,No internet service,No internet service,No internet service,No internet service,Two year,Yes,Credit card (automatic),25.7,1937.4,No,0,61-72
2272-QAGFO,Female,1,No,No,14,Yes,Yes,Fiber optic,No,No,No,No,No,No,Month-to-month,Yes,Electronic check,74.3,1096.25,Yes,1,13-24
7103-IPXPJ,Male,0,Yes,No,50,Yes,Yes,Fiber optic,No,No,No,Yes,Yes,Yes,One year,No,Electronic check,99.4,5059.75,No,0,49-60
4342-HFXWS,Female,0,Yes,Yes,48,Yes,No,DSL,Yes,No,Yes,Yes,Yes,No,One year,No,Bank transfer (automatic),69.7,3023.65,No,0,37-48
3545-CNWRG,Female,0,Yes,Yes,49,Yes,Yes,Fiber optic,No,Yes,No,No,Yes,Yes,Month-to-month,Yes,Electronic check,98.35,4889.2,No,0,49-60
1785-BPHTP,Male,0,Yes,Yes,28,Yes,No,Fiber optic,No,No,Yes,No,Yes,No,Month-to-month,No,Electronic check,85.45,2289.9,No,0,25-36
4989-LIXVT,Male,1,No,No,68,Yes,Yes,Fiber optic,No,Yes,Yes,No,No,Yes,Month-to-month,Yes,Electronic check,95.9,6503.2,No,0,61-72
7315-WYOAW,Male,0,No,No,13,Yes,Yes,Fiber optic,No,No,No,Yes,Yes,Yes,Month-to-month,No,Electronic check,100.75,1313.25,No,0,13-24
1173-XZPYF,Female,0,No,No,11,Yes,Yes,Fiber optic,No,No,Yes,No,Yes,No,Month-to-month,Yes,Electronic check,89.2,990.3,No,0,0-12
9850-OWRHQ,Female,0,Yes,No,3,Yes,Yes,Fiber optic,No,No,No,No,No,No,Month-to-month,Yes,Credit card (automatic),74.1,228.0,Yes,1,0-12
3768-NLUBH,Male,1,Yes,No,57,Yes,Yes,Fiber optic,No,No,Yes,No,Yes,Yes,Month-to-month,No,Electronic check,100.6,5746.15,Yes,1,49-60
8676-TRMJS,Male,0,No,No,3,Yes,Yes,Fiber optic,No,No,No,No,No,No,Month-to-month,No,Mailed check,75.0,209.1,Yes,1,0-12
2509-TFPJU,Male,0,Yes,No,72,Yes,Yes,No,No internet service,No internet service,No internet service,No internet service,No internet service,No internet service,Two year,No,Credit card (automatic),25.75,1864.2,No,0,61-72
9530-GRMJG,Male,0,Yes,Yes,70,Yes,Yes,DSL,No,Yes,Yes,Yes,Yes,Yes,Two year,Yes,Electronic check,84.1,5979.7,No,0,61-72
6898-RBTLU,Female,0,Yes,Yes,49,Yes,Yes,DSL,No,Yes,No,Yes,Yes,Yes,Two year,No,Bank transfer (automatic),79.3,3902.45,No,0,49-60
5481-NTDOH,Female,1,Yes,No,67,Yes,Yes,Fiber optic,Yes,No,Yes,No,Yes,Yes,One year,Yes,Credit card (automatic),107.05,7142.5,No,0,61-72
2068-WWXQZ,Male,0,No,No,46,Yes,No,No,No internet service,No internet service,No internet service,No internet service,No internet service,No internet service,Two year,No,Bank transfer (automatic),20.05,902.0,No,0,37-48
7359-SSBJK,Female,1,No,No,64,Yes,No,DSL,Yes,Yes,No,Yes,Yes,No,Two year,Yes,Credit card (automatic),70.2,4481.0,Yes,1,61-72
2061-VVFST,Female,0,Yes,No,37,Yes,No,No,No internet service,No internet service,No internet service,No internet service,No internet service,No internet service,Month-to-month,No,Bank transfer (automatic),19.5,805.2,No,0,37-48
0685-MLYYM,Female,1,No,No,2,Yes,No,Fiber optic,No,No,No,No,No,No,Month-to-month,No,Electronic check,70.75,154.85,Yes,1,0-12
0749-IRGQE,Female,1,Yes,No,13,No,No phone service,DSL,No,No,No,No,Yes,Yes,Month-to-month,No,Electronic check,45.3,528.45,No,0,13-24
2380-DAMQP,Female,0,Yes,No,72,Yes,Yes,Fiber optic,Yes,Yes,Yes,Yes,Yes,Yes,Two year,No,Electronic check,115.15,8349.7,No,0,61-72
2256-YLYLP,Male,0,Yes,Yes,68,Yes,No,DSL,No,No,Yes,Yes,Yes,Yes,Two year,Yes,Bank transfer (automatic),72.95,4953.25,No,0,61-72
1272-ILHFG,Male,0,Yes,Yes,15,Yes,No,No,No internet service,No internet service,No internet service,No internet service,No internet service,No internet service,One year,No,Mailed check,19.65,332.65,No,0,13-24
0164-XAIRP,Female,0,No,No,24,Yes,No,No,No internet service,No internet service,No internet service,No internet service,No internet service,No internet service,Two year,Yes,Bank transfer (automatic),19.55,470.2,No,0,13-24
5666-CYCYZ,Female,0,No,No,24,Yes,Yes,Fiber optic,No,No,No,Yes,No,Yes,Month-to-month,Yes,Electronic check,89.55,2259.35,No,0,13-24
4011-ARPHK,Male,0,No,No,27,Yes,No,DSL,Yes,No,No,No,No,No,Month-to-month,No,Mailed check,50.35,1411.35,No,0,25-36
8182-PNAGI,Male,0,No,No,12,Yes,No,DSL,No,No,No,Yes,No,No,Month-to-month,No,Bank transfer (automatic),50.25,593.75,Yes,1,0-12
6365-HITVU,Female,0,Yes,Yes,71,Yes,No,DSL,Yes,Yes,Yes,Yes,Yes,Yes,Two year,No,Credit card (automatic),87.25,6328.7,No,0,61-72
7558-IMLMT,Male,0,Yes,Yes,67,Yes,No,No,No internet service,No internet service,No internet service,No internet service,No internet service,No internet service,Two year,Yes,Mailed check,20.8,1411.9,No,0,61-72
9488-FYQAU,Female,0,Yes,No,63,Yes,Yes,Fiber optic,No,Yes,Yes,Yes,Yes,Yes,Two year,Yes,Bank transfer (automatic),109.25,6841.4,No,0,61-72
3590-TCXTB,Male,0,No,No,1,Yes,No,No,No internet service,No internet service,No internet service,No internet service,No internet service,No internet service,Month-to-month,No,Mailed check,20.35,20.35,No,0,0-12
6994-KERXL,Male,0,No,No,4,Yes,No,DSL,No,No,No,No,No,Yes,Month-to-month,Yes,Electronic check,55.9,238.5,No,0,0-12
7957-RYHQD,Female,1,No,No,40,Yes,No,Fiber optic,Yes,Yes,No,No,No,No,Month-to-month,Yes,Credit card (automatic),79.2,3233.85,Yes,1,37-48
2180-DXNEG,Female,0,No,No,12,Yes,No,Fiber optic,No,No,Yes,No,Yes,Yes,Month-to-month,Yes,Electronic check,96.0,1062.1,Yes,1,0-12
1960-UOTYM,Male,0,Yes,Yes,52,Yes,No,DSL,Yes,Yes,Yes,No,Yes,Yes,Two year,No,Electronic check,79.2,4016.3,No,0,49-60
2740-JFBOK,Male,0,No,No,10,Yes,Yes,No,No internet service,No internet service,No internet service,No internet service,No internet service,No internet service,Month-to-month,Yes,Electronic check,24.0,226.55,No,0,0-12
6500-JVEGC,Male,0,No,No,68,Yes,Yes,Fiber optic,Yes,Yes,Yes,No,Yes,No,One year,No,Bank transfer (automatic),101.35,7110.75,No,0,61-72
5515-AKOAJ,Female,0,No,No,54,Yes,Yes,Fiber optic,No,No,No,Yes,Yes,Yes,Month-to-month,Yes,Electronic check,100.1,5440.9,Yes,1,49-60
8976-OQHGT,Female,0,Yes,Yes,4,Yes,No,DSL,No,Yes,No,Yes,No,No,Month-to-month,No,Mailed check,56.5,235.1,Yes,1,0-12
5245-VDBUR,Female,0,Yes,No,52,No,No phone service,DSL,Yes,No,Yes,No,No,No,One year,No,Mailed check,35.45,1958.95,No,0,49-60
6230-BSUXY,Female,1,No,No,1,Yes,No,Fiber optic,No,No,Yes,No,No,Yes,Month-to-month,Yes,Electronic check,85.0,85.0,Yes,1,0-12
8469-SNFFH,Male,0,Yes,No,70,Yes,Yes,DSL,Yes,Yes,Yes,Yes,Yes,No,One year,No,Bank transfer (automatic),79.4,5528.9,No,0,61-72
2144-ESWKO,Male,0,No,No,43,No,No phone service,DSL,Yes,No,Yes,No,No,No,One year,Yes,Credit card (automatic),35.2,1463.7,No,0,37-48
1241-FPMOF,Male,0,No,No,52,Yes,No,No,No internet service,No internet service,No internet service,No internet service,No internet service,No internet service,Two year,No,Mailed check,19.65,1025.05,No,0,49-60
9928-BZVLZ,Female,0,No,No,12,No,No phone service,DSL,Yes,No,Yes,Yes,No,Yes,Two year,No,Mailed check,49.85,552.1,No,0,0-12
4114-QMKVN,Female,0,Yes,Yes,56,Yes,Yes,DSL,Yes,Yes,No,No,No,Yes,One year,No,Bank transfer (automatic),68.75,3815.4,No,0,49-60
2775-SEFEE,Male,0,No,Yes,0,Yes,Yes,DSL,Yes,Yes,No,Yes,No,No,Two year,Yes,Bank transfer (automatic),61.9,,No,0,0-12
9003-CPATH,Male,0,No,No,42,Yes,Yes,Fiber optic,No,No,Yes,No,No,No,Month-to-month,No,Electronic check,79.9,3313.4,No,0,37-48
1754-GKYPY,Male,1,Yes,No,22,Yes,No,Fiber optic,No,No,No,No,Yes,Yes,Month-to-month,Yes,Bank transfer (automatic),89.75,1938.9,No,0,13-24
5294-CDGWY,Male,0,Yes,Yes,51,No,No phone service,DSL,Yes,Yes,Yes,No,Yes,Yes,One year,No,Electronic check,59.3,3014.65,Yes,1,49-60
7956-XQWGU,Male,0,No,No,27,Yes,No,No,No internet service,No internet service,No internet service,No internet service,No internet service,No internet service,Month-to-month,Yes,Credit card (automatic),19.4,460.25,No,0,25-36
1591-MQJTP,Male,1,Yes,No,51,Yes,Yes,Fiber optic,Yes,No,Yes,No,No,Yes,One year,Yes,Bank transfer (automatic),93.65,4839.15,No,0,49-60
5295-PCJOO,Male,0,No,Yes,4,Yes,No,DSL,Yes,No,No,No,No,No,Month-to-month,Yes,Electronic check,49.4,184.4,Yes,1,0-12
2369-FEVNO,Male,0,No,No,1,Yes,No,No,No internet service,No internet service,No internet service,No internet service,No internet service,No internet service,Month-to-month,Yes,Mailed check,19.9,19.9,No,0,0-12
9863-JZAIC,Male,0,No,No,35,Yes,No,DSL,No,No,No,No,Yes,No,Month-to-month,No,Mailed check,55.0,2010.55,Yes,1,25-36
7471-MQPOS,Male,1,Yes,Yes,71,Yes,Yes,DSL,No,Yes,Yes,Yes,No,Yes,One year,Yes,Bank transfer (automatic),72.9,5139.65,No,0,61-72
7660-HDPJV,Female,0,No,No,1,Yes,No,Fiber optic,No,No,No,No,No,No,Month-to-month,Yes,Electronic check,69.2,69.2,Yes,1,0-12
5115-SQAAU,Female,0,Yes,Yes,69,Yes,Yes,No,No internet service,No internet service,No internet service,No internet service,No internet service,No internet service,Two year,Yes,Bank transfer (automatic),25.6,1673.4,No,0,61-72
9845-QOMAD,Male,0,Yes,Yes,14,Yes,No,No,No internet service,No internet service,No internet service,No internet service,No internet service,No internet service,One year,No,Mailed check,19.75,309.35,No,0,13-24
7672-VFMXZ,Male,0,Yes,No,57,Yes,No,DSL,Yes,No,No,Yes,No,No,Month-to-month,No,Electronic check,55.7,3171.6,No,0,49-60
9739-JLPQJ,Female,0,Yes,Yes,72,Yes,Yes,Fiber optic,Yes,Yes,Yes,Yes,Yes,Yes,Two year,No,Credit card (automatic),117.5,8670.1,No,0,61-72
9916-AYHTC,Male,0,No,No,48,Yes,No,No,No internet service,No internet service,No internet service,No internet service,No internet service,No internet service,Two year,No,Credit card (automatic),19.85,916.0,No,0,37-48
3855-ONCAR,Female,0,Yes,Yes,4,Yes,No,Fiber optic,No,No,No,No,Yes,No,Month-to-month,Yes,Mailed check,78.9,299.75,No,0,0-12
1488-SYSFC,Male,0,Yes,Yes,31,Yes,No,No,No internet service,No internet service,No internet service,No internet service,No internet service,No internet service,Month-to-month,Yes,Electronic check,20.65,702.05,No,0,25-36
7931-PXHFC,Male,0,No,No,38,Yes,No,DSL,No,No,Yes,Yes,No,Yes,One year,Yes,Mailed check,62.3,2354.8,Yes,1,37-48
3990-QYKBE,Male,1,Yes,No,37,Yes,Yes,Fiber optic,No,No,No,No,Yes,Yes,Month-to-month,Yes,Electronic check,92.5,3473.4,Yes,1,37-48
0970-QXPXW,Female,0,No,No,1,Yes,No,No,No internet service,No internet service,No internet service,No internet service,No internet service,No internet service,Month-to-month,No,Mailed check,19.65,19.65,No,0,0-12
3259-KNMRR,Male,1,No,No,57,Yes,Yes,DSL,No,Yes,Yes,No,Yes,Yes,Two year,Yes,Bank transfer (automatic),79.75,4438.2,No,0,49-60
6120-RJKLU,Female,1,Yes,No,62,Yes,No,DSL,Yes,No,Yes,Yes,Yes,Yes,Two year,Yes,Credit card (automatic),79.95,4819.75,No,0,61-72
9572-WUKSB,Male,0,Yes,No,3,No,No phone service,DSL,No,No,No,Yes,No,No,Month-to-month,Yes,Electronic check,29.9,92.25,No,0,0-12
5893-KCLGT,Female,0,No,Yes,72,Yes,No,No,No internet service,No internet service,No internet service,No internet service,No internet service,No internet service,Two year,Yes,Mailed check,19.75,1567.0,No,0,61-72
0076-LVEPS,Male,0,No,Yes,29,No,No phone service,DSL,Yes,Yes,Yes,Yes,No,No,Month-to-month,Yes,Mailed check,45.0,1242.45,No,0,25-36
3640-JQGJG,Male,0,Yes,Yes,13,Yes,No,DSL,No,No,No,No,No,No,Month-to-month,No,Bank transfer (automatic),44.8,559.2,No,0,13-24
4919-MOAVT,Male,0,No,Yes,3,Yes,No,Fiber optic,No,No,No,No,No,No,Month-to-month,No,Electronic check,69.65,220.1,Yes,1,0-12
1596-OQSPS,Female,0,No,No,11,Yes,No,DSL,No,Yes,No,No,No,No,Month-to-month,No,Electronic check,51.1,531.15,No,0,0-12
9867-XOBQA,Female,0,No,Yes,21,No,No phone service,DSL,Yes,Yes,Yes,Yes,Yes,No,Two year,No,Mailed check,53.15,1183.2,No,0,13-24
9546-KDTRB,Female,0,No,No,19,Yes,Yes,No,No internet service,No internet service,No internet service,No internet service,No internet service,No internet service,Month-to-month,No,Bank transfer (automatic),24.7,465.85,No,0,13-24
3090-HAWSU,Male,0,No,No,61,Yes,Yes,Fiber optic,Yes,No,Yes,Yes,Yes,Yes,Two year,Yes,Credit card (automatic),111.6,6876.05,Yes,1,61-72
9820-RMCQV,Female,0,No,No,11,Yes,No,DSL,Yes,No,No,No,No,No,Month-to-month,No,Credit card (automatic),48.55,501.0,Yes,1,0-12
3174-RKMOW,Male,0,Yes,Yes,35,Yes,Yes,Fiber optic,No,Yes,Yes,Yes,Yes,Yes,Month-to-month,Yes,Electronic check,109.95,3782.4,No,0,25-36
1760-CAZHT,Male,0,No,Yes,25,Yes,No,No,No internet service,No internet service,No internet service,No internet service,No internet service,No internet service,Month-to-month,No,Mailed check,20.8,460.2,No,0,25-36
7839-QRKXN,Female,0,No,No,1,Yes,No,No,No internet service,No internet service,No internet service,No internet service,No internet service,No internet service,Month-to-month,Yes,Mailed check,20.2,20.2,Yes,1,0-12
8441-SHIPE,Female,0,No,No,67,Yes,Yes,No,No internet service,No internet service,No internet service,No internet service,No internet service,No internet service,Two year,Yes,Bank transfer (automatic),25.6,1790.35,No,0,61-72
5204-QZXPU,Male,0,No,No,19,No,No phone service,DSL,No,No,Yes,No,Yes,No,Month-to-month,Yes,Electronic check,39.65,733.35,Yes,1,13-24
4597-ELFTS,Male,0,No,No,56,Yes,Yes,No,No internet service,No internet service,No internet service,No internet service,No internet service,No internet service,One year,No,Electronic check,24.9,1334.0,Yes,1,49-60
1320-GVNHT,Male,0,Yes,Yes,72,Yes,Yes,Fiber optic,Yes,Yes,Yes,No,Yes,Yes,Two year,Yes,Credit card (automatic),108.4,7767.25,No,0,61-72
1047-RNXZV,Male,0,No,No,43,Yes,No,No,No internet service,No internet service,No internet service,No internet service,No internet service,No internet service,Two year,No,Mailed check,19.55,876.15,No,0,37-48
3541-ZNUHK,Female,0,Yes,Yes,55,Yes,Yes,Fiber optic,Yes,Yes,No,No,No,No,Month-to-month,Yes,Electronic check,85.1,4600.95,No,0,49-60
8450-JOVAH,Male,0,Yes,Yes,2,Yes,Yes,DSL,Yes,No,No,No,No,No,Month-to-month,No,Mailed check,56.7,113.55,Yes,1,0-12
8725-JEDFD,Male,0,No,No,27,Yes,No,Fiber optic,No,No,No,No,No,No,Month-to-month,Yes,Mailed check,69.05,1793.25,No,0,25-36
7562-UXTPG,Female,0,No,No,13,Yes,No,Fiber optic,No,No,No,No,No,No,Month-to-month,Yes,Mailed check,70.15,886.7,No,0,13-24
8071-SBTRN,Female,0,No,No,70,Yes,Yes,Fiber optic,Yes,Yes,Yes,No,Yes,Yes,Two year,Yes,Mailed check,111.15,7737.55,No,0,61-72
1113-IUJYX,Female,0,Yes,No,14,Yes,No,Fiber optic,Yes,Yes,No,Yes,Yes,Yes,One year,No,Mailed check,105.95,1348.9,Yes,1,13-24
6668-CNMFP,Female,0,Yes,Yes,19,Yes,Yes,Fiber optic,No,No,No,Yes,No,Yes,One year,Yes,Bank transfer (automatic),89.35,1686.85,No,0,13-24
5626-MGTUK,Female,0,No,No,20,Yes,Yes,Fiber optic,Yes,No,No,No,Yes,No,Month-to-month,Yes,Bank transfer (automatic),89.1,1879.25,No,0,13-24
5681-LLOEI,Male,0,Yes,Yes,43,Yes,Yes,Fiber optic,Yes,No,Yes,Yes,No,No,One year,Yes,Credit card (automatic),91.25,4013.8,No,0,37-48
8212-DJRCH,Male,0,Yes,Yes,5,Yes,No,Fiber optic,Yes,No,Yes,No,No,Yes,Month-to-month,Yes,Mailed check,90.35,434.5,No,0,0-12
4323-OHFOW,Female,1,Yes,No,70,Yes,Yes,Fiber optic,No,Yes,No,Yes,Yes,Yes,One year,Yes,Bank transfer (automatic),105.55,7195.35,No,0,61-72
4933-BSAIP,Female,0,Yes,No,40,Yes,No,No,No internet service,No internet service,No internet service,No internet service,No internet service,No internet service,Two year,No,Mailed check,19.1,780.1,No,0,37-48
2030-BTZRO,Male,0,Yes,Yes,6,Yes,No,No,No internet service,No internet service,No internet service,No internet service,No internet service,No internet service,Two year,Yes,Credit card (automatic),20.4,107.6,No,0,0-12
1116-DXXDF,Male,0,No,No,39,Yes,No,Fiber optic,Yes,No,Yes,No,Yes,Yes,Two year,Yes,Electronic check,100.45,3801.7,No,0,37-48
9274-CNFMO,Male,1,Yes,No,4,Yes,Yes,Fiber optic,No,No,No,No,No,No,Month-to-month,No,Electronic check,74.95,308.7,Yes,1,0-12
7758-XKCBS,Male,0,No,No,15,No,No phone service,DSL,No,No,No,Yes,No,No,Month-to-month,Yes,Electronic check,29.7,438.25,Yes,1,13-24
8992-JQYUN,Male,0,Yes,No,1,No,No phone service,DSL,No,No,Yes,No,Yes,Yes,Month-to-month,Yes,Electronic check,50.35,50.35,Yes,1,0-12
6563-VNPMN,Female,1,No,No,45,Yes,No,Fiber optic,Yes,Yes,No,Yes,No,No,Month-to-month,Yes,Bank transfer (automatic),85.7,3778.1,No,0,37-48
0617-AQNWT,Female,0,Yes,No,64,No,No phone service,DSL,Yes,No,Yes,Yes,No,Yes,Two year,No,Electronic check,47.85,3147.5,Yes,1,61-72
2267-WTPYD,Female,1,Yes,No,57,Yes,Yes,Fiber optic,No,Yes,Yes,No,No,Yes,Month-to-month,No,Credit card (automatic),94.0,5438.95,No,0,49-60
0270-THENM,Male,0,Yes,Yes,72,Yes,Yes,DSL,Yes,Yes,Yes,Yes,No,No,Two year,No,Bank transfer (automatic),69.85,5102.35,No,0,61-72
2446-PLQVO,Male,0,No,No,1,Yes,No,Fiber optic,No,No,No,No,No,No,Month-to-month,Yes,Electronic check,70.3,70.3,Yes,1,0-12
4707-MAXGU,Male,0,Yes,No,72,Yes,Yes,No,No internet service,No internet service,No internet service,No internet service,No internet service,No internet service,Two year,No,Credit card (automatic),25.85,1872.2,No,0,61-72
2710-WYVXG,Female,0,No,No,3,Yes,No,DSL,Yes,Yes,No,Yes,No,Yes,Two year,No,Mailed check,71.1,213.35,No,0,0-12
3005-NFMTA,Male,1,No,No,55,Yes,Yes,Fiber optic,Yes,No,No,No,Yes,Yes,Month-to-month,Yes,Electronic check,98.8,5617.75,Yes,1,49-60
6300-BWMJX,Female,0,Yes,No,59,Yes,Yes,Fiber optic,No,No,Yes,Yes,Yes,No,Month-to-month,No,Electronic check,93.35,5386.5,No,0,49-60
8784-CGILN,Female,0,No,No,18,Yes,Yes,Fiber optic,No,No,No,Yes,Yes,Yes,Month-to-month,Yes,Bank transfer (automatic),99.85,1776.95,Yes,1,13-24
5389-FFVKB,Male,1,Yes,No,32,Yes,No,Fiber optic,No,No,No,No,No,Yes,Month-to-month,Yes,Credit card (automatic),80.3,2483.05,Yes,1,25-36
7009-LGECI,Female,0,No,No,4,Yes,No,DSL,Yes,No,No,No,No,No,Month-to-month,Yes,Bank transfer (automatic),50.55,235.65,No,0,0-12
8444-WRIDW,Female,1,No,No,66,Yes,Yes,Fiber optic,No,Yes,No,No,No,No,Month-to-month,Yes,Credit card (automatic),80.45,5224.35,Yes,1,61-72
5022-KVDQT,Male,0,No,No,27,Yes,Yes,Fiber optic,No,No,Yes,No,No,No,Month-to-month,Yes,Electronic check,81.3,2272.8,No,0,25-36
7976-CICYS,Male,0,No,No,4,Yes,No,No,No internet service,No internet service,No internet service,No internet service,No internet service,No internet service,Month-to-month,Yes,Credit card (automatic),20.7,83.75,No,0,0-12
1036-GUDCL,Male,0,Yes,Yes,60,Yes,No,DSL,Yes,Yes,No,Yes,Yes,Yes,Month-to-month,Yes,Credit card (automatic),79.05,4663.4,No,0,49-60
2005-DWQZJ,Female,0,Yes,Yes,8,Yes,No,No,No internet service,No internet service,No internet service,No internet service,No internet service,No internet service,Two year,No,Mailed check,19.05,201.7,No,0,0-12
8148-WOCMK,Male,0,Yes,Yes,8,Yes,No,No,No internet service,No internet service,No internet service,No internet service,No internet service,No internet service,Two year,No,Credit card (automatic),19.6,125.0,No,0,0-12
7815-PDTHL,Male,0,No,No,35,Yes,No,No,No internet service,No internet service,No internet service,No internet service,No internet service,No internet service,Two year,Yes,Mailed check,20.2,684.4,No,0,25-36
9451-LPGOO,Male,0,No,No,7,Yes,Yes,Fiber optic,No,No,No,No,No,Yes,Month-to-month,Yes,Electronic check,86.8,620.35,Yes,1,0-12
9173-IVZVP,Female,0,Yes,Yes,53,Yes,No,No,No internet service,No internet service,No internet service,No internet service,No internet service,No internet service,Two year,No,Mailed check,20.9,1146.05,No,0,49-60
9129-UXERG,Female,1,No,No,18,Yes,Yes,Fiber optic,No,Yes,No,Yes,Yes,Yes,Month-to-month,Yes,Credit card (automatic),103.6,1806.35,No,0,13-24
3635-JBPSG,Female,0,No,No,15,No,No phone service,DSL,No,Yes,No,No,No,Yes,Two year,Yes,Mailed check,38.8,603.0,No,0,13-24
7964-ZRKKG,Male,0,Yes,No,67,Yes,Yes,Fiber optic,No,Yes,No,No,Yes,No,One year,Yes,Bank transfer (automatic),88.4,5798.3,No,0,61-72
5868-YWPDW,Male,1,Yes,No,6,Yes,No,Fiber optic,No,Yes,No,No,No,Yes,Month-to-month,Yes,Electronic check,84.2,519.15,Yes,1,0-12
6229-LSCKB,Male,1,No,No,6,Yes,No,Fiber optic,No,No,No,No,Yes,No,Month-to-month,Yes,Electronic check,79.7,497.6,No,0,0-12
2025-JKFWI,Male,0,No,No,13,Yes,Yes,Fiber optic,No,No,No,Yes,Yes,Yes,Month-to-month,Yes,Mailed check,99.0,1301.7,Yes,1,13-24
4078-SAYYN,Female,0,No,No,11,Yes,Yes,Fiber optic,No,No,Yes,No,Yes,Yes,Month-to-month,Yes,Electronic check,100.75,1129.75,Yes,1,0-12
1724-IQWNM,Male,0,No,Yes,1,Yes,No,No,No internet service,No internet service,No internet service,No internet service,No internet service,No internet service,Month-to-month,Yes,Mailed check,19.3,19.3,No,0,0-12
8217-QYOHV,Male,0,No,No,5,Yes,No,DSL,Yes,No,No,Yes,No,No,Month-to-month,Yes,Mailed check,55.75,266.95,No,0,0-12
5546-QUERU,Male,0,No,No,13,Yes,No,No,No internet service,No internet service,No internet service,No internet service,No internet service,No internet service,One year,Yes,Mailed check,19.95,257.0,No,0,13-24
9940-HPQPG,Female,0,Yes,No,9,Yes,Yes,Fiber optic,Yes,Yes,Yes,No,No,No,Month-to-month,No,Bank transfer (automatic),91.75,865.8,Yes,1,0-12
6897-UUBNU,Male,0,No,No,29,Yes,No,Fiber optic,No,Yes,No,Yes,Yes,No,Month-to-month,No,Mailed check,89.65,2623.65,No,0,25-36
6127-IYJOZ,Male,1,No,No,1,Yes,No,DSL,No,No,No,No,No,No,Month-to-month,Yes,Mailed check,45.85,45.85,No,0,0-12
6618-RYATB,Female,0,No,No,1,Yes,Yes,Fiber optic,No,No,Yes,No,No,No,Month-to-month,Yes,Mailed check,79.55,79.55,Yes,1,0-12
8930-XOTDP,Female,0,Yes,Yes,18,Yes,No,DSL,No,No,No,No,Yes,No,Month-to-month,No,Mailed check,55.95,1082.8,No,0,13-24
5916-QEWPT,Female,0,Yes,No,2,Yes,No,DSL,No,No,Yes,No,Yes,Yes,Month-to-month,No,Credit card (automatic),69.0,147.8,No,0,0-12
5060-TQUQN,Male,0,Yes,Yes,30,Yes,Yes,Fiber optic,No,Yes,No,Yes,No,No,Month-to-month,Yes,Bank transfer (automatic),83.55,2570.2,No,0,25-36
0531-XBKMM,Male,0,No,Yes,66,Yes,Yes,DSL,Yes,Yes,No,Yes,No,No,Two year,No,Bank transfer (automatic),65.7,4378.9,No,0,61-72
8465-SBRXP,Male,0,Yes,Yes,38,Yes,Yes,Fiber optic,No,No,Yes,Yes,Yes,No,Two year,Yes,Bank transfer (automatic),94.9,3616.25,No,0,37-48
2408-PSJVE,Male,0,Yes,Yes,44,Yes,No,DSL,No,Yes,Yes,Yes,No,No,Month-to-month,Yes,Mailed check,61.9,2924.05,No,0,37-48
9079-YEXQJ,Female,0,No,No,54,Yes,Yes,Fiber optic,No,Yes,Yes,Yes,Yes,Yes,Month-to-month,No,Electronic check,111.1,6014.85,Yes,1,49-60
9700-ZCLOT,Male,0,No,No,2,Yes,No,No,No internet service,No internet service,No internet service,No internet service,No internet service,No internet service,Month-to-month,No,Mailed check,20.0,32.7,No,0,0-12
8738-JOKAR,Female,0,No,No,42,Yes,No,DSL,Yes,Yes,No,Yes,No,Yes,One year,Yes,Mailed check,67.7,2882.25,No,0,37-48
4534-WGCIR,Female,0,Yes,Yes,58,Yes,Yes,No,No internet service,No internet service,No internet service,No internet service,No internet service,No internet service,Two year,No,Credit card (automatic),25.15,1509.9,No,0,49-60
1930-WNXSB,Male,0,Yes,Yes,58,Yes,No,Fiber optic,No,Yes,No,No,Yes,Yes,Month-to-month,Yes,Electronic check,92.85,5305.05,No,0,49-60
2685-SREOM,Female,0,Yes,Yes,25,Yes,Yes,Fiber optic,No,No,Yes,No,No,Yes,Month-to-month,Yes,Electronic check,89.1,2368.4,Yes,1,25-36
3508-CFVZL,Female,0,No,No,71,Yes,Yes,Fiber optic,Yes,Yes,Yes,Yes,Yes,Yes,Two year,No,Mailed check,111.3,7985.9,No,0,61-72
0402-CQAJN,Female,0,No,No,37,Yes,Yes,Fiber optic,No,Yes,Yes,No,Yes,Yes,Month-to-month,Yes,Bank transfer (automatic),101.9,3545.35,Yes,1,37-48
6692-UDPJC,Female,0,Yes,Yes,14,Yes,Yes,Fiber optic,No,No,No,Yes,Yes,No,Month-to-month,Yes,Electronic check,91.65,1301.0,Yes,1,13-24
1273-MTETI,Female,1,No,No,4,Yes,Yes,Fiber optic,No,No,Yes,No,No,Yes,Month-to-month,Yes,Electronic check,88.85,372.45,Yes,1,0-12
0657-DOGUM,Female,0,Yes,No,48,Yes,Yes,DSL,Yes,No,No,Yes,No,No,One year,Yes,Bank transfer (automatic),60.6,2985.25,No,0,37-48
5480-HPRRX,Female,1,No,No,3,No,No phone service,DSL,No,No,No,No,No,No,Month-to-month,No,Electronic check,25.3,77.75,Yes,1,0-12
8792-AOROI,Female,0,Yes,No,8,Yes,No,DSL,Yes,No,No,Yes,No,Yes,Two year,No,Mailed check,65.5,564.35,No,0,0-12
0295-PPHDO,Male,0,No,No,1,Yes,Yes,Fiber optic,No,No,No,No,Yes,Yes,Month-to-month,Yes,Electronic check,95.45,95.45,Yes,1,0-12
5146-YYFRZ,Male,0,No,No,67,Yes,No,No,No internet service,No internet service,No internet service,No internet service,No internet service,No internet service,Two year,No,Bank transfer (automatic),19.95,1311.75,No,0,61-72
1195-OIYEJ,Male,0,No,No,13,Yes,No,Fiber optic,No,No,No,No,Yes,Yes,Month-to-month,Yes,Electronic check,91.1,1135.7,Yes,1,13-24
5906-CVLHP,Female,0,Yes,Yes,45,Yes,No,DSL,No,Yes,No,Yes,No,No,One year,Yes,Credit card (automatic),54.15,2319.8,Yes,1,37-48
3452-SRFEG,Male,0,No,No,49,Yes,Yes,Fiber optic,No,No,No,No,No,No,Month-to-month,Yes,Bank transfer (automatic),74.6,3720.35,No,0,49-60
4070-OKWVH,Female,0,Yes,No,52,Yes,Yes,Fiber optic,No,Yes,Yes,No,Yes,No,Month-to-month,No,Bank transfer (automatic),94.6,5025.8,No,0,49-60
5297-MDOIR,Female,0,Yes,No,63,Yes,No,Fiber optic,Yes,No,Yes,No,No,No,One year,Yes,Credit card (automatic),81.15,5224.5,No,0,61-72
6369-MCAKO,Female,0,Yes,Yes,68,Yes,Yes,DSL,Yes,Yes,Yes,Yes,Yes,Yes,Two year,Yes,Bank transfer (automatic),89.05,6185.8,No,0,61-72
4926-UMJZD,Female,0,Yes,No,31,Yes,No,DSL,No,No,No,Yes,No,No,Month-to-month,Yes,Mailed check,49.2,1498.55,No,0,25-36
6848-HJTXY,Female,0,Yes,No,64,Yes,No,No,No internet service,No internet service,No internet service,No internet service,No internet service,No internet service,Two year,No,Credit card (automatic),19.45,1208.6,No,0,61-72
6341-AEVKX,Female,0,Yes,No,62,Yes,No,Fiber optic,Yes,No,Yes,Yes,Yes,Yes,One year,Yes,Electronic check,104.3,6613.65,No,0,61-72
4501-EQDRN,Female,0,No,No,1,Yes,No,Fiber optic,No,No,No,No,No,No,Month-to-month,No,Bank transfer (automatic),69.7,69.7,Yes,1,0-12
2990-HWIML,Female,0,No,No,6,Yes,No,Fiber optic,No,No,No,No,Yes,Yes,Month-to-month,Yes,Electronic check,89.5,573.3,Yes,1,0-12
0682-USIXD,Female,0,Yes,No,21,Yes,No,Fiber optic,No,No,No,Yes,Yes,No,Month-to-month,Yes,Electronic check,86.05,1818.9,No,0,13-24
6976-BWGLQ,Female,0,Yes,Yes,72,Yes,Yes,No,No internet service,No internet service,No internet service,No internet service,No internet service,No internet service,Two year,No,Bank transfer (automatic),25.2,1787.35,No,0,61-72
7078-NVFAM,Female,0,Yes,Yes,32,No,No phone service,DSL,Yes,Yes,No,No,No,No,Month-to-month,Yes,Electronic check,35.15,1051.05,No,0,25-36
8065-QBYTO,Female,1,No,No,71,Yes,Yes,Fiber optic,Yes,Yes,No,Yes,Yes,No,One year,Yes,Credit card (automatic),99.65,7181.25,No,0,61-72
2133-TSRRM,Female,0,No,Yes,34,Yes,No,Fiber optic,Yes,Yes,Yes,No,Yes,Yes,Month-to-month,Yes,Bank transfer (automatic),105.35,3688.6,No,0,25-36
7384-GHBPI,Male,0,Yes,No,3,No,No phone service,DSL,No,No,No,No,No,Yes,Month-to-month,Yes,Electronic check,35.15,99.75,Yes,1,0-12
7603-USHJS,Male,0,No,Yes,12,Yes,Yes,Fiber optic,No,No,No,No,No,No,Month-to-month,Yes,Credit card (automatic),73.75,871.4,Yes,1,0-12
7234-FECYN,Female,1,No,No,8,Yes,Yes,Fiber optic,No,No,Yes,No,Yes,Yes,Month-to-month,No,Electronic check,101.35,780.5,Yes,1,0-12
2511-ALLCS,Female,0,Yes,Yes,35,Yes,Yes,No,No internet service,No internet service,No internet service,No internet service,No internet service,No internet service,Two year,No,Bank transfer (automatic),24.3,821.6,No,0,25-36
3191-CSNMG,Female,0,Yes,Yes,3,Yes,No,Fiber optic,No,No,No,No,Yes,No,Month-to-month,Yes,Electronic check,80.7,239.45,No,0,0-12
7952-OBOYL,Male,0,No,No,3,Yes,No,Fiber optic,No,No,Yes,Yes,Yes,No,Month-to-month,Yes,Mailed check,89.85,244.45,No,0,0-12
7470-DYNOE,Male,0,No,No,53,Yes,No,DSL,No,No,Yes,No,No,Yes,One year,Yes,Electronic check,61.1,3357.9,No,0,49-60
7853-OETYL,Female,0,Yes,No,4,No,No phone service,DSL,Yes,No,No,No,No,No,Month-to-month,Yes,Electronic check,29.05,129.6,No,0,0-12
1545-ACTAS,Female,0,Yes,Yes,48,Yes,No,Fiber optic,Yes,No,Yes,No,Yes,Yes,One year,Yes,Bank transfer (automatic),99.7,4977.2,No,0,37-48
5876-HZVZM,Female,0,Yes,Yes,6,Yes,No,DSL,Yes,Yes,No,No,No,No,Month-to-month,No,Credit card (automatic),55.9,365.35,Yes,1,0-12
1400-MMYXY,Male,1,Yes,No,3,Yes,Yes,Fiber optic,No,Yes,Yes,No,Yes,Yes,Month-to-month,Yes,Electronic check,105.9,334.65,Yes,1,0-12
5126-RCXYW,Male,0,Yes,Yes,54,No,No phone service,DSL,No,No,Yes,Yes,No,Yes,Two year,No,Credit card (automatic),46.0,2424.05,No,0,49-60
3085-QUOZK,Female,0,No,No,1,Yes,No,DSL,No,No,No,No,No,No,Month-to-month,No,Mailed check,43.95,43.95,Yes,1,0-12
2363-BJLSL,Male,0,No,No,62,Yes,No,DSL,No,Yes,Yes,Yes,Yes,Yes,Month-to-month,Yes,Bank transfer (automatic),80.4,4981.15,No,0,61-72
1956-YIFGE,Male,0,Yes,Yes,22,Yes,No,Fiber optic,No,Yes,Yes,No,Yes,Yes,One year,Yes,Mailed check,100.05,2090.25,No,0,13-24
3926-CUQZX,Male,0,No,No,1,Yes,No,DSL,No,No,No,No,No,No,Month-to-month,Yes,Bank transfer (automatic),45.1,45.1,Yes,1,0-12
7921-LMDFQ,Male,1,No,No,51,Yes,No,Fiber optic,No,No,Yes,No,Yes,Yes,One year,Yes,Bank transfer (automatic),94.0,4905.75,No,0,49-60
2925-MXLSX,Female,0,No,No,30,Yes,Yes,DSL,No,Yes,Yes,No,Yes,No,One year,Yes,Credit card (automatic),68.95,2038.7,No,0,25-36
5820-PTRYM,Female,1,Yes,No,56,Yes,Yes,DSL,Yes,Yes,Yes,Yes,No,No,One year,Yes,Credit card (automatic),68.45,4014.0,No,0,49-60
9609-BENEA,Male,0,Yes,No,35,Yes,Yes,DSL,No,Yes,No,Yes,Yes,No,One year,Yes,Electronic check,69.0,2441.7,No,0,25-36
6211-WHMYA,Female,1,No,No,64,No,No phone service,DSL,No,Yes,No,Yes,Yes,No,Month-to-month,Yes,Electronic check,43.85,2751.0,No,0,61-72
4459-BBGHE,Male,0,No,Yes,30,No,No phone service,DSL,No,No,No,No,Yes,Yes,Month-to-month,Yes,Electronic check,44.5,1307.8,No,0,25-36
9945-PSVIP,Female,0,Yes,Yes,25,Yes,No,No,No internet service,No internet service,No internet service,No internet service,No internet service,No internet service,Two year,Yes,Mailed check,18.7,383.65,No,0,25-36
1041-RXHRA,Female,0,No,No,41,Yes,No,Fiber optic,No,No,No,No,No,No,Month-to-month,No,Bank transfer (automatic),70.25,2868.05,Yes,1,37-48
1750-CSKKM,Male,0,No,Yes,9,Yes,No,DSL,No,No,No,No,Yes,No,Month-to-month,No,Electronic check,55.35,449.75,Yes,1,0-12
9108-EJFJP,Female,0,Yes,No,1,Yes,No,DSL,Yes,Yes,No,No,No,No,Month-to-month,Yes,Mailed check,53.55,53.55,No,0,0-12
0530-IJVDB,Male,0,No,Yes,70,Yes,Yes,Fiber optic,Yes,Yes,Yes,Yes,Yes,Yes,Two year,Yes,Electronic check,114.6,7882.5,No,0,61-72
0508-SQWPL,Female,0,Yes,Yes,57,Yes,No,No,No internet service,No internet service,No internet service,No internet service,No internet service,No internet service,Two year,Yes,Bank transfer (automatic),20.1,1087.7,No,0,49-60
2215-ZAFGX,Male,0,No,No,9,Yes,Yes,Fiber optic,No,No,No,No,Yes,No,Month-to-month,Yes,Electronic check,85.5,791.7,No,0,0-12
8213-TAZPM,Female,0,Yes,Yes,69,Yes,Yes,Fiber optic,No,Yes,Yes,Yes,Yes,Yes,One year,Yes,Bank transfer (automatic),108.75,7493.05,No,0,61-72
7142-HVGBG,Male,1,Yes,No,43,Yes,Yes,Fiber optic,No,Yes,Yes,No,Yes,Yes,Month-to-month,Yes,Electronic check,103.0,4414.3,Yes,1,37-48
1304-SEGFY,Female,0,Yes,No,72,Yes,Yes,Fiber optic,No,No,Yes,No,Yes,Yes,Two year,Yes,Electronic check,97.85,6841.3,No,0,61-72
7242-EDTYC,Male,0,No,Yes,44,Yes,No,No,No internet service,No internet service,No internet service,No internet service,No internet service,No internet service,Two year,No,Bank transfer (automatic),19.55,819.95,No,0,37-48
2904-GGUAZ,Female,0,Yes,No,72,Yes,Yes,Fiber optic,Yes,Yes,No,No,No,No,Two year,Yes,Bank transfer (automatic),84.05,6052.25,No,0,61-72
8267-ZNYVZ,Female,0,Yes,No,33,Yes,No,Fiber optic,Yes,No,Yes,Yes,Yes,Yes,One year,Yes,Electronic check,103.75,3361.05,Yes,1,25-36
5136-GFPMB,Male,0,No,No,54,Yes,Yes,Fiber optic,No,No,Yes,No,No,Yes,Month-to-month,No,Credit card (automatic),89.4,4869.5,No,0,49-60
2595-KIWPV,Male,0,No,Yes,27,Yes,No,No,No internet service,No internet service,No internet service,No internet service,No internet service,No internet service,Two year,No,Credit card (automatic),19.7,509.3,No,0,25-36
5243-SAOTC,Male,0,No,No,54,Yes,Yes,Fiber optic,No,Yes,No,No,No,No,Month-to-month,Yes,Bank transfer (automatic),79.85,4308.25,No,0,49-60
9398-MMQTO,Male,0,No,No,3,Yes,No,Fiber optic,No,Yes,No,No,No,No,Month-to-month,No,Credit card (automatic),74.45,221.1,No,0,0-12
7619-PLRLP,Female,0,Yes,No,53,Yes,Yes,DSL,Yes,Yes,Yes,No,No,Yes,One year,No,Bank transfer (automatic),74.1,3833.95,No,0,49-60
6457-GIRWB,Male,0,No,No,1,Yes,No,Fiber optic,No,No,No,No,No,No,Month-to-month,Yes,Electronic check,69.35,69.35,Yes,1,0-12
6508-NJYRO,Male,0,Yes,No,15,Yes,No,No,No internet service,No internet service,No internet service,No internet service,No internet service,No internet service,One year,No,Mailed check,18.8,294.95,No,0,13-24
1450-SKCVI,Female,0,No,No,56,Yes,No,Fiber optic,No,Yes,No,No,No,No,Month-to-month,Yes,Electronic check,73.85,4092.85,Yes,1,49-60
4710-NKCAW,Male,0,Yes,Yes,5,Yes,Yes,DSL,Yes,Yes,No,Yes,No,No,Month-to-month,No,Credit card (automatic),64.4,316.9,No,0,0-12
5306-BVTKJ,Male,0,Yes,Yes,48,Yes,No,DSL,No,Yes,Yes,No,No,No,One year,Yes,Credit card (automatic),55.8,2651.2,No,0,37-48
0357-NVCRI,Female,0,No,Yes,25,Yes,No,No,No internet service,No internet service,No internet service,No internet service,No internet service,No internet service,Month-to-month,No,Credit card (automatic),20.05,471.7,No,0,25-36
5570-PTWEH,Female,0,Yes,No,3,Yes,Yes,Fiber optic,No,No,No,No,No,No,Month-to-month,Yes,Credit card (automatic),75.15,216.75,Yes,1,0-12
2371-KFUOG,Male,0,No,No,58,Yes,No,Fiber optic,Yes,Yes,No,No,Yes,Yes,One year,No,Bank transfer (automatic),99.15,5720.95,No,0,49-60
0463-ZSDNT,Male,0,No,No,10,Yes,No,DSL,No,No,No,No,No,Yes,Month-to-month,Yes,Bank transfer (automatic),56.75,503.25,No,0,0-12
6502-MJQAE,Male,0,No,No,1,Yes,No,Fiber optic,No,No,No,No,No,No,Month-to-month,Yes,Electronic check,69.6,69.6,Yes,1,0-12
6257-DTAYD,Male,0,Yes,No,71,Yes,Yes,Fiber optic,No,Yes,No,Yes,Yes,Yes,Two year,Yes,Credit card (automatic),104.15,7365.3,No,0,61-72
4616-ULAOA,Female,0,Yes,Yes,65,Yes,Yes,Fiber optic,No,Yes,Yes,Yes,Yes,Yes,Two year,Yes,Credit card (automatic),110.8,7245.9,No,0,61-72
7693-LCKZL,Male,0,Yes,Yes,5,Yes,Yes,Fiber optic,No,Yes,No,No,No,No,Month-to-month,Yes,Electronic check,80.15,385.0,Yes,1,0-12
7746-AWNQW,Female,0,No,No,28,No,No phone service,DSL,No,No,Yes,Yes,No,No,Month-to-month,Yes,Mailed check,35.75,961.4,No,0,25-36
5996-EBTKM,Female,0,Yes,Yes,67,Yes,Yes,DSL,No,No,Yes,Yes,No,Yes,Two year,Yes,Bank transfer (automatic),69.9,4615.9,No,0,61-72
2758-RNWXS,Male,0,No,No,35,Yes,No,Fiber optic,Yes,No,No,Yes,No,Yes,One year,Yes,Electronic check,89.2,3251.3,No,0,25-36
2314-TNDJQ,Female,0,Yes,Yes,72,No,No phone service,DSL,Yes,Yes,Yes,Yes,No,Yes,Two year,No,Credit card (automatic),55.65,3880.05,No,0,61-72
2405-LBMUW,Female,0,Yes,Yes,61,No,No phone service,DSL,Yes,Yes,No,Yes,No,Yes,One year,Yes,Bank transfer (automatic),50.7,3088.75,No,0,61-72
3454-JFUBC,Male,1,No,No,68,Yes,No,No,No internet service,No internet service,No internet service,No internet service,No internet service,No internet service,Two year,Yes,Credit card (automatic),20.0,1396.0,No,0,61-72
0032-PGELS,Female,0,Yes,Yes,1,No,No phone service,DSL,Yes,No,No,No,No,No,Month-to-month,No,Bank transfer (automatic),30.5,30.5,Yes,1,0-12
9039-ZVJDC,Male,0,No,No,3,Yes,No,No,No internet service,No internet service,No internet service,No internet service,No internet service,No internet service,Month-to-month,Yes,Mailed check,19.1,53.05,No,0,0-12
6797-LNAQX,Male,0,Yes,Yes,70,Yes,Yes,Fiber optic,No,Yes,No,No,Yes,Yes,Two year,No,Bank transfer (automatic),98.3,6859.5,Yes,1,61-72
9013-AQORL,Female,0,No,Yes,48,No,No phone service,DSL,No,Yes,Yes,No,No,Yes,Month-to-month,No,Credit card (automatic),45.55,2108.35,No,0,37-48
2898-MRKPI,Male,0,Yes,Yes,68,Yes,Yes,Fiber optic,No,Yes,No,No,Yes,Yes,One year,Yes,Credit card (automatic),101.05,6770.5,No,0,61-72
2750-BJLSB,Female,0,No,No,47,Yes,No,Fiber optic,Yes,No,Yes,Yes,Yes,Yes,One year,Yes,Electronic check,103.7,4730.6,No,0,37-48
3648-GZPHF,Male,0,Yes,Yes,32,No,No phone service,DSL,No,No,Yes,Yes,No,No,One year,Yes,Mailed check,36.25,1151.05,No,0,25-36
2075-RMJIK,Female,0,Yes,Yes,5,Yes,No,DSL,Yes,No,No,No,No,No,Month-to-month,Yes,Mailed check,49.4,232.55,No,0,0-12
9588-YRFHY,Male,0,No,No,49,Yes,No,No,No internet service,No internet service,No internet service,No internet service,No internet service,No internet service,Two year,Yes,Credit card (automatic),19.9,1022.6,No,0,49-60
6394-MFYNG,Female,0,No,No,48,Yes,Yes,Fiber optic,No,Yes,Yes,No,Yes,Yes,Month-to-month,Yes,Bank transfer (automatic),107.4,5121.3,Yes,1,37-48
1564-NTYXF,Female,1,No,No,13,Yes,Yes,Fiber optic,No,No,No,No,No,Yes,Month-to-month,Yes,Electronic check,82.0,1127.2,Yes,1,13-24
9364-YKUVW,Male,0,No,No,15,Yes,No,No,No internet service,No internet service,No internet service,No internet service,No internet service,No internet service,Month-to-month,Yes,Mailed check,19.8,309.4,No,0,13-24
5392-AKEMH,Female,0,No,No,12,Yes,No,DSL,No,No,No,No,No,No,Month-to-month,Yes,Electronic check,45.05,523.1,No,0,0-12
2451-YMUXS,Male,1,No,No,67,Yes,Yes,DSL,Yes,Yes,No,Yes,No,No,Two year,Yes,Bank transfer (automatic),64.55,4250.1,No,0,61-72
3914-FDRHP,Male,0,No,No,9,Yes,No,Fiber optic,No,No,No,Yes,Yes,No,Month-to-month,No,Electronic check,86.25,770.5,No,0,0-12
3078-ZKNTS,Female,0,Yes,Yes,13,Yes,No,No,No internet service,No internet service,No internet service,No internet service,No internet service,No internet service,Two year,Yes,Bank transfer (automatic),19.75,246.7,No,0,13-24
1024-KPRBB,Female,0,No,No,38,Yes,No,Fiber optic,No,No,No,No,Yes,Yes,One year,Yes,Mailed check,89.1,3342.0,No,0,37-48
4690-PKDQG,Female,1,Yes,No,42,Yes,Yes,Fiber optic,No,Yes,Yes,No,Yes,No,Month-to-month,Yes,Electronic check,95.55,3930.6,No,0,37-48
8155-IBNHG,Female,0,Yes,No,24,Yes,Yes,Fiber optic,No,No,No,No,No,No,Month-to-month,Yes,Credit card (automatic),75.4,1747.85,Yes,1,13-24
0886-QGENL,Female,1,Yes,No,27,Yes,No,Fiber optic,Yes,No,Yes,No,Yes,Yes,Month-to-month,Yes,Electronic check,101.25,2754.45,Yes,1,25-36
9547-ITEFG,Male,0,Yes,Yes,9,Yes,Yes,Fiber optic,No,Yes,Yes,No,Yes,Yes,Month-to-month,Yes,Credit card (automatic),102.6,897.75,No,0,0-12
1264-FUHCX,Female,0,Yes,No,49,No,No phone service,DSL,No,Yes,No,Yes,Yes,Yes,One year,Yes,Credit card (automatic),56.3,2780.6,No,0,49-60
7789-CRUVC,Female,1,Yes,No,61,Yes,Yes,Fiber optic,Yes,Yes,Yes,Yes,No,No,Month-to-month,Yes,Credit card (automatic),94.2,5895.45,No,0,61-72
6598-KELSS,Male,0,No,Yes,50,No,No phone service,DSL,Yes,Yes,No,No,Yes,No,One year,Yes,Bank transfer (automatic),43.05,2208.05,No,0,49-60
8739-WWKDU,Male,1,No,No,25,Yes,Yes,Fiber optic,No,Yes,No,No,Yes,No,Month-to-month,Yes,Electronic check,89.5,2196.15,Yes,1,25-36
8685-WHQPW,Female,1,No,No,22,Yes,Yes,Fiber optic,No,No,No,No,No,No,Month-to-month,Yes,Bank transfer (automatic),74.4,1692.6,Yes,1,13-24
4745-LSPLO,Male,0,No,No,1,Yes,No,No,No internet service,No internet service,No internet service,No internet service,No internet service,No internet service,Month-to-month,No,Mailed check,20.5,20.5,Yes,1,0-12
8083-YTZES,Male,0,No,No,4,Yes,Yes,Fiber optic,No,No,No,No,No,No,Month-to-month,Yes,Electronic check,74.35,265.35,Yes,1,0-12
7240-FQLHE,Female,1,Yes,No,18,Yes,Yes,Fiber optic,No,No,No,Yes,Yes,Yes,Month-to-month,No,Bank transfer (automatic),99.75,1836.25,Yes,1,13-24
6664-FPDAC,Female,1,No,No,56,Yes,Yes,Fiber optic,No,Yes,Yes,Yes,Yes,Yes,One year,Yes,Electronic check,111.95,6418.9,Yes,1,49-60
9972-VAFJJ,Female,1,Yes,No,53,Yes,No,Fiber optic,No,Yes,Yes,Yes,Yes,No,One year,Yes,Electronic check,94.0,4871.45,No,0,49-60
0422-UXFAP,Female,0,Yes,No,51,Yes,Yes,Fiber optic,No,No,Yes,No,Yes,Yes,One year,Yes,Electronic check,98.85,4947.55,No,0,49-60
1904-WAJAA,Female,0,Yes,Yes,24,Yes,Yes,DSL,Yes,Yes,Yes,No,No,No,Two year,No,Electronic check,64.35,1558.65,No,0,13-24
5130-YPIRV,Female,0,Yes,No,62,Yes,No,DSL,Yes,Yes,Yes,No,Yes,No,Two year,Yes,Credit card (automatic),72.0,4284.2,No,0,61-72
2843-CQMEG,Male,0,No,No,24,Yes,No,DSL,No,Yes,No,No,No,No,Month-to-month,Yes,Mailed check,49.7,1218.25,No,0,13-24
6439-PKTRR,Female,0,Yes,Yes,70,Yes,Yes,DSL,Yes,Yes,Yes,Yes,Yes,No,Two year,No,Electronic check,80.7,5617.95,No,0,61-72
5351-QESIO,Male,0,No,Yes,1,No,No phone service,DSL,No,No,No,No,No,No,Month-to-month,No,Mailed check,24.2,24.2,No,0,0-12
0786-VSSUD,Male,1,No,No,16,No,No phone service,DSL,No,Yes,No,No,Yes,No,Month-to-month,Yes,Mailed check,39.0,679.85,Yes,1,13-24
5568-DMXZS,Female,0,No,No,8,Yes,No,DSL,No,Yes,No,Yes,Yes,No,Month-to-month,Yes,Electronic check,65.45,554.45,No,0,0-12
8468-FZTOE,Female,0,Yes,Yes,72,Yes,No,DSL,Yes,Yes,Yes,Yes,No,Yes,Two year,Yes,Electronic check,74.35,5237.4,No,0,61-72
6633-SYEUS,Female,0,No,No,23,Yes,No,Fiber optic,No,Yes,Yes,Yes,No,No,Month-to-month,No,Bank transfer (automatic),83.2,2032.3,No,0,13-24
6447-GORXK,Male,0,No,Yes,31,No,No phone service,DSL,No,No,No,No,No,No,Month-to-month,No,Credit card (automatic),25.0,789.2,No,0,25-36
6967-PEJLL,Male,0,Yes,Yes,37,No,No phone service,DSL,Yes,No,Yes,Yes,No,No,One year,Yes,Electronic check,40.2,1525.35,No,0,37-48
3976-BWUCK,Female,0,Yes,No,30,Yes,Yes,Fiber optic,No,Yes,No,Yes,Yes,No,Month-to-month,Yes,Credit card (automatic),94.1,2804.45,Yes,1,25-36
5981-ZVXOT,Female,1,No,No,35,Yes,Yes,Fiber optic,Yes,Yes,Yes,No,Yes,Yes,One year,Yes,Electronic check,108.35,3726.15,No,0,25-36
1684-FLBGS,Female,0,Yes,Yes,23,Yes,Yes,DSL,No,Yes,No,Yes,Yes,No,Month-to-month,Yes,Credit card (automatic),69.5,1652.1,No,0,13-24
1389-WNUIB,Female,0,Yes,Yes,20,Yes,Yes,DSL,Yes,No,No,No,Yes,Yes,One year,No,Bank transfer (automatic),76.0,1588.75,No,0,13-24
0376-OIWME,Male,0,Yes,No,36,Yes,No,Fiber optic,Yes,No,No,No,Yes,Yes,Month-to-month,Yes,Electronic check,93.6,3366.05,No,0,25-36
3585-ISXZP,Female,0,No,No,8,Yes,Yes,Fiber optic,No,No,No,No,Yes,Yes,Month-to-month,No,Bank transfer (automatic),95.65,778.1,Yes,1,0-12
0218-QNVAS,Male,0,Yes,Yes,71,Yes,Yes,Fiber optic,No,Yes,No,No,Yes,Yes,One year,No,Bank transfer (automatic),100.55,7113.75,No,0,61-72
6583-QGCSI,Female,1,Yes,No,50,Yes,Yes,Fiber optic,No,Yes,No,No,Yes,No,Month-to-month,Yes,Electronic check,88.05,4367.35,Yes,1,49-60
0804-YGEQV,Female,0,Yes,Yes,43,Yes,Yes,No,No internet service,No internet service,No internet service,No internet service,No internet service,No internet service,One year,Yes,Bank transfer (automatic),24.45,993.15,No,0,37-48
7164-BPTUT,Male,0,No,Yes,57,Yes,Yes,DSL,Yes,Yes,Yes,Yes,Yes,Yes,Two year,No,Mailed check,89.55,5012.35,No,0,49-60
4174-LPGTI,Female,0,Yes,Yes,41,Yes,No,DSL,No,Yes,No,Yes,No,Yes,One year,Yes,Bank transfer (automatic),66.5,2728.6,Yes,1,37-48
2523-EWWZL,Female,0,Yes,No,27,Yes,No,Fiber optic,No,Yes,No,No,No,No,Month-to-month,Yes,Electronic check,76.1,2093.4,No,0,25-36
0928-XUTSN,Female,0,No,No,13,Yes,No,Fiber optic,No,No,No,No,No,Yes,Month-to-month,Yes,Electronic check,80.5,1011.8,No,0,13-24
2108-XWMPY,Male,0,No,No,3,No,No phone service,DSL,Yes,Yes,No,No,No,No,Month-to-month,Yes,Mailed check,35.45,106.85,Yes,1,0-12
0052-YNYOT,Female,0,No,No,67,Yes,No,No,No internet service,No internet service,No internet service,No internet service,No internet service,No internet service,One year,No,Electronic check,20.55,1343.4,No,0,61-72
6304-IJFSQ,Male,0,No,No,3,Yes,No,DSL,No,Yes,No,No,No,No,Month-to-month,Yes,Mailed check,49.9,130.1,Yes,1,0-12
9586-JGQKH,Female,0,Yes,No,64,Yes,Yes,Fiber optic,No,Yes,No,Yes,Yes,Yes,Two year,Yes,Bank transfer (automatic),105.4,6794.75,No,0,61-72
4501-VCPFK,Male,0,No,No,26,No,No phone service,DSL,No,No,Yes,Yes,No,No,Month-to-month,No,Electronic check,35.75,1022.5,No,0,25-36
6075-SLNIL,Male,0,No,No,38,Yes,Yes,Fiber optic,No,Yes,Yes,No,No,Yes,Month-to-month,Yes,Credit card (automatic),95.1,3691.2,No,0,37-48
9347-AERRL,Male,0,Yes,No,23,Yes,No,No,No internet service,No internet service,No internet service,No internet service,No internet service,No internet service,One year,No,Credit card (automatic),19.3,486.2,No,0,13-24
0093-XWZFY,Male,0,No,No,40,Yes,Yes,Fiber optic,No,Yes,Yes,No,Yes,Yes,Month-to-month,Yes,Credit card (automatic),104.5,4036.85,Yes,1,37-48
2274-XUATA,Male,1,Yes,No,72,No,No phone service,DSL,Yes,Yes,Yes,Yes,Yes,Yes,Two year,Yes,Bank transfer (automatic),63.1,4685.55,No,0,61-72
1980-KXVPM,Female,1,No,No,3,Yes,Yes,Fiber optic,No,No,No,No,No,No,Month-to-month,Yes,Credit card (automatic),75.05,256.25,Yes,1,0-12
7703-ZEKEF,Male,0,No,No,23,Yes,Yes,Fiber optic,No,No,Yes,No,No,No,Month-to-month,Yes,Electronic check,81.0,1917.1,Yes,1,13-24
0723-DRCLG,Female,1,Yes,No,1,Yes,Yes,Fiber optic,No,No,No,No,No,No,Month-to-month,Yes,Electronic check,74.45,74.45,Yes,1,0-12
5482-NUPNA,Female,0,No,No,4,Yes,No,DSL,Yes,Yes,No,Yes,No,No,Month-to-month,Yes,Mailed check,60.4,272.15,Yes,1,0-12
6691-CCIHA,Female,0,Yes,No,62,Yes,Yes,DSL,Yes,Yes,No,Yes,Yes,Yes,Two year,Yes,Electronic check,84.95,5150.55,No,0,61-72
1685-BQULA,Female,0,No,No,40,Yes,Yes,Fiber optic,No,Yes,Yes,No,Yes,No,Month-to-month,Yes,Bank transfer (automatic),93.4,3756.4,No,0,37-48
9053-EJUNL,Male,0,No,No,41,Yes,Yes,Fiber optic,No,Yes,No,No,Yes,No,Month-to-month,Yes,Electronic check,89.2,3645.75,No,0,37-48
0666-UXTJO,Male,1,Yes,No,34,Yes,No,Fiber optic,No,No,Yes,No,Yes,No,Month-to-month,Yes,Credit card (automatic),85.2,2874.45,No,0,25-36
1471-GIQKQ,Female,0,No,No,1,Yes,No,DSL,No,Yes,No,No,No,No,Month-to-month,No,Electronic check,49.95,49.95,No,0,0-12
4807-IZYOZ,Female,0,No,No,51,Yes,No,No,No internet service,No internet service,No internet service,No internet service,No internet service,No internet service,Two year,No,Bank transfer (automatic),20.65,1020.75,No,0,49-60
1122-JWTJW,Male,0,Yes,Yes,1,Yes,No,Fiber optic,No,No,No,No,No,No,Month-to-month,Yes,Mailed check,70.65,70.65,Yes,1,0-12
9710-NJERN,Female,0,No,No,39,Yes,No,No,No internet service,No internet service,No internet service,No internet service,No internet service,No internet service,Two year,No,Mailed check,20.15,826.0,No,0,37-48
9837-FWLCH,Male,0,Yes,Yes,12,Yes,No,No,No internet service,No internet service,No internet service,No internet service,No internet service,No internet service,Month-to-month,Yes,Electronic check,19.2,239.0,No,0,0-12
1699-HPSBG,Male,0,No,No,12,Yes,No,DSL,No,No,No,Yes,Yes,No,One year,Yes,Electronic check,59.8,727.8,Yes,1,0-12
7203-OYKCT,Male,0,No,No,72,Yes,Yes,Fiber optic,No,Yes,Yes,No,Yes,Yes,One year,Yes,Electronic check,104.95,7544.3,No,0,61-72
1035-IPQPU,Female,1,Yes,No,63,Yes,Yes,Fiber optic,No,Yes,Yes,No,Yes,Yes,Month-to-month,Yes,Electronic check,103.5,6479.4,No,0,61-72
7398-LXGYX,Male,0,Yes,No,44,Yes,Yes,Fiber optic,Yes,No,Yes,No,No,No,Month-to-month,Yes,Credit card (automatic),84.8,3626.35,No,0,37-48
2823-LKABH,Female,0,No,No,18,Yes,Yes,Fiber optic,No,No,Yes,Yes,No,Yes,Month-to-month,Yes,Bank transfer (automatic),95.05,1679.4,No,0,13-24
8775-CEBBJ,Female,0,No,No,9,Yes,No,DSL,No,No,No,No,No,No,Month-to-month,Yes,Bank transfer (automatic),44.2,403.35,Yes,1,0-12
0550-DCXLH,Male,0,No,No,13,Yes,No,DSL,No,Yes,No,Yes,Yes,Yes,Month-to-month,No,Mailed check,73.35,931.55,No,0,13-24
9281-CEDRU,Female,0,Yes,No,68,Yes,No,DSL,No,Yes,No,Yes,Yes,No,Two year,No,Bank transfer (automatic),64.1,4326.25,No,0,61-72
2235-DWLJU,Female,1,No,No,6,No,No phone service,DSL,No,No,No,No,Yes,Yes,Month-to-month,Yes,Electronic check,44.4,263.05,No,0,0-12
0871-OPBXW,Female,0,No,No,2,Yes,No,No,No internet service,No internet service,No internet service,No internet service,No internet service,No internet service,Month-to-month,Yes,Mailed check,20.05,39.25,No,0,0-12
3605-JISKB,Male,1,Yes,No,55,Yes,Yes,DSL,Yes,Yes,No,No,No,No,One year,No,Credit card (automatic),60.0,3316.1,No,0,49-60
6894-LFHLY,Male,1,No,No,1,Yes,Yes,Fiber optic,No,No,No,No,No,No,Month-to-month,Yes,Electronic check,75.75,75.75,Yes,1,0-12
9767-FFLEM,Male,0,No,No,38,Yes,No,Fiber optic,No,No,No,No,No,No,Month-to-month,Yes,Credit card (automatic),69.5,2625.25,No,0,37-48
0639-TSIQW,Female,0,No,No,67,Yes,Yes,Fiber optic,Yes,Yes,Yes,No,Yes,No,Month-to-month,Yes,Credit card (automatic),102.95,6886.25,Yes,1,61-72
8456-QDAVC,Male,0,No,No,19,Yes,No,Fiber optic,No,No,No,No,Yes,No,Month-to-month,Yes,Bank transfer (automatic),78.7,1495.1,No,0,13-24
7750-EYXWZ,Female,0,No,No,12,No,No phone service,DSL,No,Yes,Yes,Yes,Yes,Yes,One year,No,Electronic check,60.65,743.3,No,0,0-12
2569-WGERO,Female,0,No,No,72,Yes,No,No,No internet service,No internet service,No internet service,No internet service,No internet service,No internet service,Two year,Yes,Bank transfer (automatic),21.15,1419.4,No,0,61-72
6840-RESVB,Male,0,Yes,Yes,24,Yes,Yes,DSL,Yes,No,Yes,Yes,Yes,Yes,One year,Yes,Mailed check,84.8,1990.5,No,0,13-24
2234-XADUH,Female,0,Yes,Yes,72,Yes,Yes,Fiber optic,No,Yes,Yes,No,Yes,Yes,One year,Yes,Credit card (automatic),103.2,7362.9,No,0,61-72
4801-JZAZL,Female,0,Yes,Yes,11,No,No phone service,DSL,Yes,No,No,No,No,No,Month-to-month,Yes,Electronic check,29.6,346.45,No,0,0-12
8361-LTMKD,Male,1,Yes,No,4,Yes,Yes,Fiber optic,No,No,No,No,No,No,Month-to-month,Yes,Mailed check,74.4,306.6,Yes,1,0-12
3186-AJIEK,Male,0,No,No,66,Yes,No,Fiber optic,Yes,No,Yes,Yes,Yes,Yes,Two year,Yes,Bank transfer (automatic),105.65,6844.5,No,0,61-72
