gender,SeniorCitizen,Partner,Dependents,tenure,PhoneService,MultipleLines,InternetService,OnlineSecurity,OnlineBackup,DeviceProtection,TechSupport,StreamingTV,StreamingMovies,Contract,PaperlessBilling,PaymentMethod,MonthlyCharges,TotalCharges,Churn
Female,0,0,0,70,1,True,Fiber optic,False,True,True,True,False,False,One year,1,Bank transfer (automatic),90.25,6385.9501953125,0
Female,0,1,0,72,1,Yes,Fiber optic,Yes,No,Yes,Yes,Yes,Yes,Two year,1,Credit card (automatic),110.15,7881.2,0
Male,0,1,0,61,1,Yes,DSL,No,Yes,Yes,No,Yes,Yes,Two year,0,Bank transfer (automatic),80.9,4932.5,0
Female,1,1,0,39,1,Yes,Fiber optic,No,No,No,Yes,Yes,Yes,Month-to-month,1,Electronic check,101.25,3949.15,0
Female,0,1,1,23,1,False,No,No internet service,No internet service,No internet service,No internet service,No internet service,No internet service,Two year,0,Bank transfer (automatic),20.399999618530277,478.75,0
Male,0,1,1,60,1,True,Fiber optic,False,True,False,True,True,True,Month-to-month,1,Bank transfer (automatic),103.75,5969.9501953125,0
Female,0,0,0,38,1,False,No,No internet service,No internet service,No internet service,No internet service,No internet service,No internet service,One year,0,Mailed check,19.299999237060547,755.5,0
Male,0,0,0,57,1,Yes,Fiber optic,No,No,No,No,Yes,No,One year,1,Electronic check,86.9,4939.25,0
Male,0,0,0,1,1,Yes,DSL,No,Yes,No,No,No,No,Month-to-month,0,Electronic check,54.3,54.3,0
Female,0,1,1,68,0,No,DSL,False,True,True,True,True,True,Two year,0,Credit card (automatic),60.29999923706055,4109.0,0
Male,1,0,0,49,1,Yes,DSL,Yes,Yes,Yes,Yes,No,Yes,Two year,0,Credit card (automatic),81.35,4060.9,0
Male,0,0,0,35,1,True,Fiber optic,False,False,False,False,False,False,Month-to-month,0,Credit card (automatic),75.3499984741211,2636.050048828125,1
Female,0,0,0,2,1,No,No,No internet service,No internet service,No internet service,No internet service,No internet service,No internet service,Month-to-month,0,Mailed check,19.4,61.05,0
Male,0,0,1,32,1,False,No,No internet service,No internet service,No internet service,No internet service,No internet service,No internet service,Two year,0,Mailed check,20.5,696.7999877929688,0
Male,0,1,1,1,1,No,Fiber optic,No,No,No,No,Yes,Yes,Month-to-month,1,Electronic check,90.1,90.1,0
Male,0,1,1,58,0,No,DSL,True,True,True,False,True,False,One year,0,Mailed check,50.0,2919.85009765625,0
Female,0,1,1,36,1,Yes,Fiber optic,No,Yes,Yes,No,Yes,No,Month-to-month,1,Bank transfer (automatic),97.35,3457.9,1
Female,0,1,1,70,1,Yes,Fiber optic,Yes,Yes,Yes,Yes,Yes,Yes,Two year,1,Credit card (automatic),115.15,8250.0,0
Female,0,1,1,61,1,No,No,No internet service,No internet service,No internet service,No internet service,No internet service,No internet service,Two year,0,Credit card (automatic),19.75,1311.6,0
Female,0,1,1,29,1,No,No,No internet service,No internet service,No internet service,No internet service,No internet service,No internet service,Two year,0,Mailed check,20.2,558.8,0
Male,0,0,0,1,1,No,Fiber optic,No,No,No,No,No,No,Month-to-month,1,Electronic check,69.65,69.65,1
Female,0,1,1,66,1,True,DSL,True,True,True,False,False,False,Month-to-month,1,Bank transfer (automatic),67.44999694824219,4508.64990234375,0
Female,0,1,0,6,1,No,No,No internet service,No internet service,No internet service,No internet service,No internet service,No internet service,Month-to-month,0,Bank transfer (automatic),19.5,146.3,1
Male,0,0,0,4,1,False,No,No internet service,No internet service,No internet service,No internet service,No internet service,No internet service,Month-to-month,0,Mailed check,20.700000762939453,73.05000305175781,0
Male,0,1,0,4,0,No,DSL,False,True,False,False,True,True,Month-to-month,1,Electronic check,48.54999923706055,201.0,1
Female,0,1,1,45,1,True,No,No internet service,No internet service,No internet service,No internet service,No internet service,No internet service,Two year,1,Bank transfer (automatic),24.649999618530277,1138.800048828125,0
Male,0,0,1,39,1,Yes,No,No internet service,No internet service,No internet service,No internet service,No internet service,No internet service,One year,0,Bank transfer (automatic),25.45,958.45,0
Male,0,0,0,1,1,No,Fiber optic,No,No,No,No,No,Yes,Month-to-month,0,Electronic check,80.5,80.5,1
Male,1,1,0,61,1,Yes,Fiber optic,No,Yes,No,Yes,No,No,One year,1,Bank transfer (automatic),85.55,5251.75,0
Male,1,1,0,72,1,True,DSL,True,True,True,False,True,True,Two year,1,Credit card (automatic),84.0999984741211,5981.64990234375,0
Male,0,0,1,6,1,False,No,No internet service,No internet service,No internet service,No internet service,No internet service,No internet service,Month-to-month,0,Mailed check,19.549999237060547,128.60000610351562,0
Male,0,1,1,23,1,False,Fiber optic,False,True,True,True,False,False,One year,0,Mailed check,86.80000305175781,1940.800048828125,0
Female,1,1,0,42,1,True,Fiber optic,False,False,False,False,True,True,Month-to-month,1,Electronic check,95.0500030517578,3944.5,0
Female,0,1,0,60,1,Yes,Fiber optic,No,Yes,Yes,Yes,Yes,Yes,Two year,1,Credit card (automatic),110.8,6640.7,0
Female,0,0,0,5,1,True,Fiber optic,False,False,False,False,True,False,Month-to-month,1,Electronic check,84.0,424.75,0
Male,0,0,0,19,1,False,DSL,False,True,False,True,False,True,One year,1,Bank transfer (automatic),65.3499984741211,1231.8499755859375,0
Male,0,0,0,26,1,No,No,No internet service,No internet service,No internet service,No internet service,No internet service,No internet service,One year,1,Bank transfer (automatic),19.6,471.85,0
Male,0,0,0,2,1,False,DSL,False,False,False,False,False,False,Month-to-month,0,Electronic check,44.34999847412109,81.25,1
Female,0,0,0,53,1,True,Fiber optic,True,True,True,False,False,False,Month-to-month,0,Electronic check,90.8000030517578,4921.2001953125,0
Male,0,1,1,63,1,False,Fiber optic,False,True,True,False,False,False,Month-to-month,1,Credit card (automatic),80.30000305175781,4896.35009765625,0
Male,0,0,0,7,1,False,Fiber optic,False,False,True,False,False,False,Month-to-month,1,Electronic check,74.9000015258789,490.5499877929688,0
Male,0,1,1,38,1,True,Fiber optic,False,False,True,False,True,True,Month-to-month,1,Credit card (automatic),101.1500015258789,3956.699951171875,0
Male,0,1,1,23,1,False,Fiber optic,True,False,False,True,True,True,Month-to-month,1,Electronic check,99.8499984741211,2331.300048828125,1
Male,0,0,0,2,1,No,DSL,Yes,No,Yes,No,No,No,Month-to-month,1,Mailed check,55.1,113.35,1
Female,0,1,1,3,0,No phone service,DSL,Yes,No,No,No,No,No,Month-to-month,0,Credit card (automatic),29.7,91.7,1
Female,0,0,1,24,1,False,No,No internet service,No internet service,No internet service,No internet service,No internet service,No internet service,One year,0,Bank transfer (automatic),21.049999237060547,531.5499877929688,0
Male,0,1,1,18,1,False,Fiber optic,True,False,True,False,True,False,Month-to-month,1,Mailed check,87.9000015258789,1500.5,0
Male,0,0,0,33,1,True,DSL,False,True,False,False,False,False,Month-to-month,1,Bank transfer (automatic),54.650001525878906,1665.199951171875,0
Male,0,1,0,67,1,True,DSL,True,True,True,True,False,False,Two year,0,Credit card (automatic),70.9000015258789,4677.10009765625,0
Female,1,1,0,38,1,True,Fiber optic,True,True,False,False,False,True,One year,0,Credit card (automatic),95.0,3591.25,0
Female,0,0,0,11,1,False,Fiber optic,False,True,True,True,False,True,Month-to-month,1,Electronic check,94.1999969482422,999.9000244140624,0
Male,0,1,1,60,1,False,DSL,True,True,True,True,False,False,One year,1,Bank transfer (automatic),65.8499984741211,3928.300048828125,0
Male,0,0,0,1,1,False,No,No internet service,No internet service,No internet service,No internet service,No internet service,No internet service,Month-to-month,0,Mailed check,20.799999237060547,20.799999237060547,0
Female,1,1,0,5,1,True,Fiber optic,False,False,False,False,False,False,Month-to-month,1,Electronic check,74.3499984741211,334.79998779296875,1
Female,0,1,1,52,1,True,No,No internet service,No internet service,No internet service,No internet service,No internet service,No internet service,Two year,1,Bank transfer (automatic),25.049999237060547,1270.25,0
Female,0,0,0,1,1,False,Fiber optic,False,False,True,False,False,False,Month-to-month,0,Electronic check,76.3499984741211,76.3499984741211,1
Male,0,1,1,53,1,True,No,No internet service,No internet service,No internet service,No internet service,No internet service,No internet service,Two year,0,Credit card (automatic),25.549999237060547,1336.0999755859375,0
Female,0,1,1,32,1,Yes,Fiber optic,No,No,Yes,No,No,Yes,Month-to-month,1,Bank transfer (automatic),91.05,2954.5,1
Male,1,0,0,68,1,Yes,Fiber optic,No,Yes,Yes,No,No,Yes,Month-to-month,1,Electronic check,95.9,6503.2,0
Male,1,1,0,36,1,Yes,Fiber optic,No,No,No,No,No,Yes,Month-to-month,1,Electronic check,84.1,3021.6,1
Female,0,1,0,71,1,Yes,No,No internet service,No internet service,No internet service,No internet service,No internet service,No internet service,Two year,0,Credit card (automatic),25.6,1888.25,0
Male,0,1,0,30,1,False,No,No internet service,No internet service,No internet service,No internet service,No internet service,No internet service,One year,0,Credit card (automatic),19.799999237060547,576.6500244140625,0
Female,0,0,0,3,1,True,No,No internet service,No internet service,No internet service,No internet service,No internet service,No internet service,Month-to-month,0,Mailed check,24.600000381469727,86.3499984741211,0
Male,0,0,1,17,1,No,DSL,Yes,No,No,No,No,No,Month-to-month,1,Mailed check,50.3,846.8,0
Male,1,1,1,68,1,True,Fiber optic,False,False,True,True,True,True,One year,1,Credit card (automatic),107.1500015258789,7379.7998046875,0
Female,1,1,0,68,1,True,Fiber optic,False,True,False,False,False,True,Month-to-month,1,Bank transfer (automatic),89.5999984741211,6127.60009765625,1
Male,0,1,0,62,0,No,DSL,False,False,False,True,True,False,Two year,1,Bank transfer (automatic),39.0,2337.449951171875,0
Female,1,1,0,32,1,True,Fiber optic,False,False,False,False,True,True,Month-to-month,1,Electronic check,93.1999969482422,2931.0,1
Male,0,0,0,10,1,Yes,Fiber optic,No,No,No,No,No,No,Month-to-month,0,Electronic check,75.05,786.3,0
Female,0,1,0,64,1,Yes,Fiber optic,No,Yes,No,Yes,Yes,Yes,Two year,1,Bank transfer (automatic),105.4,6794.75,0
Male,0,1,1,34,1,False,Fiber optic,False,False,False,False,True,False,Month-to-month,0,Electronic check,78.30000305175781,2564.300048828125,1
Male,0,1,1,66,1,No,DSL,Yes,Yes,Yes,Yes,No,No,Two year,0,Mailed check,65.85,4097.05,0
Male,0,0,0,9,1,No,Fiber optic,No,No,Yes,No,No,No,Month-to-month,1,Electronic check,73.8,704.3,0
Female,0,0,0,5,1,False,DSL,True,False,False,True,True,False,Month-to-month,1,Electronic check,64.3499984741211,352.6499938964844,0
Male,0,1,1,20,1,No,DSL,No,No,Yes,No,No,No,Month-to-month,1,Electronic check,49.6,939.8,0
Male,0,0,0,72,0,No,DSL,True,True,True,True,True,True,Two year,1,Bank transfer (automatic),65.55000305175781,4807.4501953125,0
Male,0,0,0,31,1,True,DSL,False,True,False,True,True,False,Month-to-month,1,Electronic check,71.05000305175781,2168.14990234375,0
Female,0,1,1,9,1,No,Fiber optic,No,No,No,Yes,No,No,Month-to-month,1,Electronic check,75.85,647.5,0
Female,0,0,0,18,0,No phone service,DSL,No,No,Yes,Yes,No,No,Month-to-month,1,Electronic check,35.2,607.3,0
Female,0,0,0,72,1,True,Fiber optic,True,True,True,False,True,False,Two year,1,Bank transfer (automatic),101.3000030517578,7261.25,0
Female,0,0,0,1,1,True,Fiber optic,False,False,False,False,False,False,Month-to-month,1,Mailed check,75.05000305175781,75.05000305175781,1
Male,0,1,1,51,1,Yes,Fiber optic,No,Yes,No,Yes,No,No,One year,0,Bank transfer (automatic),84.2,4299.75,0
Male,0,0,0,8,1,True,Fiber optic,False,True,False,False,True,True,Month-to-month,0,Electronic check,100.8499984741211,819.5499877929688,1
Male,0,0,0,1,1,No,DSL,Yes,No,No,No,No,No,Month-to-month,1,Mailed check,50.7,50.7,0
Male,0,1,1,18,1,No,No,No internet service,No internet service,No internet service,No internet service,No internet service,No internet service,One year,0,Bank transfer (automatic),20.05,345.9,0
Female,0,0,0,56,0,No phone service,DSL,No,No,No,No,Yes,Yes,Month-to-month,1,Credit card (automatic),44.85,2564.95,0
Male,0,0,0,24,1,False,DSL,False,False,False,True,False,False,Month-to-month,1,Credit card (automatic),51.09999847412109,1269.5999755859375,0
Male,0,0,0,27,1,False,No,No internet service,No internet service,No internet service,No internet service,No internet service,No internet service,Month-to-month,1,Electronic check,19.399999618530277,529.7999877929688,0
Male,0,0,0,5,1,No,DSL,No,Yes,No,Yes,No,Yes,Month-to-month,1,Bank transfer (automatic),65.6,339.9,0
Female,0,0,0,32,1,Yes,Fiber optic,No,No,Yes,No,Yes,Yes,Month-to-month,1,Electronic check,101.35,3334.9,0
Male,0,0,0,63,1,True,DSL,True,True,True,True,False,False,One year,0,Bank transfer (automatic),68.80000305175781,4111.35009765625,0
Male,0,1,1,72,1,True,No,No internet service,No internet service,No internet service,No internet service,No internet service,No internet service,Two year,1,Bank transfer (automatic),25.200000762939453,1798.9000244140625,0
Female,0,0,0,41,1,No,Fiber optic,No,No,No,No,No,No,Month-to-month,0,Bank transfer (automatic),70.25,2868.05,1
Male,0,0,0,1,1,False,No,No internet service,No internet service,No internet service,No internet service,No internet service,No internet service,Month-to-month,0,Mailed check,20.399999618530277,20.399999618530277,0
Male,0,0,0,1,1,False,Fiber optic,False,False,False,False,False,False,Month-to-month,1,Electronic check,69.9000015258789,69.9000015258789,1
Female,1,1,0,34,1,No,DSL,No,No,Yes,Yes,Yes,No,One year,0,Bank transfer (automatic),64.2,2106.3,0
Male,1,1,0,54,0,No phone service,DSL,No,No,No,No,No,No,Month-to-month,1,Bank transfer (automatic),24.95,1364.75,0
Female,0,1,1,1,1,False,Fiber optic,False,True,False,False,False,False,Month-to-month,1,Electronic check,74.69999694824219,74.69999694824219,1
Female,0,0,0,8,1,Yes,Fiber optic,No,No,No,No,No,No,Month-to-month,1,Electronic check,73.5,632.2,0
Male,0,1,0,23,1,True,Fiber optic,False,True,True,False,False,False,Month-to-month,0,Electronic check,84.25,1968.0999755859373,0
Female,0,0,0,2,1,No,No,No internet service,No internet service,No internet service,No internet service,No internet service,No internet service,Month-to-month,0,Mailed check,20.3,41.2,0
Male,0,0,0,65,1,Yes,No,No internet service,No internet service,No internet service,No internet service,No internet service,No internet service,Two year,1,Bank transfer (automatic),25.1,1725.0,0
Female,0,1,1,72,1,Yes,Fiber optic,No,Yes,Yes,Yes,Yes,Yes,Two year,1,Bank transfer (automatic),109.2,7711.45,0
Female,1,0,0,8,1,False,Fiber optic,False,False,True,False,True,True,Month-to-month,1,Electronic check,92.0999984741211,729.9500122070312,1
Female,0,0,0,6,1,No,No,No internet service,No internet service,No internet service,No internet service,No internet service,No internet service,Month-to-month,0,Mailed check,20.2,123.65,0
Female,0,0,0,3,1,False,DSL,False,True,False,True,True,True,Month-to-month,1,Electronic check,75.30000305175781,244.1000061035156,0
Female,0,0,0,60,1,True,Fiber optic,False,False,True,False,False,False,One year,1,Bank transfer (automatic),79.19999694824219,4765.0,0
Female,0,1,0,59,1,Yes,Fiber optic,No,No,Yes,Yes,Yes,No,Month-to-month,0,Electronic check,93.35,5386.5,0
Female,0,0,0,67,1,No,No,No internet service,No internet service,No internet service,No internet service,No internet service,No internet service,One year,0,Electronic check,20.55,1343.4,0
Female,1,0,0,12,1,Yes,Fiber optic,No,Yes,No,No,Yes,No,Month-to-month,1,Electronic check,91.3,1094.5,1
Male,1,1,0,33,1,Yes,Fiber optic,No,Yes,No,No,Yes,Yes,Month-to-month,1,Bank transfer (automatic),100.6,3270.25,0
Male,0,0,0,35,1,No,No,No internet service,No internet service,No internet service,No internet service,No internet service,No internet service,Two year,1,Mailed check,20.2,684.4,0
Male,0,1,0,57,1,No,DSL,Yes,No,No,Yes,No,No,Month-to-month,0,Electronic check,55.7,3171.6,0
Female,1,1,0,71,1,True,Fiber optic,True,True,True,True,False,False,Two year,1,Credit card (automatic),96.3499984741211,6766.9501953125,0
Male,0,0,0,11,1,False,No,No internet service,No internet service,No internet service,No internet service,No internet service,No internet service,One year,0,Mailed check,19.5,226.8000030517578,0
Male,1,1,0,17,1,False,Fiber optic,False,True,False,False,False,False,Month-to-month,1,Electronic check,76.44999694824219,1233.4000244140625,1
Male,0,1,1,5,1,Yes,DSL,Yes,Yes,No,Yes,No,No,Month-to-month,0,Credit card (automatic),64.4,316.9,0
Male,0,0,0,26,1,Yes,Fiber optic,No,No,No,No,No,Yes,Month-to-month,1,Electronic check,83.95,2254.2,1
Male,0,1,0,1,1,No,DSL,Yes,No,Yes,No,No,No,Month-to-month,0,Mailed check,55.7,55.7,0
Female,1,0,0,44,1,False,DSL,False,False,True,True,True,True,One year,0,Bank transfer (automatic),74.8499984741211,3268.050048828125,0
Male,0,1,1,23,1,No,No,No internet service,No internet service,No internet service,No internet service,No internet service,No internet service,One year,1,Credit card (automatic),20.0,445.3,0
Male,0,0,0,2,1,False,Fiber optic,False,False,False,False,True,False,Month-to-month,1,Electronic check,79.94999694824219,174.4499969482422,0
Female,0,1,0,66,1,True,Fiber optic,False,True,True,True,False,False,One year,1,Bank transfer (automatic),90.5500030517578,6130.9501953125,0
Female,0,0,1,26,0,No phone service,DSL,Yes,No,No,Yes,No,Yes,Month-to-month,0,Mailed check,45.8,1147.0,0
Female,1,0,0,6,1,False,Fiber optic,True,False,False,False,False,False,Month-to-month,1,Electronic check,74.0999984741211,450.8999938964844,0
Female,0,1,1,20,1,True,Fiber optic,False,False,True,True,False,True,Month-to-month,1,Bank transfer (automatic),95.5,1916.199951171875,0
Male,1,0,0,10,1,False,Fiber optic,False,True,False,False,False,False,Month-to-month,1,Electronic check,72.8499984741211,688.6500244140625,1
Female,0,0,0,2,1,False,DSL,False,True,False,True,False,False,Month-to-month,1,Credit card (automatic),55.04999923706055,102.75,1
Female,0,1,0,55,1,True,Fiber optic,True,False,False,False,True,False,Month-to-month,1,Bank transfer (automatic),89.80000305175781,4959.60009765625,0
Male,0,1,0,72,1,Yes,DSL,Yes,Yes,Yes,Yes,Yes,Yes,Two year,0,Credit card (automatic),92.3,6719.9,0
Male,0,0,0,7,1,No,Fiber optic,Yes,No,No,No,No,No,Month-to-month,0,Mailed check,74.35,533.6,0
Male,0,0,0,34,1,False,DSL,True,False,True,False,False,False,One year,0,Mailed check,56.95000076293945,1889.5,0
Male,0,1,0,17,1,False,Fiber optic,False,False,False,False,False,False,Month-to-month,1,Bank transfer (automatic),70.4000015258789,1214.050048828125,1
Male,0,0,0,24,1,False,Fiber optic,False,True,True,True,False,False,Month-to-month,1,Electronic check,85.94999694824219,2107.14990234375,0
Male,0,0,0,1,1,No,DSL,No,No,No,No,No,No,Month-to-month,0,Electronic check,45.3,45.3,1
Male,0,1,0,57,1,Yes,Fiber optic,Yes,Yes,Yes,Yes,Yes,No,Month-to-month,1,Electronic check,103.05,5925.75,0
Male,0,1,0,64,1,True,Fiber optic,False,True,False,True,True,True,Two year,1,Electronic check,105.25,6823.39990234375,0
Male,0,1,1,37,0,No phone service,DSL,Yes,Yes,Yes,No,No,No,Month-to-month,0,Bank transfer (automatic),40.2,1448.8,1
Female,0,1,0,52,1,False,DSL,True,False,True,False,True,False,One year,1,Mailed check,64.30000305175781,3410.60009765625,0
Male,0,1,1,43,1,Yes,Fiber optic,Yes,No,Yes,Yes,No,No,One year,1,Credit card (automatic),91.25,4013.8,0
Female,0,0,0,1,1,False,No,No internet service,No internet service,No internet service,No internet service,No internet service,No internet service,Month-to-month,1,Mailed check,20.149999618530277,20.149999618530277,1
Male,0,0,1,39,1,True,Fiber optic,False,False,False,True,True,True,Two year,0,Mailed check,100.5500030517578,3895.35009765625,0
Female,1,1,1,55,1,Yes,DSL,Yes,No,Yes,Yes,Yes,No,One year,0,Electronic check,76.25,4154.55,0
Female,0,0,0,18,1,True,Fiber optic,False,False,False,True,True,False,Month-to-month,1,Electronic check,88.3499984741211,1639.300048828125,1
Male,0,1,1,70,1,True,Fiber optic,True,True,False,False,True,True,Month-to-month,1,Electronic check,106.0500030517578,7554.0498046875,0
Male,0,1,0,37,1,False,Fiber optic,False,False,True,True,False,True,Month-to-month,1,Electronic check,90.3499984741211,3419.300048828125,0
Female,0,1,1,54,1,True,DSL,True,True,True,True,True,True,Two year,0,Credit card (automatic),91.3000030517578,4965.0,0
Male,0,1,0,67,1,Yes,Fiber optic,No,Yes,Yes,No,No,Yes,Two year,1,Electronic check,93.15,6368.2,0
Male,0,1,1,71,1,True,Fiber optic,True,False,True,False,True,True,Two year,0,Electronic check,105.5500030517578,7405.5,0
Female,0,0,0,15,1,True,Fiber optic,True,False,True,False,False,False,Month-to-month,1,Credit card (automatic),84.3499984741211,1302.6500244140625,0
Male,0,0,0,52,1,False,Fiber optic,False,True,False,False,False,True,Month-to-month,1,Electronic check,85.3499984741211,4338.60009765625,1
Male,1,0,0,4,1,False,Fiber optic,False,False,False,False,False,False,Month-to-month,0,Electronic check,69.3499984741211,261.6499938964844,0
Female,0,0,0,36,1,Yes,Fiber optic,No,Yes,Yes,No,Yes,Yes,One year,1,Bank transfer (automatic),104.8,3886.45,0
Male,0,0,1,1,1,False,No,No internet service,No internet service,No internet service,No internet service,No internet service,No internet service,Month-to-month,0,Mailed check,19.75,19.75,1
Male,0,1,1,28,1,No,Fiber optic,No,Yes,Yes,No,Yes,Yes,One year,0,Bank transfer (automatic),100.35,2799.0,0
Female,0,1,1,8,1,False,No,No internet service,No internet service,No internet service,No internet service,No internet service,No internet service,One year,0,Electronic check,19.799999237060547,160.0500030517578,0
Female,0,1,1,13,1,No,No,No internet service,No internet service,No internet service,No internet service,No internet service,No internet service,Month-to-month,0,Mailed check,18.8,251.25,0
Male,1,0,0,45,1,False,DSL,True,False,True,False,False,True,One year,0,Credit card (automatic),62.70000076293945,2791.5,1
Male,0,1,1,72,1,False,No,No internet service,No internet service,No internet service,No internet service,No internet service,No internet service,Two year,0,Bank transfer (automatic),21.0,1493.75,0
Female,0,0,0,41,0,No,DSL,False,True,False,False,False,True,Month-to-month,1,Electronic check,40.34999847412109,1677.8499755859375,0
Female,0,1,1,16,1,No,DSL,Yes,Yes,No,Yes,No,Yes,Two year,0,Bank transfer (automatic),68.25,1114.85,0
Female,0,0,0,51,1,Yes,No,No internet service,No internet service,No internet service,No internet service,No internet service,No internet service,Two year,0,Bank transfer (automatic),24.95,1288.0,0
Female,0,1,0,70,0,No phone service,DSL,Yes,Yes,Yes,Yes,Yes,Yes,Two year,0,Bank transfer (automatic),64.55,4504.9,0
Male,0,0,0,69,1,False,No,No internet service,No internet service,No internet service,No internet service,No internet service,No internet service,Two year,0,Credit card (automatic),19.950000762939453,1399.3499755859375,0
Female,0,1,1,70,1,False,DSL,True,True,True,True,False,True,One year,0,Credit card (automatic),74.0999984741211,5222.2998046875,0
Female,0,1,0,23,1,No,DSL,No,No,No,Yes,Yes,No,One year,0,Bank transfer (automatic),60.0,1347.15,0
Male,0,0,0,2,1,No,No,No internet service,No internet service,No internet service,No internet service,No internet service,No internet service,Month-to-month,0,Mailed check,20.35,33.2,1
Male,1,1,0,43,1,True,Fiber optic,False,True,False,True,True,False,Month-to-month,1,Electronic check,94.3000030517578,3953.14990234375,0
Female,0,1,1,72,1,True,No,No internet service,No internet service,No internet service,No internet service,No internet service,No internet service,Two year,0,Bank transfer (automatic),23.75,1679.25,0
Male,0,0,0,53,1,True,No,No internet service,No internet service,No internet service,No internet service,No internet service,No internet service,One year,0,Bank transfer (automatic),24.049999237060547,1301.9000244140625,0
Female,0,0,1,1,1,False,DSL,True,False,False,False,False,False,Month-to-month,0,Mailed check,51.20000076293945,51.20000076293945,0
Female,0,0,0,1,1,False,Fiber optic,False,True,False,True,True,False,Month-to-month,0,Electronic check,91.6999969482422,91.6999969482422,1
Female,1,0,0,2,1,True,Fiber optic,False,True,False,False,False,True,Month-to-month,0,Electronic check,89.5,161.5,1
Male,0,1,0,14,1,Yes,Fiber optic,No,No,No,No,No,Yes,Month-to-month,1,Electronic check,85.15,1139.2,1
Female,0,0,0,2,1,True,DSL,False,False,False,False,False,False,Month-to-month,1,Electronic check,49.400001525878906,106.5500030517578,1
Female,0,0,0,58,1,No,DSL,Yes,Yes,Yes,Yes,No,No,Two year,1,Credit card (automatic),64.9,3795.45,0
Female,0,0,1,4,1,False,Fiber optic,False,False,True,True,True,True,Month-to-month,1,Bank transfer (automatic),98.0999984741211,396.2999877929688,1
Male,0,0,0,65,1,Yes,No,No internet service,No internet service,No internet service,No internet service,No internet service,No internet service,Two year,0,Mailed check,25.75,1654.75,0
Male,0,1,0,61,1,Yes,DSL,Yes,No,Yes,No,No,Yes,Two year,1,Mailed check,69.9,4226.7,0
Male,0,0,0,1,1,False,DSL,False,False,False,True,False,False,Month-to-month,1,Electronic check,49.29999923706055,49.29999923706055,0
Male,0,0,1,15,1,True,Fiber optic,False,True,False,False,True,False,Month-to-month,1,Electronic check,91.0,1430.050048828125,0
Female,0,0,0,6,1,No,Fiber optic,No,Yes,No,No,No,Yes,Month-to-month,1,Mailed check,85.95,514.6,0
Female,0,0,0,17,1,False,Fiber optic,False,True,False,False,True,False,Month-to-month,1,Electronic check,83.55000305175781,1329.1500244140625,0
Male,0,1,0,72,1,Yes,No,No internet service,No internet service,No internet service,No internet service,No internet service,No internet service,Two year,0,Credit card (automatic),25.85,1872.2,0
Male,0,1,1,37,1,False,Fiber optic,False,False,False,False,True,True,One year,0,Credit card (automatic),91.1999969482422,3247.550048828125,0
Male,0,1,0,36,1,False,No,No internet service,No internet service,No internet service,No internet service,No internet service,No internet service,One year,0,Mailed check,20.0,666.75,0
Female,0,1,1,23,1,Yes,DSL,Yes,Yes,Yes,Yes,Yes,Yes,Two year,1,Credit card (automatic),91.1,2198.3,0
Female,1,0,0,66,1,True,Fiber optic,False,False,True,True,True,True,One year,1,Credit card (automatic),102.8499984741211,6976.75,0
Male,0,1,1,35,1,False,No,No internet service,No internet service,No internet service,No internet service,No internet service,No internet service,Two year,0,Mailed check,19.600000381469727,686.9500122070312,0
Male,0,1,0,70,1,Yes,DSL,No,Yes,Yes,Yes,Yes,No,Two year,0,Bank transfer (automatic),72.95,5265.55,0
Male,1,0,0,16,0,No phone service,DSL,No,Yes,No,No,Yes,No,Month-to-month,1,Mailed check,39.0,679.85,1
Male,0,1,1,58,1,True,Fiber optic,False,True,False,True,True,False,One year,1,Credit card (automatic),94.6999969482422,5430.35009765625,0
Male,0,0,0,55,1,No,Fiber optic,Yes,Yes,No,No,Yes,Yes,One year,1,Mailed check,100.9,5552.05,0
Female,1,0,0,45,1,Yes,Fiber optic,No,No,Yes,No,Yes,Yes,One year,1,Bank transfer (automatic),100.15,4459.8,0
Female,1,1,0,60,0,No phone service,DSL,No,Yes,No,No,Yes,Yes,Two year,1,Credit card (automatic),49.45,2907.55,0
Male,0,0,0,16,1,No,No,No internet service,No internet service,No internet service,No internet service,No internet service,No internet service,Month-to-month,0,Bank transfer (automatic),20.25,327.45,1
Male,0,1,1,54,0,No phone service,DSL,No,No,Yes,Yes,No,Yes,Two year,0,Credit card (automatic),46.0,2424.05,0
Male,1,0,0,13,1,False,Fiber optic,False,False,False,False,True,True,Month-to-month,1,Electronic check,90.5,1201.1500244140625,1
Male,0,1,1,8,1,Yes,DSL,Yes,Yes,No,Yes,No,Yes,Two year,1,Credit card (automatic),76.15,645.8,0
Male,0,1,0,46,0,No,DSL,True,False,True,True,False,False,Two year,0,Credit card (automatic),40.400001525878906,1842.699951171875,0
Female,0,1,1,13,1,No,DSL,Yes,No,No,Yes,No,No,One year,0,Bank transfer (automatic),54.15,701.05,0
Female,0,0,0,54,1,No,No,No internet service,No internet service,No internet service,No internet service,No internet service,No internet service,Two year,1,Mailed check,20.5,1035.7,0
Male,0,0,0,69,1,True,Fiber optic,False,True,False,True,True,True,One year,1,Bank transfer (automatic),105.1999969482422,7386.0498046875,0
Female,0,0,0,7,1,False,DSL,False,False,False,False,True,True,Month-to-month,1,Electronic check,66.8499984741211,458.1000061035156,0
Male,0,1,0,10,1,True,Fiber optic,False,False,False,False,False,True,Month-to-month,1,Electronic check,85.25,855.2999877929688,1
Male,0,1,0,23,1,No,No,No internet service,No internet service,No internet service,No internet service,No internet service,No internet service,One year,0,Credit card (automatic),19.3,486.2,0
Male,1,0,0,2,1,False,No,No internet service,No internet service,No internet service,No internet service,No internet service,No internet service,Month-to-month,0,Electronic check,19.200000762939453,37.20000076293945,0
Female,0,0,0,2,1,False,DSL,False,True,False,False,False,False,Month-to-month,1,Credit card (automatic),49.04999923706055,91.0999984741211,1
Female,0,0,0,16,1,True,DSL,False,False,True,False,False,True,Month-to-month,1,Credit card (automatic),65.19999694824219,1043.3499755859375,1
Male,1,0,0,8,1,False,Fiber optic,False,True,False,False,False,False,Month-to-month,1,Electronic check,74.5,606.5499877929688,1
Female,0,0,1,12,1,Yes,Fiber optic,No,No,No,No,No,No,Month-to-month,1,Electronic check,76.6,893.0,0
Female,1,0,0,3,1,No,Fiber optic,No,No,No,No,No,No,Month-to-month,1,Electronic check,70.3,235.5,1
Female,0,1,0,72,1,False,No,No internet service,No internet service,No internet service,No internet service,No internet service,No internet service,Two year,0,Bank transfer (automatic),19.399999618530277,1496.449951171875,0
Male,0,0,0,15,1,True,No,No internet service,No internet service,No internet service,No internet service,No internet service,No internet service,Month-to-month,1,Electronic check,26.350000381469727,378.6000061035156,0
Male,0,1,1,4,1,True,Fiber optic,False,False,True,False,True,True,Month-to-month,0,Electronic check,101.1500015258789,385.8999938964844,1
Male,0,1,1,54,1,False,Fiber optic,False,True,False,True,False,False,Two year,1,Bank transfer (automatic),79.94999694824219,4362.0498046875,0
Female,0,0,0,38,1,False,No,No internet service,No internet service,No internet service,No internet service,No internet service,No internet service,One year,0,Mailed check,20.049999237060547,678.2000122070312,0
Female,0,0,0,9,1,True,Fiber optic,False,False,True,False,True,True,Month-to-month,0,Credit card (automatic),98.3000030517578,923.5,1
Female,0,1,0,2,1,False,Fiber optic,True,False,False,False,False,False,Month-to-month,1,Electronic check,74.4000015258789,139.39999389648438,1
Female,0,0,0,54,1,True,Fiber optic,False,True,False,False,True,True,Two year,1,Bank transfer (automatic),97.1999969482422,5129.4501953125,0
Male,0,0,0,58,1,No,Fiber optic,Yes,Yes,No,No,Yes,Yes,One year,0,Bank transfer (automatic),99.15,5720.95,0
Female,0,0,0,62,1,True,DSL,False,True,True,True,True,True,Two year,0,Bank transfer (automatic),84.5,5193.2001953125,0
Male,0,0,0,10,1,False,Fiber optic,True,False,True,False,False,False,Month-to-month,1,Mailed check,79.8499984741211,887.3499755859375,0
Male,0,0,0,17,1,False,Fiber optic,False,False,True,False,False,False,Month-to-month,1,Electronic check,76.6500015258789,1313.550048828125,1
Male,0,1,0,59,1,False,DSL,True,True,True,False,True,False,One year,0,Credit card (automatic),66.4000015258789,3958.199951171875,0
Male,0,1,0,24,1,Yes,Fiber optic,No,No,No,No,Yes,Yes,Month-to-month,1,Electronic check,93.0,2248.05,0
Female,0,0,0,7,1,False,DSL,True,False,False,False,False,True,One year,1,Electronic check,59.09999847412109,369.25,0
Female,0,0,0,69,1,True,Fiber optic,False,False,True,True,True,True,Two year,0,Electronic check,104.0,7028.5,0
Male,0,0,0,50,1,True,No,No internet service,No internet service,No internet service,No internet service,No internet service,No internet service,Two year,0,Bank transfer (automatic),24.899999618530277,1195.25,0
Male,0,0,0,13,1,No,Fiber optic,No,Yes,Yes,No,No,No,Month-to-month,1,Electronic check,79.8,973.45,1
Male,0,1,0,58,1,False,DSL,False,False,True,False,False,False,One year,0,Credit card (automatic),50.29999923706055,2878.550048828125,0
Female,0,1,1,72,1,Yes,DSL,Yes,Yes,Yes,Yes,No,Yes,Two year,1,Bank transfer (automatic),79.5,5661.7,0
Female,0,0,0,3,1,False,No,No internet service,No internet service,No internet service,No internet service,No internet service,No internet service,Month-to-month,0,Electronic check,20.200000762939453,65.94999694824219,0
Male,0,1,1,72,1,Yes,DSL,Yes,Yes,Yes,Yes,No,Yes,Two year,0,Credit card (automatic),81.0,5750.0,0
Female,0,1,0,59,1,Yes,DSL,No,Yes,No,Yes,Yes,Yes,One year,1,Electronic check,80.1,4693.2,0
Female,0,1,0,35,1,False,Fiber optic,False,False,False,False,False,False,Month-to-month,1,Electronic check,70.30000305175781,2416.550048828125,1
Male,0,1,1,64,1,False,Fiber optic,True,True,False,False,False,False,Month-to-month,0,Electronic check,81.05000305175781,5135.35009765625,0
Female,0,1,1,53,1,False,Fiber optic,False,True,True,True,True,True,Month-to-month,1,Bank transfer (automatic),108.25,5935.10009765625,0
Female,0,0,0,2,1,True,Fiber optic,False,False,True,False,False,False,Month-to-month,0,Mailed check,80.5999984741211,155.8000030517578,1
Female,1,1,0,67,1,Yes,Fiber optic,Yes,No,Yes,No,Yes,Yes,One year,1,Credit card (automatic),107.05,7142.5,0
Male,0,0,0,26,0,No,DSL,True,True,False,False,False,True,Month-to-month,1,Bank transfer (automatic),44.650001525878906,1156.550048828125,0
Male,0,1,1,51,1,False,DSL,True,False,False,True,True,True,One year,1,Bank transfer (automatic),76.4000015258789,3966.300048828125,0
Male,0,1,1,25,1,False,DSL,True,True,True,False,False,False,One year,1,Bank transfer (automatic),61.59999847412109,1611.0,0
Male,0,0,1,4,1,No,DSL,Yes,No,No,No,No,No,Month-to-month,1,Electronic check,49.4,184.4,1
Female,0,0,0,17,1,No,DSL,Yes,Yes,No,Yes,Yes,Yes,One year,0,Credit card (automatic),79.85,1387.35,0
Male,0,1,0,11,1,No,DSL,No,No,No,No,Yes,No,Month-to-month,1,Bank transfer (automatic),55.05,608.15,0
Male,1,1,1,34,1,Yes,Fiber optic,No,Yes,Yes,Yes,Yes,Yes,Month-to-month,1,Electronic check,108.9,3625.2,0
Male,0,1,1,50,1,True,Fiber optic,False,True,True,False,True,True,Month-to-month,1,Bank transfer (automatic),103.8499984741211,5017.89990234375,1
Female,0,1,1,69,1,False,No,No internet service,No internet service,No internet service,No internet service,No internet service,No internet service,Two year,0,Bank transfer (automatic),19.75,1375.4000244140625,0
Female,0,0,0,41,1,No,No,No internet service,No internet service,No internet service,No internet service,No internet service,No internet service,Month-to-month,0,Electronic check,20.45,775.6,0
Female,0,0,0,2,1,No,Fiber optic,No,No,No,No,Yes,No,Month-to-month,1,Mailed check,79.65,152.7,1
Female,0,0,0,3,1,True,Fiber optic,False,False,False,False,False,False,Month-to-month,1,Credit card (automatic),75.0999984741211,270.70001220703125,1
Female,0,0,0,8,1,True,Fiber optic,False,False,True,False,True,True,Month-to-month,1,Electronic check,99.6500015258789,820.5,1
Female,0,1,1,70,1,No,No,No internet service,No internet service,No internet service,No internet service,No internet service,No internet service,Two year,1,Mailed check,19.2,1401.4,0
Male,0,1,0,71,1,False,DSL,True,True,True,True,True,True,Two year,1,Bank transfer (automatic),86.0999984741211,6045.89990234375,0
Male,0,0,0,6,1,No,No,No internet service,No internet service,No internet service,No internet service,No internet service,No internet service,Month-to-month,0,Mailed check,20.65,109.3,0
Male,0,0,0,15,1,Yes,Fiber optic,No,Yes,No,Yes,No,Yes,Month-to-month,0,Electronic check,95.7,1451.1,0
Female,1,1,0,60,1,Yes,Fiber optic,No,Yes,Yes,No,Yes,Yes,Month-to-month,1,Electronic check,105.9,6401.25,0
Female,0,1,0,72,1,Yes,Fiber optic,No,Yes,Yes,Yes,Yes,Yes,Two year,1,Electronic check,110.15,7998.8,0
Male,0,0,0,7,1,False,No,No internet service,No internet service,No internet service,No internet service,No internet service,No internet service,Month-to-month,0,Electronic check,19.25,112.3000030517578,1
Female,0,1,1,8,1,False,DSL,False,False,False,True,True,True,Month-to-month,1,Electronic check,68.55000305175781,564.3499755859375,0
Female,0,0,1,2,1,No,No,No internet service,No internet service,No internet service,No internet service,No internet service,No internet service,One year,0,Bank transfer (automatic),20.5,38.25,0
Male,0,1,1,49,1,Yes,Fiber optic,No,Yes,Yes,No,Yes,No,One year,1,Electronic check,93.65,4520.15,0
Male,0,0,0,1,1,False,Fiber optic,False,False,False,False,False,True,Month-to-month,0,Electronic check,79.9000015258789,79.9000015258789,1
Female,1,0,0,65,0,No,DSL,False,True,True,False,True,True,Two year,1,Bank transfer (automatic),53.5,3517.89990234375,0
Male,0,0,0,16,1,No,No,No internet service,No internet service,No internet service,No internet service,No internet service,No internet service,Month-to-month,0,Mailed check,20.0,275.7,0
Male,0,1,0,2,1,True,Fiber optic,False,False,True,False,True,False,Month-to-month,1,Electronic check,91.4499969482422,171.4499969482422,0
Male,0,1,0,6,1,False,Fiber optic,False,True,True,False,False,True,Month-to-month,1,Electronic check,91.0,531.0,1
Male,0,0,0,46,1,True,Fiber optic,True,False,False,False,True,False,Month-to-month,1,Credit card (automatic),89.1500015258789,4245.5498046875,0
Male,0,1,0,59,1,True,Fiber optic,False,False,False,False,False,True,One year,0,Electronic check,85.55000305175781,5084.64990234375,1
Female,1,0,0,4,1,False,Fiber optic,False,False,False,False,True,False,Month-to-month,1,Electronic check,78.8499984741211,292.79998779296875,1
Female,0,0,0,7,1,Yes,DSL,Yes,No,No,No,No,No,Month-to-month,1,Electronic check,53.65,404.35,0
Female,0,0,1,44,1,Yes,DSL,No,Yes,No,No,Yes,Yes,One year,1,Mailed check,77.55,3471.1,0
Male,0,1,1,50,1,Yes,Fiber optic,No,Yes,No,Yes,Yes,Yes,Month-to-month,0,Electronic check,103.7,5071.05,1
Female,0,0,0,2,1,False,Fiber optic,False,False,False,False,True,False,Month-to-month,1,Electronic check,80.6500015258789,144.14999389648438,1
Male,1,1,1,20,1,False,Fiber optic,True,False,True,True,False,True,One year,0,Credit card (automatic),94.3000030517578,1818.300048828125,0
Female,0,0,1,10,1,Yes,DSL,Yes,No,Yes,Yes,No,Yes,One year,0,Credit card (automatic),73.55,693.3,0
Female,0,1,0,69,1,Yes,No,No internet service,No internet service,No internet service,No internet service,No internet service,No internet service,One year,1,Electronic check,26.3,1763.55,0
Female,0,1,1,49,0,No,DSL,True,False,False,True,False,False,One year,1,Credit card (automatic),35.79999923706055,1782.0,0
Male,0,0,0,27,1,True,Fiber optic,False,False,True,False,True,True,One year,1,Bank transfer (automatic),100.5,2673.449951171875,0
Male,0,0,0,1,1,False,Fiber optic,False,False,False,False,True,True,Month-to-month,1,Electronic check,89.55000305175781,89.55000305175781,1
Male,0,1,1,65,1,Yes,No,No internet service,No internet service,No internet service,No internet service,No internet service,No internet service,Two year,0,Credit card (automatic),24.75,1715.1,0
Male,0,0,0,7,0,No phone service,DSL,Yes,No,Yes,No,No,No,One year,0,Mailed check,35.3,264.8,0
Male,0,0,1,39,1,False,No,No internet service,No internet service,No internet service,No internet service,No internet service,No internet service,One year,0,Bank transfer (automatic),19.350000381469727,779.2000122070312,0
Male,0,0,0,37,1,True,Fiber optic,False,False,False,True,True,True,Month-to-month,0,Bank transfer (automatic),98.8000030517578,3475.550048828125,1
Female,0,1,1,16,1,True,Fiber optic,True,False,True,True,True,True,Month-to-month,1,Electronic check,112.9499969482422,1882.550048828125,0
Male,1,1,0,29,1,Yes,Fiber optic,No,No,No,No,Yes,Yes,Month-to-month,1,Electronic check,94.45,2653.65,1
Female,0,0,0,14,1,False,Fiber optic,False,False,True,False,False,False,Month-to-month,0,Electronic check,75.3499984741211,1025.949951171875,1
Female,1,0,0,2,1,No,Fiber optic,No,No,No,No,No,No,Month-to-month,0,Electronic check,70.75,154.85,1
Male,0,0,1,12,1,No,No,No internet service,No internet service,No internet service,No internet service,No internet service,No internet service,Month-to-month,0,Credit card (automatic),21.05,235.8,0
Male,0,1,1,66,1,True,DSL,False,False,True,False,True,False,Two year,1,Bank transfer (automatic),63.29999923706055,4189.7001953125,0
Male,0,1,0,66,1,Yes,Fiber optic,Yes,No,Yes,No,Yes,Yes,Two year,1,Credit card (automatic),106.05,6981.35,1
Male,0,0,0,3,1,False,DSL,False,False,False,True,False,True,Month-to-month,0,Mailed check,60.650001525878906,196.8999938964844,0
Male,1,0,0,12,0,No,DSL,False,False,True,True,False,True,Month-to-month,1,Electronic check,43.650001525878906,526.9500122070312,1
Male,0,1,1,68,1,Yes,Fiber optic,No,Yes,No,No,Yes,Yes,One year,1,Credit card (automatic),101.05,6770.5,0
Male,0,0,0,30,1,False,Fiber optic,False,False,False,False,True,True,Month-to-month,1,Electronic check,90.25,2755.35009765625,1
Male,0,0,0,3,1,No,DSL,No,No,Yes,No,No,No,Month-to-month,1,Electronic check,49.15,169.05,1
Male,0,1,0,4,1,False,DSL,False,False,False,True,False,False,Month-to-month,0,Mailed check,50.04999923706055,179.35000610351562,1
Male,0,1,1,12,1,No,No,No internet service,No internet service,No internet service,No internet service,No internet service,No internet service,Two year,0,Bank transfer (automatic),21.05,262.05,0
Male,1,0,0,52,0,No,DSL,False,True,False,False,True,True,Month-to-month,1,Electronic check,49.150001525878906,2550.89990234375,1
Male,0,1,0,3,1,False,DSL,False,False,True,True,False,False,Month-to-month,1,Mailed check,55.79999923706055,154.5500030517578,0
Male,0,1,0,13,1,Yes,Fiber optic,No,No,Yes,No,Yes,Yes,Month-to-month,1,Credit card (automatic),102.25,1359.0,1
Male,0,0,0,57,1,False,DSL,True,False,True,False,True,True,Two year,1,Bank transfer (automatic),74.3499984741211,4317.35009765625,0
Female,0,0,0,1,1,False,DSL,False,False,False,True,False,False,Month-to-month,1,Electronic check,52.20000076293945,52.20000076293945,1
Male,0,1,0,43,1,False,Fiber optic,True,False,True,True,False,False,One year,1,Bank transfer (automatic),84.25,3539.25,0
Male,0,1,1,5,1,Yes,Fiber optic,Yes,No,Yes,No,No,No,Month-to-month,1,Electronic check,84.5,453.75,1
Male,0,0,0,65,1,Yes,Fiber optic,Yes,No,No,Yes,No,Yes,One year,0,Electronic check,93.55,6069.25,0
Female,0,0,1,63,1,False,No,No internet service,No internet service,No internet service,No internet service,No internet service,No internet service,Two year,0,Credit card (automatic),19.5,1215.0999755859375,0
Male,0,1,1,35,1,False,No,No internet service,No internet service,No internet service,No internet service,No internet service,No internet service,Two year,0,Bank transfer (automatic),20.5,759.3499755859375,0
Male,0,0,1,44,1,No,No,No internet service,No internet service,No internet service,No internet service,No internet service,No internet service,Two year,0,Bank transfer (automatic),19.55,819.95,0
Female,0,0,0,60,1,True,Fiber optic,False,True,True,False,True,True,Month-to-month,1,Electronic check,105.9000015258789,6396.4501953125,1
Female,0,0,0,1,1,False,Fiber optic,False,False,True,False,True,False,Month-to-month,1,Credit card (automatic),85.55000305175781,85.55000305175781,1
Male,1,1,0,21,1,False,DSL,True,True,False,False,False,True,Month-to-month,1,Bank transfer (automatic),64.94999694824219,1339.800048828125,0
Male,0,1,0,70,1,Yes,Fiber optic,Yes,Yes,Yes,Yes,Yes,Yes,One year,0,Credit card (automatic),115.65,7968.85,1
Female,0,0,0,57,1,True,Fiber optic,False,True,False,True,False,True,One year,0,Electronic check,94.6999969482422,5468.9501953125,0
Female,0,1,0,9,0,No phone service,DSL,No,No,Yes,No,Yes,Yes,Month-to-month,1,Electronic check,48.75,442.2,1
Female,0,0,0,1,1,No,No,No internet service,No internet service,No internet service,No internet service,No internet service,No internet service,Month-to-month,0,Mailed check,19.9,19.9,0
Male,0,0,1,1,0,No phone service,DSL,No,No,No,No,No,No,Month-to-month,1,Electronic check,25.3,25.3,1
Male,0,1,0,58,1,False,No,No internet service,No internet service,No internet service,No internet service,No internet service,No internet service,Two year,0,Mailed check,20.75,1185.949951171875,0
Female,0,0,0,32,1,No,No,No internet service,No internet service,No internet service,No internet service,No internet service,No internet service,Month-to-month,0,Bank transfer (automatic),19.9,601.55,0
Male,0,0,1,51,1,False,DSL,False,False,False,True,False,False,One year,0,Credit card (automatic),47.84999847412109,2356.75,0
Male,0,0,1,61,1,False,No,No internet service,No internet service,No internet service,No internet service,No internet service,No internet service,Two year,0,Mailed check,19.75,1124.199951171875,0
Female,0,0,0,24,1,True,Fiber optic,True,False,False,True,False,False,Month-to-month,1,Electronic check,84.3499984741211,1938.050048828125,0
Female,0,1,1,57,1,No,No,No internet service,No internet service,No internet service,No internet service,No internet service,No internet service,Two year,1,Bank transfer (automatic),20.1,1087.7,0
Male,0,1,0,49,0,No,DSL,False,True,False,False,True,True,Two year,0,Credit card (automatic),49.650001525878906,2409.89990234375,0
Female,1,1,0,50,1,True,No,No internet service,No internet service,No internet service,No internet service,No internet service,No internet service,One year,0,Electronic check,25.200000762939453,1306.300048828125,0
Female,0,1,1,70,1,No,No,No internet service,No internet service,No internet service,No internet service,No internet service,No internet service,Two year,0,Bank transfer (automatic),19.8,1378.75,0
Female,0,0,0,16,1,True,Fiber optic,False,False,False,False,False,False,Month-to-month,0,Electronic check,72.6500015258789,1194.300048828125,1
Male,0,0,0,72,0,No,DSL,True,True,True,True,True,True,Two year,1,Bank transfer (automatic),63.70000076293945,4464.7998046875,0
Male,0,1,1,62,1,False,Fiber optic,True,True,True,True,True,True,Two year,0,Mailed check,108.1500015258789,6825.64990234375,0
Male,0,0,0,52,1,Yes,Fiber optic,Yes,No,Yes,Yes,Yes,Yes,Two year,1,Electronic check,109.3,5731.4,0
Female,0,1,1,25,0,No,DSL,True,True,True,False,True,True,Month-to-month,1,Credit card (automatic),58.59999847412109,1502.6500244140625,1
Female,0,1,1,70,1,False,DSL,False,True,True,True,True,True,Two year,1,Bank transfer (automatic),80.4000015258789,5717.85009765625,0
Male,0,1,0,59,0,No,DSL,False,True,False,False,False,True,Month-to-month,1,Bank transfer (automatic),41.04999923706055,2452.699951171875,1
Female,0,1,1,47,0,No phone service,DSL,Yes,Yes,Yes,No,Yes,Yes,Two year,1,Credit card (automatic),60.0,2768.65,0
Female,1,0,0,13,1,True,Fiber optic,True,False,False,False,True,True,Month-to-month,1,Electronic check,100.8000030517578,1308.0999755859375,1
Male,0,1,0,52,1,Yes,Fiber optic,No,Yes,No,Yes,No,Yes,Month-to-month,1,Credit card (automatic),95.65,5088.4,0
Male,0,1,1,51,1,Yes,No,No internet service,No internet service,No internet service,No internet service,No internet service,No internet service,One year,1,Mailed check,23.95,1216.35,0
Male,1,1,1,22,0,No phone service,DSL,Yes,No,No,No,No,Yes,Month-to-month,0,Mailed check,40.05,880.2,1
Female,0,0,0,1,1,No,No,No internet service,No internet service,No internet service,No internet service,No internet service,No internet service,Month-to-month,0,Credit card (automatic),20.3,20.3,0
Male,0,0,0,12,1,True,DSL,True,True,False,True,False,False,Month-to-month,1,Electronic check,67.25,832.2999877929688,0
Female,0,1,0,72,1,Yes,Fiber optic,Yes,Yes,No,No,No,No,Two year,1,Bank transfer (automatic),84.05,6052.25,0
Female,0,0,1,14,1,False,DSL,False,False,True,False,True,False,Month-to-month,1,Credit card (automatic),59.79999923706055,824.8499755859375,0
Female,0,1,1,41,1,True,DSL,True,True,True,True,False,True,Month-to-month,0,Credit card (automatic),79.9000015258789,3326.199951171875,1
Female,0,1,1,66,1,No,DSL,Yes,No,No,No,Yes,No,Two year,1,Electronic check,59.75,3996.8,0
Female,0,1,1,53,1,No,No,No internet service,No internet service,No internet service,No internet service,No internet service,No internet service,Two year,0,Mailed check,20.9,1146.05,0
Male,0,1,0,62,0,No,DSL,True,True,False,True,False,False,Two year,1,Credit card (automatic),38.59999847412109,2345.550048828125,0
Female,0,1,1,12,0,No,DSL,True,False,False,True,False,False,One year,0,Credit card (automatic),33.150001525878906,444.75,0
Female,0,1,0,25,0,No phone service,DSL,No,No,No,No,Yes,No,Month-to-month,1,Bank transfer (automatic),34.0,853.0,1
Female,0,1,0,25,1,Yes,DSL,No,Yes,No,No,No,No,Month-to-month,0,Electronic check,54.1,1373.0,0
Male,1,0,0,55,1,Yes,Fiber optic,Yes,Yes,Yes,Yes,Yes,Yes,Month-to-month,1,Electronic check,116.5,6382.55,0
Male,0,1,1,41,1,Yes,Fiber optic,No,No,Yes,Yes,Yes,Yes,One year,1,Electronic check,102.6,4213.35,1
Male,1,0,0,37,0,No,DSL,False,True,True,False,False,False,Month-to-month,0,Electronic check,36.650001525878906,1315.0,0
Male,0,1,0,40,1,True,Fiber optic,False,False,False,False,True,True,Month-to-month,1,Bank transfer (automatic),97.0999984741211,3706.949951171875,1
Male,0,1,0,22,1,True,Fiber optic,True,False,False,True,True,False,Month-to-month,0,Credit card (automatic),95.9000015258789,2234.949951171875,0
Female,1,1,0,8,1,True,Fiber optic,False,True,False,False,False,False,Month-to-month,1,Credit card (automatic),80.6500015258789,633.2999877929688,1
Male,0,1,1,35,1,False,No,No internet service,No internet service,No internet service,No internet service,No internet service,No internet service,Two year,0,Mailed check,20.100000381469727,655.2999877929688,0
Male,0,1,1,69,1,Yes,Fiber optic,Yes,Yes,Yes,Yes,Yes,Yes,Two year,1,Bank transfer (automatic),114.35,7665.8,0
Female,0,1,1,11,1,True,DSL,False,False,False,True,False,True,Month-to-month,1,Electronic check,66.3499984741211,740.7999877929688,1
Female,1,0,0,67,1,Yes,DSL,No,Yes,No,No,No,No,Month-to-month,0,Electronic check,54.9,3725.5,0
Female,1,1,0,4,1,True,Fiber optic,False,False,False,False,True,False,Month-to-month,1,Electronic check,83.25,308.04998779296875,0
Male,0,1,1,22,1,Yes,DSL,No,No,Yes,Yes,Yes,Yes,One year,1,Mailed check,78.65,1663.75,0
Female,0,1,0,12,1,True,DSL,True,False,True,False,True,True,One year,0,Electronic check,78.8499984741211,876.75,0
Male,0,0,0,5,1,No,DSL,No,No,Yes,Yes,No,No,Month-to-month,0,Electronic check,56.15,291.45,0
Male,0,0,0,23,1,Yes,Fiber optic,No,No,Yes,Yes,Yes,Yes,Month-to-month,1,Mailed check,104.05,2470.1,1
Female,0,0,0,60,0,No phone service,DSL,Yes,No,Yes,No,No,Yes,One year,1,Electronic check,44.45,2773.9,0
Male,0,1,0,44,0,No phone service,DSL,No,Yes,Yes,No,Yes,Yes,Two year,0,Bank transfer (automatic),54.3,2390.45,0
Female,0,1,0,69,1,True,Fiber optic,True,True,True,True,True,True,Two year,1,Electronic check,116.0,8182.85009765625,0
Female,0,0,0,15,1,False,DSL,False,True,False,False,False,False,Month-to-month,0,Electronic check,48.84999847412109,736.7999877929688,0
Female,0,1,0,15,1,False,Fiber optic,False,False,False,False,True,True,Month-to-month,0,Electronic check,88.1500015258789,1390.5999755859375,1
Male,0,0,1,54,1,No,DSL,No,Yes,Yes,Yes,No,No,One year,1,Electronic check,61.0,3283.05,0
Female,0,0,0,16,1,False,Fiber optic,False,True,False,False,False,True,Month-to-month,1,Electronic check,86.25,1340.0999755859375,0
Female,0,0,0,32,1,Yes,Fiber optic,No,Yes,Yes,No,Yes,Yes,One year,1,Credit card (automatic),104.05,3416.85,0
Female,0,0,0,12,1,No,Fiber optic,No,No,Yes,No,Yes,Yes,One year,0,Mailed check,95.5,1115.15,1
Female,1,0,0,20,1,False,Fiber optic,False,False,False,False,True,False,Month-to-month,0,Bank transfer (automatic),80.69999694824219,1614.199951171875,0
Male,0,1,1,11,1,False,No,No internet service,No internet service,No internet service,No internet service,No internet service,No internet service,Month-to-month,1,Electronic check,20.450000762939453,250.8000030517578,0
Female,0,0,0,5,1,False,Fiber optic,False,True,False,False,True,False,Month-to-month,1,Mailed check,85.30000305175781,420.4500122070313,0
Male,0,0,0,1,1,No,No,No internet service,No internet service,No internet service,No internet service,No internet service,No internet service,Month-to-month,0,Mailed check,20.3,20.3,0
Male,0,0,0,3,1,No,Fiber optic,No,Yes,No,No,No,No,Month-to-month,0,Credit card (automatic),74.45,221.1,0
Female,0,0,0,15,1,Yes,DSL,Yes,No,No,No,No,No,Month-to-month,1,Mailed check,55.7,899.8,1
Male,0,0,0,13,1,No,Fiber optic,No,No,No,No,Yes,Yes,Month-to-month,1,Electronic check,91.1,1135.7,1
Female,0,0,1,50,1,False,No,No internet service,No internet service,No internet service,No internet service,No internet service,No internet service,Two year,0,Credit card (automatic),20.149999618530277,970.8499755859376,0
Male,0,0,0,1,1,False,No,No internet service,No internet service,No internet service,No internet service,No internet service,No internet service,Month-to-month,1,Mailed check,19.5,19.5,0
Female,0,1,1,54,1,False,DSL,True,False,True,True,False,True,Two year,0,Bank transfer (automatic),69.94999694824219,3871.85009765625,0
Male,0,0,1,39,0,No,DSL,True,False,False,True,True,False,One year,0,Bank transfer (automatic),45.04999923706055,1790.5999755859375,0
Female,0,1,1,3,1,True,Fiber optic,False,False,False,False,False,True,Month-to-month,1,Bank transfer (automatic),84.75,264.8500061035156,1
Male,1,1,0,27,0,No phone service,DSL,No,No,No,No,No,Yes,Month-to-month,0,Bank transfer (automatic),36.5,1032.0,1
Male,1,0,0,12,1,Yes,Fiber optic,No,No,Yes,No,Yes,Yes,Month-to-month,1,Electronic check,99.45,1200.15,1
Female,0,0,0,18,1,False,No,No internet service,No internet service,No internet service,No internet service,No internet service,No internet service,One year,0,Mailed check,20.100000381469727,407.0499877929688,0
Male,1,1,0,51,1,Yes,Fiber optic,Yes,No,Yes,No,No,Yes,One year,1,Bank transfer (automatic),93.65,4839.15,0
Female,0,1,1,39,1,False,No,No internet service,No internet service,No internet service,No internet service,No internet service,No internet service,Two year,0,Mailed check,19.75,757.9500122070312,0
Female,0,1,0,19,1,False,DSL,False,False,False,False,False,False,Month-to-month,0,Mailed check,44.900001525878906,839.6500244140625,0
Female,0,1,1,59,1,Yes,Fiber optic,No,Yes,Yes,No,Yes,Yes,One year,1,Electronic check,106.15,6256.2,0
Female,1,1,0,68,1,False,DSL,False,True,True,True,False,False,One year,1,Bank transfer (automatic),60.650001525878906,3975.89990234375,0
Male,0,1,0,72,1,Yes,No,No internet service,No internet service,No internet service,No internet service,No internet service,No internet service,Two year,0,Mailed check,25.4,1797.1,0
Female,0,0,0,26,1,True,Fiber optic,False,False,True,False,False,False,Month-to-month,1,Electronic check,80.69999694824219,2193.0,0
Male,0,0,0,27,1,False,DSL,True,True,False,False,False,False,One year,0,Bank transfer (automatic),55.45000076293945,1477.6500244140625,0
Male,0,1,1,62,1,True,Fiber optic,True,True,False,False,True,False,One year,1,Credit card (automatic),94.9499969482422,5791.85009765625,0
Female,0,1,1,12,1,False,DSL,False,False,True,False,True,False,Month-to-month,1,Credit card (automatic),58.34999847412109,740.5499877929688,0
Female,0,0,0,25,1,True,Fiber optic,False,True,True,True,True,True,Two year,0,Electronic check,108.9000015258789,2809.050048828125,0
Male,1,1,0,19,0,No phone service,DSL,No,Yes,Yes,No,No,No,Month-to-month,1,Credit card (automatic),34.3,577.15,0
Female,0,0,0,11,1,True,Fiber optic,False,False,False,True,True,False,Month-to-month,0,Electronic check,90.1500015258789,987.9500122070312,1
Male,0,0,0,64,1,False,No,No internet service,No internet service,No internet service,No internet service,No internet service,No internet service,Two year,0,Mailed check,19.549999237060547,1240.1500244140625,0
Male,0,0,1,2,1,No,DSL,No,No,No,No,No,Yes,Month-to-month,1,Electronic check,55.3,108.65,0
Male,0,0,0,2,1,False,Fiber optic,False,True,False,False,False,False,Month-to-month,1,Electronic check,74.75,144.8000030517578,0
Female,0,1,0,19,1,False,Fiber optic,True,False,False,False,False,False,Month-to-month,1,Electronic check,73.19999694824219,1441.0999755859375,1
Female,1,0,0,16,1,True,Fiber optic,False,False,False,False,True,True,Month-to-month,1,Electronic check,96.1500015258789,1529.199951171875,1
Female,0,0,0,2,1,True,Fiber optic,False,False,False,False,False,True,Month-to-month,1,Electronic check,85.69999694824219,169.8000030517578,1
Female,0,0,0,17,1,False,No,No internet service,No internet service,No internet service,No internet service,No internet service,No internet service,One year,0,Bank transfer (automatic),19.899999618530277,323.1499938964844,0
Female,0,1,0,60,1,True,Fiber optic,False,True,False,False,True,True,Month-to-month,1,Electronic check,99.8000030517578,5985.75,0
Male,0,0,0,17,1,False,Fiber optic,False,True,True,False,False,True,Month-to-month,1,Credit card (automatic),90.9499969482422,1612.199951171875,0
Female,0,1,1,64,1,False,No,No internet service,No internet service,No internet service,No internet service,No internet service,No internet service,One year,0,Bank transfer (automatic),19.799999237060547,1336.6500244140625,0
Female,0,1,0,5,1,False,Fiber optic,False,False,False,False,False,False,Month-to-month,0,Electronic check,69.94999694824219,330.1499938964844,1
Male,0,0,1,3,1,False,DSL,False,False,False,False,True,False,Month-to-month,1,Credit card (automatic),54.70000076293945,169.4499969482422,1
Female,0,0,0,68,1,False,No,No internet service,No internet service,No internet service,No internet service,No internet service,No internet service,Two year,0,Credit card (automatic),20.5,1424.9000244140625,0
Male,0,0,0,53,1,No,DSL,No,No,Yes,No,No,Yes,One year,1,Electronic check,61.1,3357.9,0
Male,0,1,1,7,0,No,DSL,True,False,False,True,False,False,Month-to-month,1,Electronic check,34.5,279.25,1
Male,0,1,1,10,0,No phone service,DSL,Yes,Yes,Yes,Yes,No,Yes,Two year,0,Credit card (automatic),53.7,521.0,0
Male,0,0,0,11,1,Yes,DSL,No,No,Yes,No,No,No,Month-to-month,0,Electronic check,53.75,608.0,1
Female,0,1,1,30,1,False,No,No internet service,No internet service,No internet service,No internet service,No internet service,No internet service,One year,0,Bank transfer (automatic),19.549999237060547,608.5,0
Male,1,0,0,6,1,No,Fiber optic,Yes,No,No,No,Yes,No,Month-to-month,1,Bank transfer (automatic),85.15,503.6,1
Female,1,0,0,1,1,False,Fiber optic,False,False,False,False,False,False,Month-to-month,1,Mailed check,70.5999984741211,70.5999984741211,0
Male,0,0,0,23,1,False,Fiber optic,False,True,False,False,True,True,Month-to-month,0,Mailed check,95.3000030517578,2192.89990234375,0
Female,0,1,1,21,1,No,DSL,No,No,No,No,No,No,Month-to-month,1,Electronic check,44.95,926.25,0
Male,0,0,0,68,1,True,DSL,True,True,True,False,False,True,One year,1,Credit card (automatic),76.9000015258789,5023.0,0
Female,0,1,1,10,1,Yes,Fiber optic,No,Yes,Yes,No,Yes,Yes,Month-to-month,1,Credit card (automatic),102.1,1068.85,1
Female,0,0,0,67,1,Yes,Fiber optic,Yes,Yes,Yes,No,Yes,No,Month-to-month,1,Credit card (automatic),102.95,6886.25,1
Male,0,1,1,58,1,Yes,Fiber optic,No,No,Yes,Yes,No,Yes,Two year,0,Bank transfer (automatic),94.35,5563.65,0
Female,0,0,0,1,1,No,No,No internet service,No internet service,No internet service,No internet service,No internet service,No internet service,Month-to-month,1,Mailed check,20.3,20.3,1
Female,1,0,0,20,1,True,Fiber optic,False,True,True,False,False,True,Month-to-month,1,Electronic check,94.0999984741211,1782.4000244140625,1
Male,0,1,1,56,0,No phone service,DSL,Yes,Yes,No,Yes,Yes,No,One year,1,Mailed check,52.0,2884.9,0
Female,0,0,0,1,1,No,Fiber optic,No,Yes,Yes,No,No,No,Month-to-month,1,Electronic check,82.3,82.3,1
Female,1,1,0,55,1,True,DSL,False,False,False,False,False,False,Month-to-month,0,Bank transfer (automatic),51.650001525878906,2838.550048828125,0
Female,0,0,1,61,1,Yes,No,No internet service,No internet service,No internet service,No internet service,No internet service,No internet service,Two year,1,Credit card (automatic),25.0,1498.35,0
Female,0,0,0,23,1,True,DSL,False,False,False,True,True,True,One year,1,Mailed check,73.75,1756.5999755859375,0
Male,1,0,0,67,1,Yes,DSL,Yes,Yes,No,Yes,No,No,Two year,1,Bank transfer (automatic),64.55,4250.1,0
Female,0,1,1,71,0,No,DSL,True,True,False,True,True,True,Two year,0,Mailed check,58.650001525878906,4145.25,0
Male,1,1,0,47,1,Yes,Fiber optic,No,No,Yes,No,Yes,Yes,Month-to-month,1,Electronic check,100.05,4871.05,1
Male,0,1,1,8,1,No,No,No internet service,No internet service,No internet service,No internet service,No internet service,No internet service,Two year,0,Credit card (automatic),19.6,125.0,0
Male,0,1,1,15,1,No,No,No internet service,No internet service,No internet service,No internet service,No internet service,No internet service,One year,0,Mailed check,19.65,332.65,0
Male,0,0,0,56,1,False,DSL,False,True,True,True,True,True,Two year,1,Credit card (automatic),81.80000305175781,4534.4501953125,0
Female,1,0,0,41,1,True,Fiber optic,True,True,True,False,True,True,Month-to-month,1,Electronic check,113.1999969482422,4689.5,1
Female,0,1,0,10,1,False,DSL,False,False,True,False,True,True,Month-to-month,1,Credit card (automatic),67.80000305175781,653.1500244140625,0
Male,1,1,0,46,1,True,Fiber optic,False,False,True,False,True,True,Month-to-month,1,Electronic check,98.8499984741211,4564.89990234375,0
Female,0,1,1,13,1,False,DSL,False,False,False,False,False,True,Month-to-month,0,Electronic check,55.95000076293945,734.3499755859375,1
Female,0,0,0,1,1,No,No,No internet service,No internet service,No internet service,No internet service,No internet service,No internet service,Month-to-month,0,Credit card (automatic),19.4,19.4,0
Female,0,1,1,3,1,No,Fiber optic,No,No,No,No,Yes,No,Month-to-month,1,Electronic check,80.7,239.45,0
Male,1,0,0,24,1,False,Fiber optic,False,False,False,False,False,False,Month-to-month,0,Credit card (automatic),70.0,1732.5999755859375,0
Male,0,1,0,5,0,No,DSL,False,False,False,False,False,False,Month-to-month,1,Electronic check,24.950000762939453,100.4000015258789,1
Female,0,0,0,2,0,No,DSL,False,False,False,True,False,False,Month-to-month,1,Electronic check,30.899999618530277,59.04999923706055,1
Female,1,0,0,3,1,False,Fiber optic,False,False,True,False,False,False,Month-to-month,0,Mailed check,75.05000305175781,202.8999938964844,0
Female,0,1,1,25,1,False,Fiber optic,False,True,True,False,True,False,Month-to-month,1,Bank transfer (automatic),89.1500015258789,2257.75,1
Male,1,1,0,69,1,True,Fiber optic,False,True,True,True,True,True,Two year,1,Bank transfer (automatic),108.4000015258789,7318.2001953125,1
Female,0,0,0,40,1,False,No,No internet service,No internet service,No internet service,No internet service,No internet service,No internet service,Two year,0,Mailed check,20.149999618530277,804.8499755859375,0
Female,0,0,0,29,1,True,Fiber optic,False,False,True,False,True,True,Month-to-month,1,Credit card (automatic),98.5999984741211,2933.199951171875,1
Male,0,1,0,20,1,False,DSL,True,False,False,True,False,True,One year,1,Mailed check,64.1500015258789,1274.449951171875,0
Female,0,0,0,21,1,False,DSL,True,False,True,True,False,False,One year,1,Electronic check,60.25,1258.3499755859375,0
Male,0,1,1,67,1,True,Fiber optic,False,True,True,True,True,True,Two year,1,Bank transfer (automatic),111.1999969482422,7530.7998046875,0
Male,0,0,0,1,1,False,No,No internet service,No internet service,No internet service,No internet service,No internet service,No internet service,Month-to-month,0,Mailed check,20.149999618530277,20.149999618530277,1
Female,0,0,0,1,1,False,No,No internet service,No internet service,No internet service,No internet service,No internet service,No internet service,Month-to-month,0,Electronic check,18.850000381469727,18.850000381469727,0
Female,0,1,1,33,1,True,Fiber optic,True,False,True,False,True,True,One year,1,Mailed check,103.6999969482422,3467.0,1
Female,1,1,0,56,1,Yes,DSL,Yes,Yes,Yes,Yes,No,No,One year,1,Credit card (automatic),68.45,4014.0,0
Male,0,1,1,55,1,False,No,No internet service,No internet service,No internet service,No internet service,No internet service,No internet service,Two year,0,Bank transfer (automatic),19.350000381469727,1153.25,0
Male,0,1,1,57,1,Yes,Fiber optic,No,No,No,No,No,No,Month-to-month,1,Electronic check,74.3,4018.35,0
Female,1,1,0,27,1,Yes,Fiber optic,Yes,No,No,Yes,Yes,Yes,Month-to-month,1,Bank transfer (automatic),104.3,2867.75,1
Male,0,1,0,72,1,Yes,Fiber optic,No,Yes,No,No,Yes,Yes,Two year,1,Electronic check,99.4,7285.7,0
Male,0,0,1,8,0,No,DSL,False,False,False,False,False,False,Month-to-month,0,Mailed check,25.5,215.1999969482422,1
Male,1,1,0,69,1,Yes,Fiber optic,Yes,Yes,No,No,No,No,Month-to-month,1,Credit card (automatic),84.9,5785.65,0
Male,0,1,1,46,1,False,No,No internet service,No internet service,No internet service,No internet service,No internet service,No internet service,Two year,1,Mailed check,20.100000381469727,936.8499755859376,0
Female,0,1,1,67,1,Yes,DSL,No,No,Yes,Yes,No,Yes,Two year,1,Bank transfer (automatic),69.9,4615.9,0
Female,0,1,1,46,1,No,No,No internet service,No internet service,No internet service,No internet service,No internet service,No internet service,Two year,0,Bank transfer (automatic),20.25,890.35,0
Female,0,1,0,37,1,True,Fiber optic,True,False,True,True,False,True,One year,1,Electronic check,99.1999969482422,3754.60009765625,1
Male,0,0,0,54,1,Yes,Fiber optic,No,No,Yes,No,No,Yes,Month-to-month,0,Credit card (automatic),89.4,4869.5,0
Male,0,1,1,43,1,False,DSL,True,False,True,True,True,True,Two year,1,Credit card (automatic),79.1500015258789,3566.60009765625,0
Female,0,1,1,62,1,No,DSL,Yes,No,Yes,No,No,No,One year,0,Credit card (automatic),54.75,3425.35,0
Male,1,1,0,66,1,Yes,Fiber optic,No,Yes,Yes,Yes,Yes,Yes,One year,1,Electronic check,110.85,7491.75,1
Male,0,1,0,48,1,No,No,No internet service,No internet service,No internet service,No internet service,No internet service,No internet service,Two year,1,Mailed check,20.05,1036.0,0
Male,0,0,0,51,1,True,Fiber optic,False,False,False,False,False,True,Month-to-month,0,Bank transfer (automatic),83.4000015258789,4149.4501953125,0
Female,0,0,0,9,1,No,Fiber optic,No,No,No,No,No,No,Month-to-month,0,Electronic check,69.05,651.5,0
Female,0,0,0,61,1,Yes,Fiber optic,Yes,Yes,Yes,Yes,Yes,Yes,One year,1,Mailed check,115.1,6993.65,0
Female,0,0,0,1,0,No phone service,DSL,No,No,No,No,No,No,One year,0,Mailed check,25.85,25.85,0
Male,1,1,0,20,1,True,Fiber optic,False,False,False,False,True,True,Month-to-month,1,Electronic check,94.5500030517578,1899.6500244140625,1
Female,0,0,0,15,0,No phone service,DSL,Yes,Yes,Yes,Yes,No,No,One year,0,Mailed check,45.9,693.45,0
Male,0,0,0,27,1,No,Fiber optic,No,No,No,No,No,No,Month-to-month,1,Mailed check,69.05,1793.25,0
Female,0,1,1,70,1,Yes,DSL,Yes,Yes,Yes,Yes,Yes,No,Two year,0,Electronic check,80.7,5617.95,0
Male,1,0,0,60,1,Yes,DSL,Yes,Yes,No,No,No,Yes,One year,1,Electronic check,71.75,4374.55,0
Male,1,1,0,7,1,True,Fiber optic,False,False,True,False,True,True,Month-to-month,1,Electronic check,99.25,665.4500122070312,1
Male,0,0,0,11,1,False,Fiber optic,False,False,False,False,False,False,Month-to-month,0,Electronic check,70.19999694824219,760.0499877929688,0
Male,0,0,0,49,1,True,Fiber optic,False,True,True,False,True,True,Month-to-month,1,Bank transfer (automatic),103.6999969482422,5036.2998046875,1
Female,0,1,0,58,1,True,DSL,True,False,False,True,False,False,One year,1,Bank transfer (automatic),61.04999923706055,3478.75,0
Male,0,1,0,24,1,False,DSL,True,False,False,True,False,False,Month-to-month,0,Mailed check,53.59999847412109,1315.3499755859375,0
Female,0,0,1,9,1,False,DSL,False,False,False,True,True,True,Month-to-month,1,Credit card (automatic),69.4000015258789,571.4500122070312,0
Male,0,0,0,52,1,True,Fiber optic,False,False,True,False,False,True,Two year,1,Credit card (automatic),89.44999694824219,4577.75,0
Female,0,1,0,37,1,No,No,No internet service,No internet service,No internet service,No internet service,No internet service,No internet service,Month-to-month,0,Bank transfer (automatic),19.5,805.2,0
Male,1,1,1,43,1,True,Fiber optic,False,True,True,True,True,True,Month-to-month,1,Bank transfer (automatic),110.75,4687.89990234375,1
Male,0,1,0,1,1,False,Fiber optic,False,False,False,False,True,True,Month-to-month,1,Electronic check,90.75,90.75,1
Female,0,1,1,31,1,False,DSL,True,False,True,True,True,True,One year,1,Mailed check,81.1500015258789,2545.75,0
Female,0,1,1,63,1,No,DSL,Yes,Yes,Yes,Yes,No,No,Two year,0,Mailed check,63.55,4014.2,0
Female,0,1,1,67,1,Yes,No,No internet service,No internet service,No internet service,No internet service,No internet service,No internet service,Two year,1,Mailed check,24.9,1680.25,0
Male,0,1,0,5,1,Yes,Fiber optic,Yes,No,No,No,No,Yes,Month-to-month,1,Electronic check,89.15,413.25,0
Male,0,1,1,68,1,No,Fiber optic,Yes,Yes,Yes,No,Yes,Yes,Two year,1,Bank transfer (automatic),105.25,7173.15,0
Male,1,1,0,57,1,False,Fiber optic,False,True,True,False,True,False,One year,1,Electronic check,90.6500015258789,5199.7998046875,0
Female,1,1,1,65,1,Yes,Fiber optic,No,Yes,Yes,No,Yes,Yes,One year,1,Electronic check,107.45,7047.5,0
Male,0,0,0,1,1,No,No,No internet service,No internet service,No internet service,No internet service,No internet service,No internet service,Month-to-month,1,Mailed check,19.9,19.9,0
Female,1,1,0,57,1,Yes,Fiber optic,No,Yes,Yes,No,No,Yes,Month-to-month,0,Credit card (automatic),94.0,5438.95,0
Male,1,0,0,51,1,No,Fiber optic,No,No,Yes,No,Yes,Yes,One year,1,Bank transfer (automatic),94.0,4905.75,0
Male,1,0,0,1,1,True,Fiber optic,False,False,False,False,False,False,Month-to-month,1,Electronic check,74.69999694824219,74.69999694824219,1
Female,0,1,1,72,1,True,Fiber optic,True,True,True,True,True,True,Two year,1,Bank transfer (automatic),113.0999984741211,8248.5,0
Female,0,0,0,10,1,False,Fiber optic,False,False,False,False,False,True,Month-to-month,1,Bank transfer (automatic),80.25,846.0,1
Female,0,1,0,40,1,True,Fiber optic,False,False,False,True,False,False,Month-to-month,1,Credit card (automatic),78.8499984741211,3126.85009765625,0
Male,0,0,0,41,1,False,Fiber optic,False,False,False,True,False,False,Month-to-month,1,Electronic check,74.25,3089.10009765625,0
Female,0,1,1,24,1,Yes,DSL,Yes,Yes,Yes,No,No,No,Two year,0,Electronic check,64.35,1558.65,0
Male,0,0,0,35,1,No,No,No internet service,No internet service,No internet service,No internet service,No internet service,No internet service,Two year,0,Bank transfer (automatic),21.45,705.45,0
Female,0,0,0,70,1,Yes,Fiber optic,No,Yes,No,No,Yes,Yes,One year,0,Electronic check,98.9,6838.6,0
Female,0,0,0,57,1,No,DSL,Yes,Yes,Yes,Yes,Yes,No,Two year,1,Credit card (automatic),74.3,4166.35,0
Female,1,0,0,14,0,No,DSL,False,False,False,False,True,True,Month-to-month,1,Electronic check,46.34999847412109,672.7000122070312,0
Female,0,0,0,72,1,True,Fiber optic,True,True,True,True,True,True,Two year,1,Electronic check,114.9000015258789,8496.7001953125,0
Female,0,1,1,6,1,False,DSL,False,False,False,True,False,False,Month-to-month,1,Mailed check,48.79999923706055,297.3500061035156,0
Female,0,1,1,6,1,True,DSL,False,False,False,False,False,False,Month-to-month,1,Credit card (automatic),48.95000076293945,273.25,0
Female,0,1,0,62,1,Yes,Fiber optic,Yes,Yes,Yes,Yes,Yes,Yes,Two year,0,Mailed check,113.95,6891.4,0
Female,0,1,1,10,1,No,DSL,No,Yes,No,Yes,No,Yes,Month-to-month,1,Electronic check,65.5,616.9,0
Female,0,0,1,19,1,No,No,No internet service,No internet service,No internet service,No internet service,No internet service,No internet service,Two year,0,Mailed check,20.5,398.55,0
Male,1,1,1,72,0,No,DSL,True,True,True,True,True,True,Two year,1,Bank transfer (automatic),64.80000305175781,4732.35009765625,0
Female,0,0,0,4,1,False,Fiber optic,False,False,False,False,False,False,Month-to-month,1,Electronic check,70.1500015258789,268.3500061035156,1
Female,0,1,1,35,1,True,No,No internet service,No internet service,No internet service,No internet service,No internet service,No internet service,Month-to-month,1,Electronic check,25.75,882.5499877929688,0
Male,0,1,1,42,1,True,DSL,True,True,False,False,True,False,Month-to-month,1,Bank transfer (automatic),69.4000015258789,3058.300048828125,0
Female,0,0,0,55,1,False,Fiber optic,False,True,True,False,False,False,Month-to-month,1,Electronic check,81.55000305175781,4509.5,0
Male,0,1,0,30,1,False,DSL,False,False,True,False,False,False,Month-to-month,1,Mailed check,50.0,1474.9000244140625,0
Female,1,1,0,3,0,No phone service,DSL,No,Yes,No,No,No,No,Month-to-month,1,Electronic check,30.75,82.85,0
Male,0,0,1,47,1,False,DSL,True,True,False,False,False,False,Month-to-month,1,Electronic check,55.29999923706055,2654.050048828125,0
Male,0,1,0,71,1,True,Fiber optic,True,False,True,True,True,True,Two year,1,Credit card (automatic),108.5500030517578,7616.0,0
Female,0,1,1,71,1,Yes,DSL,Yes,Yes,Yes,Yes,No,No,Two year,0,Mailed check,71.1,5224.95,0
Female,0,0,0,1,1,True,No,No internet service,No internet service,No internet service,No internet service,No internet service,No internet service,Month-to-month,1,Electronic check,25.700000762939453,25.700000762939453,0
Female,0,0,0,36,0,No,DSL,True,False,False,False,False,False,Two year,0,Bank transfer (automatic),31.049999237060547,1126.3499755859375,0
Female,0,1,1,16,0,No,DSL,False,False,False,False,False,True,Month-to-month,1,Credit card (automatic),35.5,552.7000122070312,0
Female,0,1,0,71,1,True,No,No internet service,No internet service,No internet service,No internet service,No internet service,No internet service,Two year,1,Bank transfer (automatic),24.649999618530277,1710.1500244140625,0
Male,0,0,0,64,1,Yes,Fiber optic,No,Yes,No,Yes,Yes,Yes,One year,1,Credit card (automatic),105.65,6903.1,1
Female,0,0,0,50,1,False,Fiber optic,False,False,True,True,False,True,Two year,1,Bank transfer (automatic),89.69999694824219,4304.5,0
Male,0,0,0,22,1,True,Fiber optic,True,False,False,False,True,True,Month-to-month,1,Bank transfer (automatic),101.3499984741211,2317.10009765625,1
Female,1,1,0,53,1,True,Fiber optic,False,False,False,False,True,True,One year,1,Credit card (automatic),95.8499984741211,5016.25,0
Male,0,0,0,63,1,True,DSL,True,True,True,True,False,False,One year,0,Electronic check,71.5,4576.2998046875,0
Male,1,1,0,44,0,No,DSL,False,True,False,False,False,False,Month-to-month,1,Electronic check,30.350000381469727,1359.699951171875,1
Male,1,0,0,1,1,No,DSL,No,No,No,No,No,No,Month-to-month,1,Mailed check,45.85,45.85,0
Male,0,0,1,34,1,Yes,Fiber optic,Yes,Yes,No,No,Yes,Yes,One year,1,Electronic check,103.8,3470.8,0
Female,0,1,1,43,1,True,Fiber optic,False,False,True,False,True,True,Month-to-month,1,Bank transfer (automatic),99.3000030517578,4209.9501953125,0
Male,1,1,0,72,1,Yes,Fiber optic,No,Yes,Yes,Yes,Yes,Yes,Two year,1,Bank transfer (automatic),109.75,7932.5,0
Female,0,1,0,68,1,Yes,No,No internet service,No internet service,No internet service,No internet service,No internet service,No internet service,Two year,0,Credit card (automatic),25.8,1911.5,0
Female,0,1,1,29,1,False,No,No internet service,No internet service,No internet service,No internet service,No internet service,No internet service,One year,0,Electronic check,20.0,540.0499877929688,0
Female,0,0,0,12,1,False,No,No internet service,No internet service,No internet service,No internet service,No internet service,No internet service,Month-to-month,0,Mailed check,19.450000762939453,246.25,0
Female,0,0,0,8,1,Yes,Fiber optic,No,No,No,No,Yes,Yes,Month-to-month,0,Bank transfer (automatic),95.65,778.1,1
Female,0,0,0,2,1,False,Fiber optic,False,False,False,False,True,False,Month-to-month,1,Electronic check,80.19999694824219,146.0500030517578,1
Male,0,1,1,10,1,No,No,No internet service,No internet service,No internet service,No internet service,No internet service,No internet service,Month-to-month,1,Credit card (automatic),20.05,218.5,0
Female,0,1,1,27,1,False,DSL,True,True,True,True,False,False,One year,0,Mailed check,66.1500015258789,1874.449951171875,0
Female,0,1,1,0,1,False,DSL,True,True,True,False,True,True,Two year,0,Mailed check,80.8499984741211,0.0,0
Male,1,0,0,72,1,True,No,No internet service,No internet service,No internet service,No internet service,No internet service,No internet service,Two year,1,Credit card (automatic),25.100000381469727,1789.9000244140625,0
Male,0,0,0,2,1,Yes,DSL,No,No,No,No,No,Yes,Month-to-month,0,Bank transfer (automatic),62.05,118.3,1
Male,0,1,1,52,1,No,DSL,Yes,Yes,Yes,No,Yes,Yes,Two year,0,Electronic check,79.2,4016.3,0
Female,0,0,0,1,1,False,No,No internet service,No internet service,No internet service,No internet service,No internet service,No internet service,Month-to-month,1,Mailed check,19.899999618530277,19.899999618530277,1
Female,0,1,1,27,1,False,No,No internet service,No internet service,No internet service,No internet service,No internet service,No internet service,One year,1,Mailed check,20.549999237060547,583.2999877929688,0
Female,0,1,1,20,1,No,No,No internet service,No internet service,No internet service,No internet service,No internet service,No internet service,Month-to-month,0,Mailed check,20.05,406.05,0
Male,0,0,0,8,1,False,DSL,False,False,False,False,False,False,Month-to-month,0,Mailed check,43.54999923706055,335.3999938964844,0
Male,0,0,0,1,1,False,Fiber optic,False,False,False,False,True,False,Month-to-month,1,Electronic check,79.5,79.5,1
Female,0,0,0,13,1,No,No,No internet service,No internet service,No internet service,No internet service,No internet service,No internet service,Month-to-month,0,Credit card (automatic),19.45,232.1,0
Female,1,0,0,19,1,False,Fiber optic,True,True,False,True,True,True,Month-to-month,1,Mailed check,105.0,2007.25,0
Male,0,0,0,1,1,No,DSL,No,No,Yes,No,No,No,Month-to-month,1,Mailed check,49.65,49.65,1
Female,0,0,0,69,1,No,DSL,Yes,No,Yes,Yes,Yes,Yes,Two year,1,Credit card (automatic),82.45,5555.3,0
Male,1,1,0,65,1,True,Fiber optic,False,True,True,False,True,True,One year,1,Bank transfer (automatic),103.1500015258789,6792.4501953125,0
Male,0,1,1,1,0,No,DSL,False,True,False,False,False,False,Month-to-month,0,Electronic check,30.200000762939453,30.200000762939453,1
Female,1,0,0,2,1,No,Fiber optic,No,No,No,No,No,Yes,Month-to-month,1,Electronic check,79.6,195.05,1
Male,0,0,1,1,1,True,Fiber optic,False,False,True,False,True,True,Month-to-month,1,Electronic check,99.75,99.75,1
Male,0,0,0,36,1,No,No,No internet service,No internet service,No internet service,No internet service,No internet service,No internet service,Two year,1,Credit card (automatic),18.55,689.0,0
Male,0,1,1,7,0,No,DSL,True,False,True,True,False,True,Two year,0,Credit card (automatic),49.650001525878906,305.54998779296875,0
Female,0,0,0,3,1,False,DSL,False,False,True,False,True,True,One year,1,Electronic check,69.94999694824219,220.4499969482422,0
Female,0,1,0,20,1,False,Fiber optic,True,True,False,True,True,False,Month-to-month,1,Electronic check,96.5500030517578,1901.6500244140625,0
Female,0,1,0,26,0,No phone service,DSL,Yes,No,Yes,No,No,No,One year,0,Credit card (automatic),35.4,978.6,0
Female,0,1,1,5,0,No,DSL,False,False,False,False,False,False,Month-to-month,0,Mailed check,25.049999237060547,125.5,0
Female,0,1,1,71,1,False,DSL,True,True,True,True,False,False,Two year,0,Credit card (automatic),64.05000305175781,4492.89990234375,0
Male,0,1,1,25,1,Yes,No,No internet service,No internet service,No internet service,No internet service,No internet service,No internet service,Two year,0,Credit card (automatic),25.5,630.6,0
Female,0,0,0,1,1,No,Fiber optic,No,No,No,No,No,No,Month-to-month,1,Electronic check,70.6,70.6,1
Female,0,1,0,67,1,Yes,DSL,No,Yes,Yes,Yes,Yes,Yes,Two year,0,Bank transfer (automatic),86.15,5883.85,0
Female,0,1,1,63,1,True,Fiber optic,True,False,False,False,True,True,One year,1,Credit card (automatic),99.6500015258789,6311.2001953125,0
Female,0,1,1,0,1,Yes,DSL,No,Yes,Yes,Yes,Yes,No,Two year,0,Mailed check,73.35,0.0,0
Female,0,1,1,45,1,False,No,No internet service,No internet service,No internet service,No internet service,No internet service,No internet service,Two year,0,Mailed check,20.850000381469727,892.1500244140625,0
Female,0,1,1,45,1,True,Fiber optic,True,True,False,False,True,True,Month-to-month,1,Electronic check,105.1500015258789,4730.89990234375,0
Female,0,1,1,14,1,False,Fiber optic,False,False,False,False,False,False,Month-to-month,0,Electronic check,70.19999694824219,1046.5,0
Male,0,0,1,36,1,No,Fiber optic,No,Yes,No,No,Yes,Yes,Month-to-month,1,Electronic check,94.7,3512.5,0
Male,0,1,1,2,1,False,Fiber optic,False,False,False,False,True,True,Month-to-month,1,Bank transfer (automatic),89.55000305175781,185.5500030517578,1
Male,0,0,0,57,1,No,No,No internet service,No internet service,No internet service,No internet service,No internet service,No internet service,Two year,0,Mailed check,20.75,1118.8,0
Male,0,1,1,72,1,Yes,Fiber optic,Yes,Yes,Yes,Yes,Yes,Yes,Two year,1,Bank transfer (automatic),116.6,8337.45,0
Male,0,0,0,12,1,No,DSL,No,No,No,Yes,Yes,No,One year,1,Electronic check,59.8,727.8,1
Female,0,1,1,53,1,False,DSL,False,False,True,False,False,True,One year,0,Credit card (automatic),60.59999847412109,3297.0,0
Male,1,0,0,8,1,False,Fiber optic,False,False,False,False,False,False,Month-to-month,1,Electronic check,69.69999694824219,560.8499755859375,1
Female,0,1,1,71,1,Yes,Fiber optic,Yes,Yes,Yes,No,Yes,Yes,Two year,1,Bank transfer (automatic),109.0,7661.8,0
Male,0,0,0,23,1,True,Fiber optic,False,False,False,True,True,False,Month-to-month,1,Electronic check,90.5999984741211,1943.199951171875,1
Male,0,1,1,71,1,False,DSL,False,True,False,True,True,True,Two year,1,Credit card (automatic),73.3499984741211,5154.5,0
Female,0,0,1,26,0,No phone service,DSL,No,No,Yes,No,No,No,Month-to-month,1,Mailed check,29.8,786.5,0
Male,0,0,0,32,1,No,Fiber optic,No,No,No,No,Yes,Yes,Month-to-month,0,Electronic check,91.05,2871.5,0
Female,0,0,0,60,1,False,No,No internet service,No internet service,No internet service,No internet service,No internet service,No internet service,Two year,0,Bank transfer (automatic),19.850000381469727,1128.0999755859375,0
Male,0,0,0,1,1,True,DSL,False,False,False,False,True,False,Month-to-month,1,Electronic check,59.84999847412109,59.84999847412109,1
Male,0,1,1,65,1,True,Fiber optic,True,True,True,True,False,False,Two year,0,Credit card (automatic),94.5500030517578,6078.75,0
Female,0,1,1,48,1,False,No,No internet service,No internet service,No internet service,No internet service,No internet service,No internet service,Two year,0,Mailed check,19.549999237060547,883.3499755859375,0
Male,0,1,0,4,1,True,Fiber optic,False,False,False,False,False,False,Month-to-month,1,Electronic check,74.6500015258789,301.3999938964844,1
Female,1,1,0,54,1,No,Fiber optic,No,No,Yes,Yes,Yes,Yes,One year,1,Electronic check,99.1,5437.1,0
Male,0,0,0,2,1,No,Fiber optic,No,No,Yes,No,No,Yes,Month-to-month,1,Electronic check,85.85,167.3,1
Male,0,0,0,1,1,Yes,Fiber optic,No,No,No,No,Yes,Yes,Month-to-month,1,Electronic check,95.45,95.45,1
Female,1,1,0,72,1,True,DSL,True,True,True,True,True,True,Two year,0,Credit card (automatic),89.0999984741211,6352.39990234375,0
Female,0,1,1,66,1,True,DSL,True,True,True,True,True,True,Two year,0,Credit card (automatic),89.9000015258789,5958.85009765625,0
Male,0,0,0,21,1,Yes,Fiber optic,No,Yes,No,No,No,No,Month-to-month,1,Electronic check,82.35,1852.85,1
Male,0,1,0,69,1,Yes,Fiber optic,No,Yes,No,Yes,Yes,No,Two year,1,Mailed check,92.45,6460.55,0
Male,1,0,0,43,1,No,Fiber optic,No,No,No,No,Yes,Yes,Month-to-month,1,Mailed check,89.55,3856.75,1
Male,1,1,1,72,1,True,Fiber optic,True,True,True,True,True,True,Two year,1,Bank transfer (automatic),114.9499969482422,8196.400390625,0
Male,1,1,0,72,1,True,Fiber optic,True,True,True,True,False,False,Two year,1,Bank transfer (automatic),93.0500030517578,6735.0498046875,0
Male,0,0,0,1,1,False,No,No internet service,No internet service,No internet service,No internet service,No internet service,No internet service,Month-to-month,0,Mailed check,21.100000381469727,21.100000381469727,0
Male,0,1,0,49,1,No,Fiber optic,No,Yes,No,No,Yes,No,Month-to-month,1,Credit card (automatic),85.3,4297.95,0
Female,0,0,0,41,1,Yes,DSL,No,Yes,Yes,No,Yes,Yes,One year,1,Electronic check,80.55,3263.9,0
Male,0,0,0,18,1,True,DSL,True,False,True,False,True,False,Month-to-month,0,Mailed check,69.5,1199.4000244140625,0
Female,0,0,0,13,1,True,Fiber optic,True,False,False,False,False,False,Month-to-month,1,Credit card (automatic),80.0,1029.3499755859375,0
Female,0,1,1,10,1,True,No,No internet service,No internet service,No internet service,No internet service,No internet service,No internet service,Two year,0,Credit card (automatic),26.100000381469727,225.5500030517578,0
Male,0,0,1,1,0,No phone service,DSL,No,No,No,No,No,No,Month-to-month,1,Electronic check,24.7,24.7,0
Female,0,1,0,67,1,True,Fiber optic,True,False,True,True,True,True,One year,1,Electronic check,111.25,7511.64990234375,0
Male,0,0,0,1,1,True,Fiber optic,False,True,False,False,False,True,Month-to-month,1,Credit card (automatic),90.8499984741211,90.8499984741211,1
Male,0,0,1,21,1,Yes,Fiber optic,Yes,No,No,No,No,No,Month-to-month,0,Electronic check,80.35,1747.2,0
Male,0,1,0,63,1,No,No,No internet service,No internet service,No internet service,No internet service,No internet service,No internet service,Two year,1,Bank transfer (automatic),19.95,1234.8,0
Male,0,0,0,72,1,True,DSL,True,True,False,True,True,True,Two year,0,Credit card (automatic),86.05000305175781,6309.64990234375,0
Male,0,0,0,65,1,False,No,No internet service,No internet service,No internet service,No internet service,No internet service,No internet service,Two year,1,Credit card (automatic),19.549999237060547,1218.6500244140625,0
Female,0,0,1,24,1,False,No,No internet service,No internet service,No internet service,No internet service,No internet service,No internet service,Two year,0,Mailed check,19.75,498.1000061035156,0
Female,0,0,0,26,1,No,Fiber optic,No,No,No,No,No,No,Month-to-month,1,Credit card (automatic),69.05,1815.65,0
Male,0,0,0,28,0,No phone service,DSL,No,No,No,Yes,No,No,Month-to-month,1,Credit card (automatic),30.1,810.85,0
Male,0,0,1,45,1,True,Fiber optic,False,False,True,False,True,True,Two year,0,Bank transfer (automatic),99.6999969482422,4634.35009765625,0
Female,0,0,0,10,0,No,DSL,True,False,False,False,False,False,Month-to-month,0,Mailed check,29.75,301.8999938964844,0
Male,0,0,0,4,1,No,No,No internet service,No internet service,No internet service,No internet service,No internet service,No internet service,One year,0,Mailed check,19.7,117.8,0
Male,0,0,1,29,0,No phone service,DSL,Yes,Yes,Yes,Yes,No,No,Month-to-month,1,Mailed check,45.0,1242.45,0
Male,1,1,1,60,1,True,Fiber optic,True,True,False,False,False,True,Month-to-month,1,Electronic check,93.25,5774.5498046875,0
Female,0,0,1,31,1,True,Fiber optic,False,False,False,False,True,False,Month-to-month,1,Credit card (automatic),86.55000305175781,2697.39990234375,1
Male,0,1,1,28,0,No,DSL,False,True,True,True,True,True,One year,1,Credit card (automatic),60.0,1682.050048828125,0
Male,0,0,0,10,1,No,DSL,No,No,No,No,No,No,Month-to-month,1,Credit card (automatic),45.8,436.2,0
Male,0,0,0,24,1,True,Fiber optic,False,True,False,False,False,False,Month-to-month,1,Electronic check,80.25,1861.5,1
Female,0,1,1,49,1,Yes,DSL,No,Yes,No,Yes,Yes,Yes,Two year,0,Bank transfer (automatic),79.3,3902.45,0
Male,1,0,0,65,1,True,Fiber optic,True,False,True,True,True,True,Two year,1,Electronic check,109.0500030517578,7108.2001953125,0
Male,0,1,0,1,1,No,Fiber optic,No,No,Yes,No,No,No,Month-to-month,0,Electronic check,76.2,76.2,1
Male,0,1,1,46,1,No,No,No internet service,No internet service,No internet service,No internet service,No internet service,No internet service,Two year,1,Mailed check,20.2,917.45,0
Female,1,0,0,1,1,False,Fiber optic,False,False,False,False,False,False,Month-to-month,1,Electronic check,70.1500015258789,70.1500015258789,1
Male,1,0,0,57,1,Yes,Fiber optic,Yes,No,No,Yes,No,Yes,Two year,0,Electronic check,93.75,5625.55,0
Male,0,1,1,65,1,Yes,DSL,Yes,Yes,Yes,No,No,Yes,One year,0,Credit card (automatic),72.45,4653.85,1
Female,0,1,1,4,1,False,No,No internet service,No internet service,No internet service,No internet service,No internet service,No internet service,Month-to-month,0,Mailed check,20.850000381469727,62.900001525878906,0
Female,0,1,1,35,1,False,DSL,True,False,False,True,False,False,One year,1,Bank transfer (automatic),54.95000076293945,1916.0,0
Male,0,0,1,30,0,No phone service,DSL,No,No,No,No,Yes,Yes,Month-to-month,1,Electronic check,44.5,1307.8,0
Male,0,1,1,27,0,No,DSL,False,True,True,False,False,True,One year,1,Credit card (automatic),45.84999847412109,1246.4000244140625,0
Female,0,1,0,33,1,No,Fiber optic,Yes,No,Yes,Yes,Yes,Yes,One year,1,Electronic check,103.75,3361.05,1
Male,0,1,0,69,1,False,No,No internet service,No internet service,No internet service,No internet service,No internet service,No internet service,Two year,0,Mailed check,19.899999618530277,1363.449951171875,0
Male,0,0,0,62,1,True,Fiber optic,True,True,False,False,False,True,One year,1,Bank transfer (automatic),92.3000030517578,5731.4501953125,0
Female,0,0,0,52,1,False,No,No internet service,No internet service,No internet service,No internet service,No internet service,No internet service,One year,0,Mailed check,20.649999618530277,1022.9500122070312,0
Female,0,0,0,1,1,False,Fiber optic,False,False,False,False,False,False,Month-to-month,0,Electronic check,71.3499984741211,71.3499984741211,1
Female,1,1,0,28,1,Yes,No,No internet service,No internet service,No internet service,No internet service,No internet service,No internet service,Month-to-month,0,Mailed check,25.7,734.6,0
Female,0,1,1,23,0,No,DSL,True,False,False,True,False,False,Two year,0,Mailed check,34.599998474121094,813.4500122070312,0
Male,0,0,0,71,1,Yes,Fiber optic,Yes,Yes,Yes,Yes,Yes,Yes,One year,1,Bank transfer (automatic),116.3,8309.55,0
Female,0,1,0,63,1,Yes,Fiber optic,No,Yes,Yes,Yes,Yes,Yes,Two year,1,Bank transfer (automatic),109.25,6841.4,0
Female,0,1,0,47,1,No,No,No internet service,No internet service,No internet service,No internet service,No internet service,No internet service,Two year,0,Bank transfer (automatic),19.65,921.55,0
Female,0,0,0,64,1,True,Fiber optic,False,True,True,True,True,True,Two year,1,Credit card (automatic),110.5,7069.25,0
Female,1,0,1,1,1,False,Fiber optic,False,False,False,False,False,False,Month-to-month,1,Electronic check,71.0,71.0,1
Male,0,0,1,19,1,True,No,No internet service,No internet service,No internet service,No internet service,No internet service,No internet service,Month-to-month,1,Credit card (automatic),24.100000381469727,439.2000122070313,0
Male,0,0,0,3,1,False,Fiber optic,False,False,True,False,False,True,Month-to-month,0,Credit card (automatic),85.69999694824219,256.75,0
Female,1,0,0,7,1,False,DSL,True,False,False,False,False,False,Month-to-month,1,Electronic check,48.20000076293945,340.3500061035156,0
Male,0,0,0,72,1,Yes,Fiber optic,No,Yes,Yes,No,Yes,Yes,One year,1,Electronic check,104.95,7544.3,0
Male,0,1,1,72,0,No,DSL,True,False,True,True,True,True,Two year,0,Bank transfer (automatic),60.95000076293945,4549.0498046875,0
Male,0,1,1,68,1,True,Fiber optic,True,True,True,True,True,True,Two year,1,Bank transfer (automatic),114.6999969482422,7849.85009765625,0
Female,0,0,0,13,1,Yes,Fiber optic,No,No,No,No,No,Yes,Month-to-month,1,Electronic check,84.6,1115.2,1
Male,0,0,0,57,1,No,No,No internet service,No internet service,No internet service,No internet service,No internet service,No internet service,Two year,0,Credit card (automatic),18.8,1094.35,0
Male,0,0,1,18,1,True,Fiber optic,False,False,True,False,False,False,Month-to-month,1,Credit card (automatic),80.55000305175781,1406.6500244140625,0
Female,0,0,0,1,1,No,Fiber optic,No,No,Yes,No,Yes,Yes,Month-to-month,0,Electronic check,94.4,94.4,1
Female,0,0,0,5,1,True,DSL,True,False,False,False,False,False,Month-to-month,1,Electronic check,53.79999923706055,283.95001220703125,0
Male,0,0,0,1,1,False,No,No internet service,No internet service,No internet service,No internet service,No internet service,No internet service,Month-to-month,1,Mailed check,20.200000762939453,20.200000762939453,1
Female,0,0,0,1,1,False,DSL,False,False,False,False,False,False,Month-to-month,0,Credit card (automatic),43.95000076293945,43.95000076293945,0
Female,0,0,0,1,1,Yes,Fiber optic,No,No,No,No,Yes,No,Month-to-month,1,Electronic check,84.6,84.6,0
Female,0,1,0,70,1,Yes,Fiber optic,No,Yes,Yes,Yes,Yes,Yes,Two year,1,Electronic check,110.5,7752.05,0
Female,0,0,0,19,1,Yes,No,No internet service,No internet service,No internet service,No internet service,No internet service,No internet service,Month-to-month,0,Bank transfer (automatic),24.7,465.85,0
Male,0,0,0,10,1,False,Fiber optic,False,False,True,False,True,True,Month-to-month,1,Electronic check,94.9000015258789,1048.8499755859375,1
Male,0,0,0,7,1,Yes,Fiber optic,No,No,No,No,Yes,Yes,Month-to-month,0,Electronic check,96.2,639.7,0
Female,0,1,1,5,1,False,Fiber optic,False,False,False,False,True,False,Month-to-month,1,Electronic check,80.8499984741211,356.1000061035156,0
Male,0,0,0,12,1,True,Fiber optic,False,True,True,False,True,True,Month-to-month,1,Electronic check,106.6999969482422,1253.9000244140625,1
Female,0,1,0,6,1,True,Fiber optic,False,True,False,False,False,True,Month-to-month,1,Electronic check,90.75,512.25,0
Male,0,0,0,4,1,Yes,Fiber optic,No,No,No,No,No,No,Month-to-month,1,Bank transfer (automatic),72.2,305.55,1
Male,0,1,1,72,1,True,DSL,True,True,True,True,True,False,Two year,0,Bank transfer (automatic),82.30000305175781,5815.14990234375,0
Female,1,1,1,66,1,Yes,Fiber optic,No,Yes,Yes,No,Yes,Yes,One year,1,Electronic check,104.9,6891.45,0
Female,0,0,0,37,1,No,DSL,No,No,No,No,Yes,Yes,Month-to-month,1,Electronic check,64.75,2345.2,1
Male,0,0,0,49,0,No,DSL,False,False,True,False,False,False,Month-to-month,1,Bank transfer (automatic),30.200000762939453,1453.0999755859375,0
Female,0,0,0,9,1,No,No,No internet service,No internet service,No internet service,No internet service,No internet service,No internet service,Month-to-month,0,Bank transfer (automatic),20.15,238.15,0
Female,0,0,0,1,1,False,Fiber optic,False,False,False,False,False,False,Month-to-month,0,Mailed check,69.55000305175781,69.55000305175781,1
Male,1,1,0,18,1,No,Fiber optic,No,No,No,No,No,Yes,Month-to-month,0,Electronic check,78.55,1422.65,1
Female,0,0,0,52,0,No,DSL,True,True,False,True,False,False,Two year,0,Mailed check,39.09999847412109,1982.0999755859373,0
Female,0,1,1,49,1,True,No,No internet service,No internet service,No internet service,No internet service,No internet service,No internet service,Two year,0,Mailed check,25.25,1211.6500244140625,0
Female,0,1,0,9,1,False,Fiber optic,False,False,False,False,False,True,Month-to-month,1,Electronic check,79.75,769.0999755859375,0
Male,0,0,0,19,1,False,No,No internet service,No internet service,No internet service,No internet service,No internet service,No internet service,One year,0,Mailed check,18.799999237060547,279.20001220703125,0
Male,1,1,0,8,1,False,DSL,False,False,True,True,False,True,Month-to-month,1,Credit card (automatic),64.4000015258789,581.7000122070312,0
Female,0,1,1,12,0,No,DSL,False,True,False,False,False,False,Month-to-month,0,Mailed check,29.200000762939453,309.1000061035156,1
Male,0,1,0,55,1,True,Fiber optic,True,True,False,False,True,False,Month-to-month,1,Electronic check,96.75,5238.89990234375,1
Male,0,0,1,1,1,False,DSL,True,True,False,True,False,True,Month-to-month,1,Bank transfer (automatic),70.44999694824219,70.44999694824219,0
Male,0,0,0,6,1,No,Fiber optic,No,Yes,No,No,Yes,No,Month-to-month,1,Electronic check,84.85,523.5,1
Male,0,1,1,26,1,False,No,No internet service,No internet service,No internet service,No internet service,No internet service,No internet service,Two year,1,Credit card (automatic),19.149999618530277,515.75,0
Male,0,1,0,5,1,No,No,No internet service,No internet service,No internet service,No internet service,No internet service,No internet service,Month-to-month,0,Mailed check,19.35,126.05,1
Male,0,1,1,65,1,True,DSL,True,True,False,False,False,True,Two year,1,Mailed check,69.55000305175781,4459.14990234375,0
Female,0,0,0,1,1,No,Fiber optic,No,No,No,No,No,No,Month-to-month,1,Electronic check,70.1,70.1,1
Female,0,1,1,33,1,False,DSL,True,True,True,False,False,False,One year,1,Mailed check,58.45000076293945,1955.4000244140625,0
Female,0,1,1,60,0,No phone service,DSL,No,Yes,No,No,Yes,Yes,Month-to-month,1,Electronic check,49.75,3069.45,0
Female,0,0,0,1,1,False,Fiber optic,False,False,False,False,False,True,Month-to-month,1,Electronic check,79.69999694824219,79.69999694824219,1
Female,0,1,0,61,1,No,Fiber optic,Yes,Yes,No,Yes,No,Yes,One year,0,Bank transfer (automatic),93.7,5860.7,0
Male,0,0,0,36,1,False,DSL,True,False,True,True,True,True,Month-to-month,1,Credit card (automatic),79.19999694824219,2854.949951171875,0
Male,0,0,0,23,1,False,No,No internet service,No internet service,No internet service,No internet service,No internet service,No internet service,Month-to-month,0,Electronic check,20.850000381469727,473.8999938964844,0
Male,0,1,0,59,1,True,Fiber optic,False,False,True,False,True,True,One year,1,Bank transfer (automatic),99.5,5961.10009765625,1
Male,0,0,0,24,1,Yes,DSL,Yes,No,No,No,No,No,Month-to-month,1,Bank transfer (automatic),55.65,1400.55,1
Male,0,0,0,33,1,No,No,No internet service,No internet service,No internet service,No internet service,No internet service,No internet service,Two year,0,Mailed check,20.35,689.75,0
Female,0,1,1,42,1,False,Fiber optic,False,False,True,True,True,True,Two year,1,Electronic check,100.4000015258789,4303.64990234375,0
Male,0,0,0,2,1,True,Fiber optic,False,False,False,False,False,True,Month-to-month,1,Electronic check,86.0,165.4499969482422,1
Female,1,0,0,40,0,No phone service,DSL,Yes,Yes,No,No,Yes,Yes,Month-to-month,1,Electronic check,55.8,2109.35,1
Male,0,1,0,67,1,False,Fiber optic,True,True,True,True,True,True,Two year,1,Electronic check,111.0500030517578,7321.0498046875,0
Female,0,0,0,5,1,False,No,No internet service,No internet service,No internet service,No internet service,No internet service,No internet service,One year,0,Electronic check,19.549999237060547,99.5999984741211,0
Female,0,0,0,1,1,False,Fiber optic,False,True,False,False,False,False,Month-to-month,0,Electronic check,75.80000305175781,75.80000305175781,1
Female,0,1,1,32,1,False,Fiber optic,False,True,False,False,True,False,Month-to-month,1,Electronic check,86.0999984741211,2723.75,0
Male,0,1,1,72,1,True,No,No internet service,No internet service,No internet service,No internet service,No internet service,No internet service,Two year,0,Bank transfer (automatic),24.299999237060547,1643.25,0
Female,1,1,1,40,1,True,Fiber optic,False,False,False,False,True,True,Month-to-month,1,Credit card (automatic),94.5500030517578,3640.449951171875,1
Female,1,0,0,7,1,False,Fiber optic,False,False,False,False,True,True,Month-to-month,1,Electronic check,89.1500015258789,574.3499755859375,0
Male,0,0,0,13,1,Yes,Fiber optic,No,No,No,Yes,Yes,Yes,Month-to-month,1,Mailed check,99.0,1301.7,1
Female,0,0,0,9,1,No,Fiber optic,No,No,No,No,Yes,Yes,Month-to-month,1,Bank transfer (automatic),90.8,809.75,1
Male,0,0,0,1,1,False,Fiber optic,False,False,False,False,True,False,Month-to-month,1,Electronic check,79.94999694824219,79.94999694824219,1
Male,0,0,0,9,1,True,Fiber optic,False,True,False,False,True,True,Month-to-month,1,Credit card (automatic),99.3000030517578,918.75,0
Female,0,1,1,33,1,Yes,No,No internet service,No internet service,No internet service,No internet service,No internet service,No internet service,Two year,1,Mailed check,24.5,740.3,1
Female,1,0,0,3,1,True,Fiber optic,False,True,False,False,False,False,Month-to-month,1,Electronic check,79.4000015258789,205.0500030517578,1
Male,0,0,0,31,1,False,DSL,False,False,True,True,False,False,Month-to-month,1,Electronic check,55.25,1715.6500244140625,1
Male,0,1,0,56,1,True,Fiber optic,True,True,True,False,False,False,One year,1,Electronic check,93.1500015258789,5253.9501953125,0
Male,0,1,0,24,0,No,DSL,False,False,True,False,False,False,Month-to-month,0,Electronic check,29.100000381469727,688.0,0
Male,0,1,0,64,1,Yes,DSL,No,Yes,No,Yes,No,Yes,One year,1,Mailed check,70.15,4480.7,0
Male,0,1,1,71,1,Yes,No,No internet service,No internet service,No internet service,No internet service,No internet service,No internet service,Two year,0,Credit card (automatic),23.9,1626.4,0
Male,0,1,0,34,1,No,No,No internet service,No internet service,No internet service,No internet service,No internet service,No internet service,Two year,0,Credit card (automatic),20.05,679.0,0
Female,0,1,1,71,1,No,No,No internet service,No internet service,No internet service,No internet service,No internet service,No internet service,Two year,0,Bank transfer (automatic),19.85,1326.35,0
Male,0,0,0,6,1,False,Fiber optic,False,True,False,False,True,False,Month-to-month,1,Electronic check,85.3499984741211,489.4500122070313,1
Female,0,1,0,72,1,Yes,Fiber optic,No,No,Yes,No,Yes,Yes,Two year,1,Electronic check,97.85,6841.3,0
Female,0,0,0,1,1,True,Fiber optic,False,False,False,False,False,False,Month-to-month,0,Electronic check,76.0,76.0,1
Male,1,1,1,72,1,False,Fiber optic,True,False,True,True,True,True,Two year,1,Credit card (automatic),104.0999984741211,7447.7001953125,0
Female,0,1,1,10,1,No,Fiber optic,No,No,No,No,Yes,Yes,Month-to-month,1,Electronic check,88.85,929.45,0
Female,0,1,1,51,1,False,DSL,True,True,False,True,False,True,One year,1,Credit card (automatic),69.75,3562.5,0
Female,0,1,0,51,1,False,Fiber optic,True,True,True,False,True,False,One year,1,Electronic check,93.5,4619.5498046875,0
Female,0,1,1,71,1,False,No,No internet service,No internet service,No internet service,No internet service,No internet service,No internet service,Two year,0,Bank transfer (automatic),20.5,1500.949951171875,0
Female,0,0,0,35,1,True,Fiber optic,True,True,True,True,True,True,Two year,1,Mailed check,113.1999969482422,3914.050048828125,0
Female,0,0,0,1,1,True,Fiber optic,False,False,False,False,False,True,Month-to-month,1,Electronic check,85.0,85.0,1
Male,0,1,0,24,1,No,No,No internet service,No internet service,No internet service,No internet service,No internet service,No internet service,Two year,0,Mailed check,19.75,483.15,0
Female,0,1,0,34,1,False,DSL,False,False,False,True,False,False,Month-to-month,0,Bank transfer (automatic),50.20000076293945,1815.300048828125,0
Male,1,0,0,16,1,False,Fiber optic,False,False,False,False,False,False,Month-to-month,0,Electronic check,69.6500015258789,1043.300048828125,0
Female,0,0,0,3,1,False,Fiber optic,False,True,False,False,True,False,Month-to-month,0,Electronic check,83.75,247.25,1
Male,0,1,1,8,1,False,No,No internet service,No internet service,No internet service,No internet service,No internet service,No internet service,One year,0,Credit card (automatic),19.899999618530277,153.9499969482422,0
Female,0,1,1,72,1,True,Fiber optic,True,False,False,False,False,False,Two year,0,Bank transfer (automatic),79.05000305175781,5730.7001953125,0
Male,0,0,0,7,1,False,No,No internet service,No internet service,No internet service,No internet service,No internet service,No internet service,Month-to-month,1,Mailed check,19.950000762939453,147.5,0
Female,0,0,0,27,1,False,DSL,False,True,False,True,False,False,Month-to-month,1,Mailed check,56.150001525878906,1439.3499755859375,0
Male,0,1,1,72,1,False,No,No internet service,No internet service,No internet service,No internet service,No internet service,No internet service,Two year,0,Bank transfer (automatic),19.950000762939453,1322.8499755859375,0
Female,0,1,1,61,0,No,DSL,False,True,True,True,True,False,Two year,0,Credit card (automatic),51.34999847412109,3244.39990234375,0
Male,0,0,0,19,1,False,No,No internet service,No internet service,No internet service,No internet service,No internet service,No internet service,Two year,1,Mailed check,19.950000762939453,373.5,0
Male,0,0,0,1,1,False,DSL,False,True,False,False,False,False,Month-to-month,0,Electronic check,50.79999923706055,50.79999923706055,1
Female,0,0,0,8,1,False,DSL,True,False,False,False,True,False,Month-to-month,1,Electronic check,60.0,487.75,0
Male,0,0,0,62,1,False,DSL,True,True,False,False,True,True,One year,1,Credit card (automatic),74.30000305175781,4698.0498046875,0
Male,0,0,1,62,1,No,No,No internet service,No internet service,No internet service,No internet service,No internet service,No internet service,Two year,0,Bank transfer (automatic),20.0,1250.1,0
Female,1,0,0,14,1,No,Fiber optic,Yes,Yes,No,No,No,No,Month-to-month,0,Electronic check,78.85,1043.8,0
Female,0,0,0,45,1,True,Fiber optic,True,True,True,True,True,True,Month-to-month,1,Electronic check,115.6500015258789,5125.5,0
Female,0,1,0,60,0,No phone service,DSL,Yes,Yes,No,Yes,No,No,Two year,0,Bank transfer (automatic),37.7,2288.7,0
Female,1,0,0,6,0,No phone service,DSL,No,No,No,No,Yes,Yes,Month-to-month,1,Electronic check,44.4,263.05,0
Male,0,0,1,1,0,No,DSL,False,True,False,False,False,False,Month-to-month,1,Mailed check,31.350000381469727,31.350000381469727,1
Male,1,1,0,65,1,Yes,Fiber optic,No,Yes,Yes,No,Yes,Yes,Month-to-month,1,Electronic check,104.35,6578.55,0
Male,0,0,0,43,0,No phone service,DSL,Yes,No,Yes,No,No,No,One year,1,Credit card (automatic),35.2,1463.7,0
Male,0,0,0,29,0,No phone service,DSL,No,No,No,No,No,No,One year,1,Mailed check,24.85,788.05,0
Female,1,0,0,40,1,True,Fiber optic,False,False,True,True,True,True,One year,1,Credit card (automatic),103.75,4188.39990234375,0
Male,0,0,0,10,1,Yes,No,No internet service,No internet service,No internet service,No internet service,No internet service,No internet service,Month-to-month,1,Electronic check,24.0,226.55,0
Female,0,0,0,23,1,False,Fiber optic,True,False,False,False,False,False,Month-to-month,1,Bank transfer (automatic),75.0,1778.5,0
Male,0,0,0,20,1,False,No,No internet service,No internet service,No internet service,No internet service,No internet service,No internet service,Two year,1,Mailed check,19.700000762939453,419.3999938964844,0
Female,0,1,0,49,1,False,No,No internet service,No internet service,No internet service,No internet service,No internet service,No internet service,One year,1,Bank transfer (automatic),20.049999237060547,923.0999755859376,0
Male,0,1,0,10,1,False,Fiber optic,False,False,False,False,True,False,Month-to-month,1,Electronic check,79.94999694824219,857.2000122070312,1
Female,0,1,1,26,1,False,Fiber optic,True,True,False,False,False,False,Month-to-month,0,Electronic check,81.94999694824219,2070.050048828125,0
Male,0,0,0,67,1,No,No,No internet service,No internet service,No internet service,No internet service,No internet service,No internet service,Two year,1,Mailed check,19.8,1311.3,0
Male,0,1,1,72,1,False,No,No internet service,No internet service,No internet service,No internet service,No internet service,No internet service,Two year,0,Bank transfer (automatic),20.299999237060547,1401.1500244140625,0
Female,1,0,0,8,1,True,Fiber optic,False,False,False,True,True,True,Month-to-month,1,Credit card (automatic),100.1500015258789,908.5499877929688,0
Male,0,0,0,14,1,Yes,DSL,No,Yes,No,No,No,No,Month-to-month,1,Credit card (automatic),55.5,767.55,0
Male,0,0,0,63,1,True,Fiber optic,False,True,False,True,True,True,Month-to-month,0,Electronic check,105.4000015258789,6713.2001953125,0
Male,1,1,1,10,0,No,DSL,False,False,False,False,False,True,Month-to-month,1,Bank transfer (automatic),34.54999923706055,362.6000061035156,0
Female,1,0,0,13,1,False,DSL,False,True,True,False,False,False,Month-to-month,1,Electronic check,54.79999923706055,731.2999877929688,0
Male,1,0,0,25,1,Yes,Fiber optic,No,Yes,No,No,Yes,No,Month-to-month,1,Electronic check,89.5,2196.15,1
Male,0,1,1,71,1,True,DSL,True,True,True,True,True,True,Two year,0,Credit card (automatic),89.9000015258789,6457.14990234375,0
Female,0,0,0,22,1,False,Fiber optic,False,False,False,False,True,True,Month-to-month,0,Electronic check,89.25,1907.8499755859373,1
Male,0,0,0,14,1,False,No,No internet service,No internet service,No internet service,No internet service,No internet service,No internet service,Month-to-month,0,Credit card (automatic),19.600000381469727,300.3999938964844,0
Male,0,1,1,72,1,False,Fiber optic,True,True,False,True,True,True,Two year,0,Bank transfer (automatic),105.5,7611.5498046875,0
Male,0,0,0,42,1,True,Fiber optic,True,True,True,False,False,True,One year,1,Electronic check,99.0,4298.4501953125,0
Female,0,1,0,3,1,No,No,No internet service,No internet service,No internet service,No internet service,No internet service,No internet service,Month-to-month,0,Mailed check,20.85,72.0,0
Female,0,1,1,65,1,No,DSL,Yes,Yes,Yes,No,No,No,One year,0,Bank transfer (automatic),61.35,3874.1,0
Male,0,0,1,1,1,True,DSL,False,False,False,False,False,False,Month-to-month,1,Electronic check,50.04999923706055,50.04999923706055,0
Male,0,0,0,3,1,False,DSL,True,False,True,False,True,True,Month-to-month,1,Electronic check,77.4000015258789,206.1499938964844,0
Male,1,1,0,72,1,Yes,Fiber optic,Yes,Yes,Yes,No,Yes,Yes,Two year,1,Bank transfer (automatic),109.55,7920.7,0
Female,0,0,0,1,0,No,DSL,False,False,False,False,True,False,Month-to-month,1,Electronic check,34.70000076293945,34.70000076293945,1
Male,0,1,1,11,1,False,Fiber optic,False,False,False,False,True,True,Month-to-month,0,Electronic check,90.5999984741211,1020.2000122070312,0
Female,0,1,1,62,1,True,Fiber optic,False,True,False,True,True,True,One year,1,Credit card (automatic),106.0500030517578,6703.5,0
Male,0,1,1,61,1,False,Fiber optic,False,True,False,True,True,True,One year,1,Bank transfer (automatic),98.4499969482422,6145.2001953125,0
Female,0,0,0,7,1,No,DSL,No,No,No,Yes,Yes,Yes,Month-to-month,1,Credit card (automatic),70.75,450.8,1
Male,1,1,0,57,1,True,Fiber optic,False,True,False,False,False,True,Month-to-month,1,Electronic check,89.8499984741211,4925.35009765625,0
Female,0,0,0,62,1,No,DSL,Yes,No,No,Yes,No,Yes,Two year,1,Mailed check,65.1,3846.75,0
Female,0,1,1,21,1,False,DSL,False,True,False,False,True,False,One year,1,Credit card (automatic),58.84999847412109,1215.449951171875,0
Female,0,0,0,1,1,False,No,No internet service,No internet service,No internet service,No internet service,No internet service,No internet service,Month-to-month,0,Mailed check,19.850000381469727,19.850000381469727,0
Male,0,1,1,50,1,True,DSL,False,False,True,False,False,False,One year,0,Bank transfer (automatic),54.900001525878906,2614.10009765625,0
Female,0,1,1,72,1,True,DSL,False,False,True,False,True,True,Two year,1,Bank transfer (automatic),76.80000305175781,5468.4501953125,0
Male,0,0,0,9,1,No,Fiber optic,No,No,No,No,No,Yes,Month-to-month,1,Electronic check,80.8,713.1,1
Female,1,0,0,2,1,False,Fiber optic,False,False,False,False,False,False,Month-to-month,1,Electronic check,70.3499984741211,139.0500030517578,1
Female,1,0,0,35,1,Yes,Fiber optic,Yes,Yes,Yes,Yes,Yes,Yes,One year,1,Bank transfer (automatic),110.8,3836.3,0
Male,0,0,0,1,1,False,No,No internet service,No internet service,No internet service,No internet service,No internet service,No internet service,Month-to-month,0,Mailed check,19.75,19.75,0
Male,1,1,0,71,1,Yes,No,No internet service,No internet service,No internet service,No internet service,No internet service,No internet service,Two year,0,Credit card (automatic),25.45,1789.65,0
Male,0,0,0,16,1,False,Fiber optic,False,False,False,True,False,False,Month-to-month,1,Credit card (automatic),74.55000305175781,1170.5,0
Female,1,0,0,56,1,True,Fiber optic,False,True,True,False,True,True,One year,1,Bank transfer (automatic),104.75,5510.64990234375,1
Male,0,1,0,38,1,False,No,No internet service,No internet service,No internet service,No internet service,No internet service,No internet service,Two year,0,Bank transfer (automatic),20.399999618530277,743.5,0
Male,0,1,1,43,1,No,No,No internet service,No internet service,No internet service,No internet service,No internet service,No internet service,One year,1,Mailed check,19.2,776.25,0
Male,0,1,1,46,1,No,DSL,Yes,No,Yes,Yes,No,No,One year,0,Mailed check,56.9,2560.1,0
Female,0,0,1,34,1,No,Fiber optic,Yes,Yes,Yes,No,Yes,Yes,Month-to-month,1,Bank transfer (automatic),105.35,3688.6,0
Female,0,0,0,1,1,False,Fiber optic,False,False,False,True,True,True,Month-to-month,1,Electronic check,95.8499984741211,95.8499984741211,0
Male,0,1,1,68,1,No,DSL,Yes,Yes,Yes,Yes,No,No,Two year,0,Credit card (automatic),62.65,4375.8,0
Female,0,1,1,69,1,True,DSL,True,False,True,True,False,False,Two year,1,Credit card (automatic),64.1500015258789,4254.10009765625,0
Female,0,0,0,5,1,False,No,No internet service,No internet service,No internet service,No internet service,No internet service,No internet service,Month-to-month,0,Credit card (automatic),20.549999237060547,96.0999984741211,0
Female,0,1,0,54,1,True,Fiber optic,False,True,True,True,True,True,One year,0,Electronic check,110.3499984741211,5893.14990234375,1
Female,0,0,0,1,1,No,Fiber optic,No,No,No,No,No,No,Month-to-month,1,Mailed check,70.15,70.15,1
Male,0,1,0,66,1,Yes,Fiber optic,Yes,Yes,Yes,Yes,Yes,Yes,One year,0,Bank transfer (automatic),115.8,7942.15,0
Female,0,0,0,14,1,False,DSL,False,True,False,False,False,False,Month-to-month,0,Electronic check,50.45000076293945,765.4500122070312,0
Female,0,1,0,1,1,False,DSL,False,False,False,False,True,False,Month-to-month,0,Mailed check,55.20000076293945,55.20000076293945,1
Female,1,0,0,43,1,True,Fiber optic,False,True,False,False,True,False,Month-to-month,1,Electronic check,90.25,3838.75,0
Male,0,1,1,55,1,True,Fiber optic,False,False,True,False,True,False,Month-to-month,1,Credit card (automatic),90.4000015258789,5099.14990234375,0
Female,0,0,0,40,1,Yes,Fiber optic,No,No,Yes,Yes,Yes,Yes,One year,1,Credit card (automatic),105.95,4335.2,0
Female,0,0,0,15,1,False,No,No internet service,No internet service,No internet service,No internet service,No internet service,No internet service,Month-to-month,0,Bank transfer (automatic),19.399999618530277,289.29998779296875,1
Male,0,1,0,3,0,No phone service,DSL,No,No,No,No,No,No,Month-to-month,0,Mailed check,25.0,78.25,0
Male,0,1,0,72,1,True,DSL,True,True,True,False,True,True,Two year,1,Electronic check,85.25,6083.10009765625,0
Female,0,1,0,23,1,True,DSL,False,False,False,True,True,True,Month-to-month,1,Credit card (automatic),73.6500015258789,1642.75,0
Female,0,0,0,6,1,False,Fiber optic,False,False,True,False,False,True,Month-to-month,0,Electronic check,83.9000015258789,497.5499877929688,1
Female,1,0,0,71,1,True,Fiber optic,False,False,True,False,True,True,Two year,0,Bank transfer (automatic),104.0500030517578,7413.5498046875,0
Male,1,0,0,5,1,False,Fiber optic,False,False,False,False,False,False,Month-to-month,1,Mailed check,70.25,331.8999938964844,1
Female,1,1,0,38,1,Yes,Fiber optic,No,No,No,No,No,No,Month-to-month,1,Bank transfer (automatic),74.95,2869.85,1
Male,1,0,0,1,1,False,DSL,False,False,False,False,False,False,Month-to-month,0,Electronic check,45.20000076293945,45.20000076293945,0
Female,1,0,0,49,1,Yes,Fiber optic,Yes,Yes,Yes,Yes,No,Yes,One year,0,Bank transfer (automatic),103.0,5166.2,0
Female,0,0,0,66,0,No phone service,DSL,Yes,No,Yes,Yes,Yes,Yes,Two year,1,Bank transfer (automatic),61.35,4193.4,0
Female,0,1,0,61,1,Yes,No,No internet service,No internet service,No internet service,No internet service,No internet service,No internet service,Two year,0,Bank transfer (automatic),25.3,1554.9,0
Female,0,1,1,7,1,False,No,No internet service,No internet service,No internet service,No internet service,No internet service,No internet service,One year,0,Mailed check,20.649999618530277,134.0500030517578,0
Female,0,1,0,63,1,True,Fiber optic,False,True,False,False,False,False,Month-to-month,1,Bank transfer (automatic),81.55000305175781,5029.0498046875,0
Male,0,1,1,46,1,Yes,Fiber optic,No,Yes,No,No,No,No,Month-to-month,1,Bank transfer (automatic),80.0,3769.7,0
Male,0,0,0,10,1,True,No,No internet service,No internet service,No internet service,No internet service,No internet service,No internet service,Two year,0,Bank transfer (automatic),25.700000762939453,251.6000061035156,0
Male,0,0,0,31,1,True,Fiber optic,False,False,False,True,False,False,One year,0,Credit card (automatic),81.69999694824219,2548.64990234375,0
Male,0,1,1,53,1,True,DSL,True,False,True,True,True,True,Month-to-month,0,Electronic check,85.69999694824219,4616.10009765625,0
Male,0,0,0,1,1,False,No,No internet service,No internet service,No internet service,No internet service,No internet service,No internet service,Two year,0,Mailed check,20.450000762939453,20.450000762939453,0
Female,0,1,1,72,1,False,DSL,True,True,True,True,True,True,Two year,1,Bank transfer (automatic),83.69999694824219,6096.89990234375,0
Female,0,1,0,19,1,Yes,Fiber optic,No,Yes,No,No,No,Yes,Month-to-month,1,Electronic check,89.1,1620.8,0
Female,0,1,0,71,1,No,DSL,No,Yes,Yes,Yes,Yes,Yes,Two year,1,Credit card (automatic),80.7,5705.05,0
Female,0,0,0,1,1,No,DSL,No,No,No,No,No,No,Month-to-month,0,Mailed check,45.15,45.15,0
Female,0,1,1,34,1,False,No,No internet service,No internet service,No internet service,No internet service,No internet service,No internet service,One year,1,Bank transfer (automatic),20.100000381469727,682.0999755859375,0
Female,0,1,1,68,1,Yes,Fiber optic,No,Yes,No,Yes,No,No,One year,1,Bank transfer (automatic),83.65,5733.4,0
Male,0,1,0,40,0,No,DSL,True,True,True,False,False,False,One year,1,Electronic check,42.34999847412109,1716.449951171875,1
Male,0,1,1,5,1,Yes,No,No internet service,No internet service,No internet service,No internet service,No internet service,No internet service,Month-to-month,1,Bank transfer (automatic),25.9,135.0,1
Male,0,0,0,38,1,No,DSL,No,No,Yes,Yes,No,Yes,One year,1,Mailed check,62.3,2354.8,1
Female,0,1,0,48,1,Yes,DSL,Yes,No,No,Yes,No,No,One year,1,Bank transfer (automatic),60.6,2985.25,0
Female,0,0,1,31,1,False,No,No internet service,No internet service,No internet service,No internet service,No internet service,No internet service,One year,0,Credit card (automatic),20.100000381469727,589.25,0
Male,0,1,0,1,0,No phone service,DSL,No,No,No,No,No,No,Month-to-month,1,Electronic check,23.45,23.45,1
Female,1,0,0,3,1,False,Fiber optic,False,False,True,False,False,False,Month-to-month,0,Electronic check,73.8499984741211,196.3999938964844,0
Female,0,1,1,61,1,True,DSL,True,True,True,True,True,True,Two year,0,Mailed check,88.0999984741211,5526.75,0
Female,0,0,0,30,1,Yes,DSL,Yes,No,Yes,No,Yes,Yes,One year,1,Credit card (automatic),79.3,2427.1,0
Female,0,1,1,2,1,No,Fiber optic,No,Yes,No,No,No,No,Month-to-month,1,Bank transfer (automatic),73.55,145.4,1
Female,1,1,0,15,1,True,Fiber optic,False,False,True,True,False,False,Month-to-month,1,Electronic check,83.05000305175781,1258.300048828125,1
Female,0,0,0,49,1,False,DSL,True,True,True,True,False,False,Two year,0,Bank transfer (automatic),67.4000015258789,3306.85009765625,0
Male,0,1,1,72,1,False,DSL,False,True,True,False,True,True,Two year,1,Bank transfer (automatic),75.4000015258789,5480.25,0
Female,0,1,1,9,1,False,DSL,False,True,False,True,True,False,One year,1,Mailed check,65.5999984741211,593.2999877929688,0
Female,1,0,0,4,1,Yes,Fiber optic,No,No,Yes,No,No,Yes,Month-to-month,1,Electronic check,88.85,372.45,1
Female,0,1,1,44,1,Yes,Fiber optic,No,Yes,Yes,No,No,Yes,One year,0,Electronic check,94.4,4295.35,0
Female,0,1,0,62,1,True,No,No internet service,No internet service,No internet service,No internet service,No internet service,No internet service,Two year,0,Bank transfer (automatic),23.649999618530277,1416.75,0
Female,0,0,0,36,0,No phone service,DSL,No,Yes,No,Yes,No,No,Month-to-month,1,Bank transfer (automatic),34.85,1267.2,0
Male,1,0,0,11,1,True,Fiber optic,False,True,True,True,True,True,Month-to-month,1,Electronic check,111.4000015258789,1183.050048828125,0
Female,0,0,0,22,1,No,No,No internet service,No internet service,No internet service,No internet service,No internet service,No internet service,One year,1,Mailed check,19.25,412.55,0
Male,0,1,0,66,1,True,Fiber optic,False,True,False,True,True,True,One year,1,Electronic check,104.0500030517578,6890.0,1
Male,0,1,1,49,1,False,DSL,True,True,False,True,False,False,Month-to-month,0,Credit card (automatic),59.59999847412109,2970.300048828125,0
Male,0,0,0,16,1,No,No,No internet service,No internet service,No internet service,No internet service,No internet service,No internet service,Month-to-month,1,Credit card (automatic),20.6,330.25,0
Female,0,0,1,19,1,No,DSL,No,No,No,Yes,No,No,Month-to-month,0,Mailed check,48.8,953.65,0
Female,1,0,0,53,1,No,Fiber optic,Yes,Yes,No,Yes,No,Yes,One year,1,Mailed check,96.75,5206.55,0
Male,0,0,1,11,1,Yes,Fiber optic,No,No,No,No,No,Yes,Month-to-month,0,Electronic check,86.2,893.2,0
Female,0,1,1,55,1,Yes,Fiber optic,Yes,Yes,No,No,No,No,Month-to-month,1,Electronic check,85.1,4600.95,0
Male,0,0,0,1,1,False,No,No internet service,No internet service,No internet service,No internet service,No internet service,No internet service,Month-to-month,0,Bank transfer (automatic),19.649999618530277,19.649999618530277,0
Male,0,0,0,1,1,False,No,No internet service,No internet service,No internet service,No internet service,No internet service,No internet service,Month-to-month,1,Mailed check,19.600000381469727,19.600000381469727,1
Female,0,1,1,23,1,Yes,Fiber optic,Yes,No,No,No,No,No,One year,0,Credit card (automatic),81.85,1810.85,0
Male,0,1,1,72,1,Yes,Fiber optic,Yes,Yes,Yes,Yes,No,Yes,Two year,0,Credit card (automatic),103.95,7517.7,0
Male,0,1,0,71,1,True,DSL,True,True,True,True,False,True,Two year,1,Mailed check,80.0999984741211,5585.39990234375,0
Male,0,0,0,1,1,False,DSL,True,False,False,False,False,False,Month-to-month,0,Mailed check,51.25,51.25,0
Female,1,0,0,42,1,Yes,DSL,No,No,Yes,No,No,No,Month-to-month,0,Electronic check,55.65,2421.75,0
Male,0,0,0,5,1,False,Fiber optic,False,False,False,False,False,False,Month-to-month,1,Electronic check,69.69999694824219,316.8999938964844,1
Male,0,1,0,60,1,True,Fiber optic,False,True,True,False,True,False,Month-to-month,1,Electronic check,95.75,5742.89990234375,1
Male,1,0,0,6,1,No,Fiber optic,No,No,No,No,Yes,No,Month-to-month,1,Electronic check,79.7,497.6,0
Male,0,0,0,1,0,No,DSL,False,False,False,False,False,True,Month-to-month,0,Electronic check,35.900001525878906,35.900001525878906,1
Female,0,1,0,60,1,False,DSL,True,True,False,True,False,False,Two year,0,Bank transfer (automatic),59.84999847412109,3483.449951171875,0
Male,1,0,0,1,1,Yes,Fiber optic,No,No,No,No,No,No,Month-to-month,1,Electronic check,76.45,76.45,1
Male,0,1,0,45,1,False,DSL,True,True,True,False,True,True,One year,0,Bank transfer (automatic),78.80000305175781,3597.5,0
Male,1,0,0,1,1,Yes,Fiber optic,No,No,No,No,No,No,Month-to-month,1,Electronic check,74.4,74.4,1
Male,0,1,1,32,1,False,No,No internet service,No internet service,No internet service,No internet service,No internet service,No internet service,Month-to-month,1,Credit card (automatic),19.450000762939453,674.5499877929688,0
Female,1,1,0,58,1,True,Fiber optic,False,True,False,False,True,True,One year,1,Bank transfer (automatic),97.8000030517578,5458.7998046875,0
Male,0,0,0,1,1,No,No,No internet service,No internet service,No internet service,No internet service,No internet service,No internet service,Month-to-month,0,Mailed check,19.65,19.65,1
Female,0,0,0,2,0,No phone service,DSL,No,No,No,No,Yes,Yes,Month-to-month,1,Electronic check,45.25,85.5,1
Male,0,0,0,15,1,False,Fiber optic,False,False,True,True,True,True,Month-to-month,1,Electronic check,101.3499984741211,1553.949951171875,1
Male,0,0,0,4,1,False,Fiber optic,False,False,False,False,False,False,Month-to-month,1,Electronic check,70.19999694824219,237.9499969482422,1
Male,0,0,0,43,1,True,No,No internet service,No internet service,No internet service,No internet service,No internet service,No internet service,Two year,0,Bank transfer (automatic),26.450000762939453,1110.050048828125,0
Male,0,1,1,1,1,False,No,No internet service,No internet service,No internet service,No internet service,No internet service,No internet service,One year,0,Mailed check,18.799999237060547,18.799999237060547,0
Male,0,0,0,27,1,Yes,Fiber optic,No,No,Yes,No,No,No,Month-to-month,1,Electronic check,81.3,2272.8,0
Male,1,1,0,1,1,True,Fiber optic,False,False,False,False,False,False,Month-to-month,0,Electronic check,74.30000305175781,74.30000305175781,0
Female,0,0,0,5,1,True,Fiber optic,False,False,False,False,False,False,Month-to-month,0,Electronic check,75.5999984741211,402.5,0
Female,0,1,1,3,1,False,Fiber optic,False,False,False,False,False,False,Month-to-month,1,Electronic check,69.55000305175781,200.1999969482422,0
Female,0,0,0,55,1,No,DSL,Yes,No,No,No,No,No,Month-to-month,1,Credit card (automatic),50.55,2832.75,0
Male,1,1,0,72,1,True,DSL,True,True,True,False,True,True,Two year,0,Credit card (automatic),84.44999694824219,5899.85009765625,0
Male,0,0,0,27,1,No,DSL,Yes,No,No,No,No,No,Month-to-month,0,Mailed check,50.35,1411.35,0
Male,0,1,0,72,1,True,DSL,False,True,True,True,True,True,Two year,0,Bank transfer (automatic),85.94999694824219,6151.89990234375,0
Female,0,0,0,1,1,False,Fiber optic,False,False,False,False,False,True,Month-to-month,1,Electronic check,81.94999694824219,81.94999694824219,1
Male,0,1,1,70,1,False,No,No internet service,No internet service,No internet service,No internet service,No internet service,No internet service,Two year,0,Credit card (automatic),20.049999237060547,1360.25,0
Female,0,1,1,4,1,Yes,Fiber optic,No,Yes,No,No,Yes,Yes,Month-to-month,1,Electronic check,97.95,384.5,1
Male,1,1,0,69,1,Yes,Fiber optic,Yes,No,Yes,Yes,Yes,Yes,One year,1,Mailed check,110.55,7610.1,0
Female,0,1,1,23,1,False,Fiber optic,False,False,True,False,False,False,Month-to-month,1,Credit card (automatic),75.30000305175781,1702.9000244140625,0
Male,0,0,0,2,1,False,Fiber optic,False,False,False,False,False,False,Month-to-month,0,Mailed check,70.69999694824219,129.1999969482422,0
Female,0,1,0,71,1,Yes,Fiber optic,No,Yes,Yes,Yes,Yes,Yes,Two year,0,Electronic check,109.25,7707.7,0
Male,1,1,0,54,1,Yes,Fiber optic,No,No,No,No,No,No,Month-to-month,0,Bank transfer (automatic),74.0,3919.15,0
Male,0,1,0,9,1,No,Fiber optic,No,Yes,Yes,Yes,Yes,No,Month-to-month,1,Mailed check,94.85,890.6,1
Male,0,1,0,70,1,False,DSL,True,True,True,True,False,False,Two year,0,Credit card (automatic),64.94999694824219,4523.25,0
Male,0,1,0,72,1,False,DSL,True,True,False,True,True,True,Two year,1,Bank transfer (automatic),79.3499984741211,5753.25,0
Female,0,0,0,17,1,No,No,No internet service,No internet service,No internet service,No internet service,No internet service,No internet service,One year,0,Mailed check,19.55,280.85,0
Male,0,0,0,35,1,No,Fiber optic,Yes,No,No,Yes,No,Yes,One year,1,Electronic check,89.2,3251.3,0
Female,0,0,0,8,1,Yes,DSL,Yes,Yes,Yes,No,No,No,Month-to-month,1,Bank transfer (automatic),65.5,573.15,0
Female,0,0,0,1,1,True,Fiber optic,False,False,False,False,True,True,Month-to-month,0,Mailed check,95.6500015258789,95.6500015258789,1
Female,0,0,1,13,0,No,DSL,False,True,False,False,False,False,Month-to-month,0,Electronic check,30.149999618530277,382.2000122070313,0
Female,0,0,0,15,1,True,DSL,True,False,False,False,False,True,Month-to-month,1,Bank transfer (automatic),64.6500015258789,994.5499877929688,1
Male,0,0,0,26,0,No phone service,DSL,Yes,No,No,Yes,Yes,Yes,One year,0,Credit card (automatic),54.55,1362.85,0
Male,0,0,0,52,1,False,No,No internet service,No internet service,No internet service,No internet service,No internet service,No internet service,Two year,0,Bank transfer (automatic),21.0,1107.199951171875,0
Male,0,0,1,57,1,Yes,DSL,Yes,Yes,Yes,Yes,Yes,Yes,Two year,0,Mailed check,89.55,5012.35,0
Male,0,1,1,53,1,Yes,DSL,Yes,Yes,No,Yes,No,No,One year,0,Bank transfer (automatic),64.15,3491.55,0
Male,1,1,0,69,0,No phone service,DSL,Yes,Yes,No,No,Yes,Yes,Two year,0,Credit card (automatic),56.55,3952.65,0
Male,0,0,0,2,1,No,DSL,No,No,No,No,No,No,Month-to-month,0,Bank transfer (automatic),46.05,80.35,1
Female,1,1,1,11,1,Yes,Fiber optic,No,No,Yes,No,No,No,Month-to-month,1,Credit card (automatic),78.1,864.85,0
Male,1,0,0,1,1,True,Fiber optic,False,False,False,False,True,True,Month-to-month,1,Electronic check,93.5500030517578,93.5500030517578,1
Female,0,1,1,13,1,False,DSL,True,False,True,False,False,True,Month-to-month,1,Mailed check,63.150001525878906,816.7999877929688,0
Male,0,1,0,45,1,Yes,Fiber optic,No,Yes,Yes,No,Yes,Yes,Month-to-month,1,Bank transfer (automatic),107.75,4882.8,0
Male,0,0,0,35,1,Yes,Fiber optic,Yes,No,Yes,Yes,Yes,Yes,Two year,1,Electronic check,108.95,4025.5,0
Female,1,1,0,51,1,Yes,Fiber optic,Yes,No,No,No,No,No,Month-to-month,1,Electronic check,77.5,3807.35,1
Male,0,0,0,26,1,False,No,No internet service,No internet service,No internet service,No internet service,No internet service,No internet service,Month-to-month,0,Mailed check,20.899999618530277,518.2999877929688,0
Female,1,0,0,17,1,True,Fiber optic,False,False,True,False,False,False,Month-to-month,1,Credit card (automatic),82.6500015258789,1470.050048828125,0
Female,0,0,0,25,1,No,Fiber optic,No,Yes,Yes,No,Yes,Yes,Month-to-month,1,Electronic check,99.5,2369.05,1
Male,0,1,1,34,1,True,Fiber optic,False,True,False,False,True,True,Month-to-month,1,Bank transfer (automatic),97.6999969482422,3410.0,0
Female,0,0,0,39,0,No phone service,DSL,Yes,Yes,No,Yes,No,No,One year,0,Bank transfer (automatic),41.15,1700.9,0
Female,0,0,0,2,1,No,No,No internet service,No internet service,No internet service,No internet service,No internet service,No internet service,Month-to-month,0,Credit card (automatic),20.35,35.1,0
Male,0,0,0,1,1,False,DSL,False,False,False,False,False,False,Month-to-month,0,Credit card (automatic),46.20000076293945,46.20000076293945,1
Female,0,1,1,41,1,No,DSL,Yes,Yes,No,Yes,Yes,Yes,Two year,0,Electronic check,78.45,3126.45,0
Female,0,1,1,38,1,No,No,No internet service,No internet service,No internet service,No internet service,No internet service,No internet service,One year,0,Credit card (automatic),19.6,763.1,0
Female,0,1,1,72,0,No phone service,DSL,Yes,Yes,Yes,Yes,No,Yes,Two year,0,Credit card (automatic),55.65,3880.05,0
Female,0,1,1,55,1,Yes,DSL,Yes,No,Yes,Yes,Yes,Yes,Two year,1,Bank transfer (automatic),85.1,4657.95,0
Female,0,0,0,24,1,Yes,No,No internet service,No internet service,No internet service,No internet service,No internet service,No internet service,Two year,0,Credit card (automatic),25.15,553.0,0
Female,0,0,0,22,1,True,Fiber optic,False,False,False,False,True,False,Month-to-month,1,Bank transfer (automatic),84.1500015258789,1821.949951171875,0
Female,0,0,0,67,1,False,DSL,True,False,True,True,False,True,One year,1,Bank transfer (automatic),72.3499984741211,4991.5,0
Male,0,0,0,2,1,No,No,No internet service,No internet service,No internet service,No internet service,No internet service,No internet service,Month-to-month,0,Mailed check,19.75,39.3,0
Male,0,1,0,15,1,No,No,No internet service,No internet service,No internet service,No internet service,No internet service,No internet service,One year,0,Mailed check,18.8,294.95,0
Female,0,1,1,19,1,Yes,Fiber optic,No,No,No,Yes,No,Yes,One year,1,Bank transfer (automatic),89.35,1686.85,0
Female,0,0,0,41,1,False,No,No internet service,No internet service,No internet service,No internet service,No internet service,No internet service,Two year,0,Mailed check,20.649999618530277,835.1500244140625,0
Female,0,0,0,15,1,No,Fiber optic,No,No,Yes,No,Yes,Yes,Month-to-month,1,Credit card (automatic),94.0,1505.45,0
Male,0,0,0,22,1,True,Fiber optic,False,False,False,False,True,True,Month-to-month,1,Electronic check,95.0999984741211,2162.60009765625,0
Female,0,1,0,7,1,Yes,Fiber optic,No,No,No,No,Yes,No,Month-to-month,1,Electronic check,86.5,582.5,1
Female,0,0,0,1,1,False,No,No internet service,No internet service,No internet service,No internet service,No internet service,No internet service,Month-to-month,0,Mailed check,19.5,19.5,1
Female,0,1,1,72,1,True,DSL,True,True,True,True,True,True,Two year,0,Credit card (automatic),89.80000305175781,6510.4501953125,0
Female,1,1,0,71,1,No,Fiber optic,No,Yes,Yes,No,No,Yes,Two year,0,Credit card (automatic),89.45,6435.25,0
Female,1,1,0,25,1,True,DSL,True,False,False,True,True,False,Month-to-month,1,Credit card (automatic),69.5,1752.6500244140625,0
Female,0,1,0,17,0,No,DSL,False,True,True,False,False,False,Month-to-month,1,Credit card (automatic),35.650001525878906,646.0499877929688,0
Female,0,0,0,29,1,True,Fiber optic,False,False,True,False,True,True,Month-to-month,0,Bank transfer (automatic),100.5500030517578,2878.75,0
Female,0,1,0,57,1,True,Fiber optic,False,False,True,False,True,True,One year,1,Credit card (automatic),100.75,5985.0,0
Male,0,0,0,46,1,True,Fiber optic,False,True,True,True,True,True,Two year,0,Electronic check,108.6500015258789,4903.2001953125,0
Male,0,1,1,11,1,False,Fiber optic,False,False,False,False,True,False,Month-to-month,1,Bank transfer (automatic),79.5,868.5,1
Male,0,1,1,45,1,True,No,No internet service,No internet service,No internet service,No internet service,No internet service,No internet service,Two year,0,Mailed check,24.450000762939453,1088.25,0
Female,1,1,0,37,1,No,No,No internet service,No internet service,No internet service,No internet service,No internet service,No internet service,One year,0,Mailed check,19.6,727.8,0
Male,0,1,1,36,1,False,No,No internet service,No internet service,No internet service,No internet service,No internet service,No internet service,Two year,0,Credit card (automatic),19.450000762939453,754.5,0
Female,0,0,0,47,1,True,Fiber optic,True,False,True,False,True,False,One year,0,Credit card (automatic),94.9000015258789,4615.25,0
Male,0,1,1,7,1,False,No,No internet service,No internet service,No internet service,No internet service,No internet service,No internet service,One year,0,Mailed check,20.649999618530277,150.0,0
Male,0,0,0,4,0,No,DSL,False,False,False,False,True,True,Month-to-month,1,Electronic check,44.54999923706055,174.3000030517578,1
Male,0,0,0,69,0,No,DSL,True,True,False,True,True,True,Two year,1,Bank transfer (automatic),60.04999923706055,4176.7001953125,0
Female,1,1,0,5,1,False,Fiber optic,False,False,False,False,False,False,Month-to-month,1,Electronic check,69.3499984741211,341.6000061035156,0
Female,1,0,0,64,1,True,Fiber optic,True,False,True,True,True,True,Month-to-month,1,Bank transfer (automatic),108.9499969482422,7111.2998046875,0
Male,1,0,0,1,1,False,DSL,False,False,False,False,False,False,Month-to-month,0,Electronic check,45.09999847412109,45.09999847412109,1
Male,0,1,0,1,1,False,Fiber optic,False,False,False,True,True,False,Month-to-month,1,Electronic check,84.80000305175781,84.80000305175781,1
Male,0,1,0,53,1,False,Fiber optic,False,True,False,False,True,True,One year,1,Bank transfer (automatic),94.25,4867.9501953125,1
Female,0,0,0,27,1,No,DSL,Yes,Yes,No,No,No,No,Two year,0,Bank transfer (automatic),52.85,1498.65,0
Female,0,1,0,42,0,No,DSL,False,True,False,True,False,False,One year,0,Mailed check,33.54999923706055,1445.300048828125,1
Male,0,1,1,71,1,False,Fiber optic,True,True,True,False,True,True,One year,1,Bank transfer (automatic),104.6500015258789,7288.39990234375,0
Female,0,0,0,1,1,False,No,No internet service,No internet service,No internet service,No internet service,No internet service,No internet service,Month-to-month,0,Electronic check,19.299999237060547,19.299999237060547,1
Male,0,0,0,6,1,No,DSL,No,No,Yes,No,Yes,No,Month-to-month,0,Mailed check,60.9,414.1,0
Male,0,0,1,3,1,True,No,No internet service,No internet service,No internet service,No internet service,No internet service,No internet service,Two year,1,Mailed check,26.399999618530277,121.25,0
Male,0,0,1,13,1,False,Fiber optic,False,False,False,False,True,False,Month-to-month,1,Credit card (automatic),78.30000305175781,1033.949951171875,0
Female,1,0,0,26,1,No,Fiber optic,No,No,No,No,No,Yes,Month-to-month,1,Electronic check,78.8,2006.1,0
Male,1,0,0,25,1,True,Fiber optic,False,True,True,False,True,True,Month-to-month,0,Mailed check,105.9499969482422,2655.25,1
Female,0,1,1,13,1,True,No,No internet service,No internet service,No internet service,No internet service,No internet service,No internet service,Two year,1,Bank transfer (automatic),25.0,332.5,0
Male,1,0,0,10,1,True,Fiber optic,False,False,False,False,True,True,Month-to-month,1,Electronic check,95.3499984741211,898.3499755859375,1
Male,1,1,0,67,1,Yes,Fiber optic,Yes,Yes,No,No,No,No,Month-to-month,0,Bank transfer (automatic),83.85,5588.8,0
Female,0,1,1,61,1,True,No,No internet service,No internet service,No internet service,No internet service,No internet service,No internet service,Two year,1,Mailed check,24.100000381469727,1551.5999755859375,0
Female,0,0,0,6,1,No,DSL,No,No,No,Yes,No,No,Month-to-month,1,Bank transfer (automatic),49.65,267.35,1
Male,0,1,1,60,1,False,No,No internet service,No internet service,No internet service,No internet service,No internet service,No internet service,Two year,0,Mailed check,20.549999237060547,1205.050048828125,0
Male,0,0,1,0,1,False,No,No internet service,No internet service,No internet service,No internet service,No internet service,No internet service,Two year,0,Mailed check,20.25,0.0,0
Male,0,0,0,54,1,Yes,Fiber optic,No,Yes,No,No,No,No,Month-to-month,1,Bank transfer (automatic),79.85,4308.25,0
Male,0,1,0,18,1,True,Fiber optic,False,False,False,False,False,False,Month-to-month,1,Electronic check,73.1500015258789,1305.949951171875,0
Male,0,0,0,47,1,True,Fiber optic,True,True,False,True,True,False,Month-to-month,0,Mailed check,100.75,4669.2001953125,0
Male,0,0,0,71,0,No,DSL,True,True,True,True,True,False,Two year,0,Bank transfer (automatic),53.95000076293945,3888.64990234375,0
Male,0,1,1,58,1,Yes,DSL,Yes,Yes,Yes,Yes,No,No,Two year,0,Credit card (automatic),71.6,4230.25,0
Female,0,1,1,72,0,No phone service,DSL,No,Yes,No,Yes,Yes,Yes,Two year,0,Credit card (automatic),53.65,3784.0,0
Male,0,0,1,31,1,Yes,DSL,No,Yes,No,Yes,Yes,Yes,One year,1,Mailed check,79.45,2587.7,1
Female,0,0,0,26,0,No,DSL,False,False,True,False,True,True,Month-to-month,1,Credit card (automatic),50.34999847412109,1277.5,0
Male,0,1,1,62,1,False,DSL,True,True,True,True,True,True,Two year,0,Electronic check,86.0999984741211,5215.25,0
Female,0,0,0,1,1,False,DSL,False,False,False,True,False,False,Month-to-month,1,Electronic check,49.900001525878906,49.900001525878906,0
Male,0,0,1,1,1,False,Fiber optic,False,False,False,False,False,False,Month-to-month,1,Electronic check,71.6500015258789,71.6500015258789,1
Female,0,0,0,1,1,No,DSL,Yes,No,No,No,No,No,Month-to-month,1,Credit card (automatic),48.6,48.6,1
Female,0,1,1,1,1,No,No,No internet service,No internet service,No internet service,No internet service,No internet service,No internet service,Month-to-month,0,Mailed check,20.55,20.55,1
