name,accuracy,precision,recall,f1,roc_auc,cv_auc_mean,cv_auc_std,error
Logistic Regression,0.7581764122893955,0.5282555282555282,0.8052434456928839,0.6379821958456974,0.8489152710055826,0.8455144318867109,0.014933765344432404,
Decision Tree,0.7304261645193261,0.49326145552560646,0.6853932584269663,0.5736677115987461,0.7540860312749225,0.7479319257920247,0.027850545612601668,
Random Forest,0.7839444995044599,0.5859649122807018,0.6254681647940075,0.605072463768116,0.8329900966110422,0.8313417343628045,0.01824136024447741,
XGBoost,0.759167492566898,0.5377358490566038,0.6404494382022472,0.5846153846153846,0.8103768537306804,0.8143861240457447,0.017529168699207898,
LightGBM,0.77998017839445,0.5800711743772242,0.6104868913857678,0.5948905109489051,0.827074310750376,0.8302701619876863,0.015459996119173609,
Voting Ensemble,,,,,,,,Specifying the columns using strings is only supported for dataframes.
